{
"type": "FeatureCollection",
"name": "atlantic",
"features": [
{ "type": "Feature", "properties": { "hub_id": "atlantic", "name": "Atlantic" }, "geometry": { "type": "Polygon", "coordinates": [ [ [ -57.516868, 61.155848 ], [ -57.533073, 61.172569 ], [ -57.533073, 61.172646 ], [ -64.431966, 60.37773 ], [ -64.431968, 60.377808 ], [ -64.431968, 60.377843 ], [ -64.444589, 60.376734 ], [ -64.453774, 60.375925 ], [ -64.462958, 60.375116 ], [ -64.472142, 60.374307 ], [ -64.481325, 60.373496 ], [ -64.490508, 60.372685 ], [ -64.491408, 60.372606 ], [ -64.496086, 60.369143 ], [ -64.5, 60.366246 ], [ -64.501272, 60.365304 ], [ -64.506457, 60.361465 ], [ -64.51164, 60.357626 ], [ -64.516822, 60.353786 ], [ -64.522003, 60.349946 ], [ -64.527182, 60.346107 ], [ -64.53236, 60.342267 ], [ -64.533985, 60.341062 ], [ -64.534475, 60.337901 ], [ -64.535032, 60.334308 ], [ -64.534213, 60.333378 ], [ -64.530484, 60.329146 ], [ -64.526757, 60.324913 ], [ -64.52303, 60.32068 ], [ -64.519305, 60.316448 ], [ -64.518018, 60.314985 ], [ -64.517237, 60.311987 ], [ -64.516162, 60.307863 ], [ -64.522844, 60.301019 ], [ -64.522844, 60.30102 ], [ -64.570629, 60.306113 ], [ -64.633855, 60.300375 ], [ -64.709998, 60.296503 ], [ -64.832755, 60.271374 ], [ -64.850723, 60.26387 ], [ -64.859783, 60.254093 ], [ -64.863774, 60.240098 ], [ -64.855144, 60.230044 ], [ -64.789939, 60.202164 ], [ -64.740355, 60.175174 ], [ -64.722954, 60.171288 ], [ -64.675597, 60.174077 ], [ -64.618968, 60.165669 ], [ -64.607601, 60.160315 ], [ -64.60119, 60.153593 ], [ -64.597447, 60.145911 ], [ -64.596348, 60.133576 ], [ -64.602065, 60.120086 ], [ -64.610458, 60.114653 ], [ -64.620033, 60.111692 ], [ -64.634753, 60.109719 ], [ -64.730679, 60.107815 ], [ -64.745275, 60.105158 ], [ -64.745339, 60.101712 ], [ -64.725907, 60.089294 ], [ -64.718468, 60.079321 ], [ -64.720131, 60.072445 ], [ -64.726085, 60.067066 ], [ -64.74552, 60.059965 ], [ -64.770366, 60.056737 ], [ -64.814699, 60.054325 ], [ -64.841521, 60.055996 ], [ -64.889679, 60.061887 ], [ -64.901214, 60.061622 ], [ -64.90734, 60.058953 ], [ -64.906387, 60.054144 ], [ -64.885937, 60.031777 ], [ -64.859899, 59.995795 ], [ -64.841006, 59.979956 ], [ -64.833407, 59.976857 ], [ -64.820655, 59.974482 ], [ -64.783434, 59.974341 ], [ -64.764659, 59.972118 ], [ -64.752986, 59.968495 ], [ -64.729655, 59.95756 ], [ -64.689455, 59.953405 ], [ -64.677183, 59.95054 ], [ -64.668011, 59.946118 ], [ -64.656513, 59.935945 ], [ -64.64062, 59.929174 ], [ -64.637428, 59.923086 ], [ -64.641783, 59.913055 ], [ -64.64832, 59.906067 ], [ -64.66633, 59.892974 ], [ -64.677231, 59.887825 ], [ -64.689893, 59.884833 ], [ -64.732563, 59.883595 ], [ -64.748216, 59.879104 ], [ -64.753318, 59.87405 ], [ -64.753463, 59.862676 ], [ -64.75605, 59.858786 ], [ -64.785163, 59.845825 ], [ -64.808685, 59.830604 ], [ -64.810521, 59.824878 ], [ -64.802087, 59.805603 ], [ -64.806615, 59.783796 ], [ -64.79745, 59.759084 ], [ -64.795065, 59.735793 ], [ -64.789395, 59.728826 ], [ -64.769709, 59.718722 ], [ -64.765978, 59.714441 ], [ -64.766153, 59.710355 ], [ -64.77534, 59.700951 ], [ -64.792013, 59.691718 ], [ -64.819944, 59.680555 ], [ -64.865328, 59.666648 ], [ -64.882192, 59.657719 ], [ -64.88862, 59.650247 ], [ -64.891618, 59.637749 ], [ -64.877265, 59.601324 ], [ -64.877873, 59.595581 ], [ -64.884377, 59.591689 ], [ -64.91811, 59.585774 ], [ -64.924847, 59.58149 ], [ -64.92743, 59.576043 ], [ -64.924818, 59.570759 ], [ -64.916279, 59.56646 ], [ -64.877688, 59.554648 ], [ -64.836713, 59.545721 ], [ -64.812735, 59.535483 ], [ -64.772785, 59.511766 ], [ -64.750419, 59.488658 ], [ -64.725674, 59.46954 ], [ -64.708134, 59.461122 ], [ -64.682708, 59.454625 ], [ -64.670128, 59.454837 ], [ -64.657911, 59.457632 ], [ -64.623112, 59.47243 ], [ -64.592747, 59.473655 ], [ -64.581698, 59.47608 ], [ -64.52123, 59.502405 ], [ -64.492665, 59.5187 ], [ -64.439506, 59.533263 ], [ -64.426388, 59.533822 ], [ -64.397525, 59.52872 ], [ -64.352616, 59.517685 ], [ -64.337483, 59.511044 ], [ -64.335293, 59.506449 ], [ -64.338774, 59.502162 ], [ -64.385074, 59.480889 ], [ -64.454216, 59.456386 ], [ -64.474303, 59.445281 ], [ -64.490625, 59.432593 ], [ -64.493516, 59.426207 ], [ -64.483551, 59.416446 ], [ -64.483249, 59.412338 ], [ -64.513932, 59.397421 ], [ -64.520669, 59.391084 ], [ -64.52574, 59.380131 ], [ -64.524895, 59.368981 ], [ -64.510871, 59.351934 ], [ -64.508927, 59.345117 ], [ -64.512035, 59.338143 ], [ -64.531214, 59.316094 ], [ -64.532647, 59.306138 ], [ -64.526915, 59.294149 ], [ -64.505448, 59.266425 ], [ -64.501985, 59.257919 ], [ -64.512643, 59.224779 ], [ -64.513992, 59.212249 ], [ -64.510046, 59.201055 ], [ -64.490885, 59.185147 ], [ -64.48379, 59.174083 ], [ -64.488863, 59.135011 ], [ -64.488208, 59.114834 ], [ -64.485629, 59.108497 ], [ -64.472889, 59.102365 ], [ -64.416601, 59.091775 ], [ -64.380474, 59.086735 ], [ -64.369097, 59.082602 ], [ -64.350089, 59.07207 ], [ -64.318946, 59.061007 ], [ -64.303367, 59.051691 ], [ -64.286464, 59.036501 ], [ -64.2765, 59.022879 ], [ -64.276011, 59.014998 ], [ -64.282464, 59.00957 ], [ -64.300416, 59.004592 ], [ -64.376043, 59.002201 ], [ -64.443061, 58.990496 ], [ -64.460375, 58.989397 ], [ -64.470587, 58.992524 ], [ -64.485323, 59.00454 ], [ -64.49853, 59.010451 ], [ -64.508464, 59.011374 ], [ -64.526024, 59.010431 ], [ -64.535504, 59.01167 ], [ -64.587335, 59.029234 ], [ -64.660248, 59.044765 ], [ -64.670463, 59.049652 ], [ -64.688349, 59.065667 ], [ -64.697774, 59.070548 ], [ -64.710596, 59.073277 ], [ -64.725441, 59.074276 ], [ -64.764602, 59.072015 ], [ -64.785875, 59.067298 ], [ -64.809591, 59.055578 ], [ -64.823632, 59.044922 ], [ -64.842056, 59.023374 ], [ -64.856906, 59.011249 ], [ -64.861546, 58.998049 ], [ -64.848014, 58.973398 ], [ -64.847589, 58.96308 ], [ -64.851931, 58.957456 ], [ -64.871358, 58.947291 ], [ -64.873427, 58.942199 ], [ -64.828298, 58.924939 ], [ -64.80907, 58.922089 ], [ -64.79466, 58.922884 ], [ -64.773693, 58.927154 ], [ -64.740574, 58.941956 ], [ -64.726505, 58.94553 ], [ -64.701599, 58.946798 ], [ -64.673369, 58.944506 ], [ -64.658588, 58.941126 ], [ -64.645541, 58.93609 ], [ -64.603539, 58.910127 ], [ -64.556015, 58.895044 ], [ -64.5353, 58.891182 ], [ -64.511037, 58.892016 ], [ -64.474755, 58.899892 ], [ -64.454691, 58.902423 ], [ -64.440912, 58.902007 ], [ -64.413269, 58.897408 ], [ -64.385293, 58.899893 ], [ -64.352481, 58.898768 ], [ -64.32923, 58.899844 ], [ -64.306204, 58.897075 ], [ -64.294154, 58.89318 ], [ -64.256423, 58.872725 ], [ -64.238054, 58.858745 ], [ -64.23108, 58.841738 ], [ -64.232149, 58.80552 ], [ -64.224109, 58.791133 ], [ -64.209979, 58.784401 ], [ -64.182678, 58.778568 ], [ -64.151561, 58.758544 ], [ -64.134263, 58.753037 ], [ -64.11284, 58.75391 ], [ -64.087786, 58.76155 ], [ -64.075973, 58.769484 ], [ -64.037049, 58.80502 ], [ -64.022463, 58.812402 ], [ -63.963344, 58.827181 ], [ -63.915253, 58.833127 ], [ -63.866934, 58.836697 ], [ -63.854771, 58.838957 ], [ -63.815004, 58.85221 ], [ -63.780134, 58.873616 ], [ -63.770448, 58.877644 ], [ -63.755949, 58.880099 ], [ -63.720753, 58.881477 ], [ -63.707731, 58.881052 ], [ -63.695412, 58.878405 ], [ -63.664692, 58.862763 ], [ -63.652347, 58.858271 ], [ -63.634849, 58.854933 ], [ -63.597539, 58.852006 ], [ -63.580786, 58.847535 ], [ -63.568453, 58.842308 ], [ -63.553264, 58.832565 ], [ -63.518616, 58.802085 ], [ -63.489407, 58.771062 ], [ -63.484176, 58.76212 ], [ -63.487897, 58.75669 ], [ -63.49905, 58.749568 ], [ -63.526428, 58.739176 ], [ -63.561731, 58.731209 ], [ -63.630406, 58.720619 ], [ -63.664159, 58.719281 ], [ -63.719195, 58.712106 ], [ -63.754649, 58.71208 ], [ -63.788966, 58.70876 ], [ -63.823646, 58.707589 ], [ -63.856149, 58.703382 ], [ -63.906402, 58.704264 ], [ -63.959219, 58.692118 ], [ -63.985019, 58.692092 ], [ -64.030682, 58.697229 ], [ -64.041756, 58.695737 ], [ -64.051936, 58.690922 ], [ -64.067666, 58.676916 ], [ -64.099983, 58.640935 ], [ -64.108568, 58.624141 ], [ -64.110838, 58.607061 ], [ -64.105378, 58.576848 ], [ -64.100208, 58.565273 ], [ -64.093196, 58.557857 ], [ -64.063156, 58.537835 ], [ -64.040285, 58.53066 ], [ -64.020346, 58.528822 ], [ -63.990993, 58.531607 ], [ -63.970522, 58.536972 ], [ -63.934546, 58.559246 ], [ -63.915867, 58.566307 ], [ -63.89528, 58.56862 ], [ -63.876168, 58.565182 ], [ -63.866637, 58.560285 ], [ -63.857761, 58.550143 ], [ -63.85288, 58.538259 ], [ -63.849377, 58.51367 ], [ -63.843876, 58.506621 ], [ -63.824077, 58.491578 ], [ -63.821323, 58.484955 ], [ -63.823673, 58.477954 ], [ -63.850389, 58.451126 ], [ -63.861941, 58.443815 ], [ -63.873196, 58.439386 ], [ -63.885676, 58.437371 ], [ -63.924946, 58.440311 ], [ -63.961611, 58.439676 ], [ -63.979653, 58.437647 ], [ -63.990194, 58.433595 ], [ -64.011327, 58.418043 ], [ -64.019439, 58.406008 ], [ -64.031043, 58.377486 ], [ -64.042585, 58.369558 ], [ -64.060804, 58.366853 ], [ -64.097371, 58.370156 ], [ -64.135658, 58.367887 ], [ -64.153101, 58.365197 ], [ -64.164585, 58.359789 ], [ -64.178813, 58.341846 ], [ -64.187133, 58.321991 ], [ -64.207603, 58.285527 ], [ -64.220386, 58.254603 ], [ -64.235693, 58.240037 ], [ -64.252501, 58.230342 ], [ -64.27193, 58.224069 ], [ -64.337438, 58.213863 ], [ -64.368529, 58.206652 ], [ -64.400463, 58.193066 ], [ -64.415095, 58.183311 ], [ -64.422298, 58.173421 ], [ -64.428169, 58.158382 ], [ -64.433877, 58.108215 ], [ -64.42788, 58.079065 ], [ -64.422562, 58.072814 ], [ -64.413319, 58.068622 ], [ -64.347877, 58.064192 ], [ -64.29491, 58.05164 ], [ -64.266017, 58.051842 ], [ -64.235168, 58.037075 ], [ -64.232249, 58.031674 ], [ -64.231117, 58.013566 ], [ -64.223032, 57.992543 ], [ -64.192555, 57.939503 ], [ -64.169913, 57.919793 ], [ -64.161727, 57.909295 ], [ -64.145164, 57.87001 ], [ -64.119007, 57.82093 ], [ -64.101551, 57.800057 ], [ -64.084099, 57.784822 ], [ -64.069858, 57.775447 ], [ -64.05312, 57.770634 ], [ -64.037548, 57.771724 ], [ -64.030535, 57.778923 ], [ -64.026909, 57.792692 ], [ -64.022683, 57.798817 ], [ -64.01572, 57.802888 ], [ -64.001608, 57.805589 ], [ -63.984368, 57.804765 ], [ -63.940674, 57.796249 ], [ -63.91777, 57.793788 ], [ -63.912511, 57.790968 ], [ -63.908687, 57.785082 ], [ -63.901851, 57.750313 ], [ -63.897232, 57.738843 ], [ -63.888823, 57.727091 ], [ -63.881115, 57.720663 ], [ -63.871073, 57.716209 ], [ -63.841475, 57.709764 ], [ -63.8372, 57.707836 ], [ -63.817629, 57.700746 ], [ -63.794653, 57.692507 ], [ -63.748564, 57.67931 ], [ -63.731249, 57.681029 ], [ -63.700512, 57.680565 ], [ -63.68108, 57.687257 ], [ -63.679773, 57.689619 ], [ -63.666285, 57.704496 ], [ -63.656683, 57.722276 ], [ -63.648978, 57.728069 ], [ -63.628651, 57.734377 ], [ -63.613263, 57.736079 ], [ -63.606169, 57.734489 ], [ -63.60195, 57.731462 ], [ -63.597501, 57.721324 ], [ -63.600647, 57.671521 ], [ -63.60807, 57.65918 ], [ -63.619754, 57.647638 ], [ -63.657346, 57.622426 ], [ -63.681765, 57.612044 ], [ -63.706552, 57.607397 ], [ -63.716944, 57.603809 ], [ -63.742443, 57.589879 ], [ -63.761292, 57.585712 ], [ -63.766699, 57.578792 ], [ -63.766119, 57.567841 ], [ -63.757119, 57.533608 ], [ -63.759254, 57.521248 ], [ -63.769881, 57.497748 ], [ -63.768722, 57.475802 ], [ -63.760509, 57.454814 ], [ -63.752555, 57.442715 ], [ -63.741261, 57.435426 ], [ -63.722027, 57.429239 ], [ -63.716834, 57.42396 ], [ -63.710638, 57.384607 ], [ -63.71171, 57.374232 ], [ -63.717669, 57.368061 ], [ -63.728057, 57.363283 ], [ -63.769394, 57.353427 ], [ -63.804578, 57.340432 ], [ -63.835225, 57.33448 ], [ -63.848699, 57.329546 ], [ -63.859064, 57.321217 ], [ -63.86474, 57.313414 ], [ -63.878098, 57.282732 ], [ -63.878209, 57.281493 ], [ -63.886753, 57.270828 ], [ -63.894524, 57.234713 ], [ -63.893515, 57.204407 ], [ -63.876757, 57.199565 ], [ -63.850115, 57.198532 ], [ -63.82762, 57.212041 ], [ -63.818033, 57.234294 ], [ -63.799218, 57.255936 ], [ -63.784502, 57.256587 ], [ -63.762796, 57.250451 ], [ -63.748864, 57.24023 ], [ -63.744307, 57.227298 ], [ -63.748875, 57.214914 ], [ -63.765486, 57.194603 ], [ -63.773373, 57.179174 ], [ -63.775087, 57.163901 ], [ -63.773017, 57.141967 ], [ -63.77529, 57.133431 ], [ -63.782905, 57.120887 ], [ -63.799901, 57.10087 ], [ -63.810673, 57.090278 ], [ -63.819398, 57.085025 ], [ -63.83062, 57.082345 ], [ -63.875504, 57.080923 ], [ -63.884129, 57.077093 ], [ -63.890845, 57.067336 ], [ -63.893326, 57.055303 ], [ -63.889669, 57.029622 ], [ -63.874541, 56.997615 ], [ -63.881837, 56.989016 ], [ -63.900389, 56.978611 ], [ -63.908105, 56.970237 ], [ -63.913013, 56.949608 ], [ -63.912801, 56.91789 ], [ -63.906872, 56.907131 ], [ -63.881679, 56.898563 ], [ -63.872336, 56.893101 ], [ -63.868106, 56.887346 ], [ -63.867019, 56.879343 ], [ -63.869818, 56.876714 ], [ -63.875825, 56.875377 ], [ -63.908431, 56.872871 ], [ -63.963487, 56.865054 ], [ -63.984827, 56.860435 ], [ -63.996171, 56.856227 ], [ -64.003767, 56.850132 ], [ -64.007677, 56.842606 ], [ -64.00944, 56.799119 ], [ -64.015583, 56.787594 ], [ -64.029071, 56.778724 ], [ -64.059667, 56.7681 ], [ -64.07397, 56.760896 ], [ -64.086125, 56.749386 ], [ -64.11686, 56.727078 ], [ -64.127364, 56.715596 ], [ -64.133875, 56.704066 ], [ -64.133453, 56.69655 ], [ -64.1293, 56.689055 ], [ -64.108764, 56.671623 ], [ -64.085117, 56.660018 ], [ -64.050887, 56.653465 ], [ -64.040641, 56.648752 ], [ -64.038387, 56.639329 ], [ -64.042598, 56.616776 ], [ -64.039401, 56.609199 ], [ -63.96596, 56.555887 ], [ -63.948715, 56.541408 ], [ -63.940377, 56.529985 ], [ -63.937954, 56.49586 ], [ -63.930908, 56.480019 ], [ -63.924786, 56.473443 ], [ -63.916889, 56.468825 ], [ -63.89628, 56.463751 ], [ -63.888476, 56.460058 ], [ -63.88196, 56.451896 ], [ -63.881801, 56.446094 ], [ -63.890076, 56.439182 ], [ -63.963485, 56.415923 ], [ -63.984734, 56.4125 ], [ -64.009154, 56.413582 ], [ -64.142898, 56.433422 ], [ -64.156859, 56.431836 ], [ -64.162523, 56.425875 ], [ -64.152317, 56.415264 ], [ -64.122441, 56.395092 ], [ -64.117939, 56.386261 ], [ -64.115982, 56.371231 ], [ -64.107179, 56.351436 ], [ -64.10958, 56.332207 ], [ -64.131984, 56.310867 ], [ -64.132943, 56.305133 ], [ -64.088281, 56.268791 ], [ -64.079279, 56.26354 ], [ -64.062848, 56.261227 ], [ -64.022225, 56.263389 ], [ -63.973971, 56.262086 ], [ -63.941246, 56.264479 ], [ -63.929914, 56.263004 ], [ -63.91745, 56.256089 ], [ -63.901748, 56.234886 ], [ -63.880867, 56.221003 ], [ -63.877515, 56.21688 ], [ -63.877519, 56.213198 ], [ -63.881395, 56.208996 ], [ -63.896122, 56.201646 ], [ -63.923398, 56.192898 ], [ -63.990521, 56.175199 ], [ -64.008198, 56.167457 ], [ -64.017426, 56.160743 ], [ -64.022225, 56.155173 ], [ -64.023117, 56.148563 ], [ -64.015122, 56.13085 ], [ -64.011572, 56.111004 ], [ -64.014001, 56.103355 ], [ -64.025583, 56.085757 ], [ -64.026493, 56.079547 ], [ -64.022742, 56.075008 ], [ -64.009099, 56.073637 ], [ -63.984835, 56.080014 ], [ -63.941413, 56.097887 ], [ -63.910089, 56.118217 ], [ -63.893081, 56.126755 ], [ -63.87815, 56.131156 ], [ -63.864668, 56.131465 ], [ -63.856827, 56.128498 ], [ -63.853241, 56.122631 ], [ -63.855184, 56.117633 ], [ -63.870931, 56.100001 ], [ -63.870878, 56.095954 ], [ -63.865486, 56.094177 ], [ -63.843418, 56.092633 ], [ -63.8274, 56.084482 ], [ -63.823551, 56.077214 ], [ -63.825007, 56.054344 ], [ -63.820768, 56.050902 ], [ -63.811656, 56.0502 ], [ -63.799607, 56.051443 ], [ -63.737203, 56.064661 ], [ -63.719851, 56.065651 ], [ -63.697475, 56.059588 ], [ -63.680001, 56.04502 ], [ -63.665261, 56.036776 ], [ -63.653289, 56.032318 ], [ -63.636132, 56.028467 ], [ -63.575436, 56.028542 ], [ -63.520072, 56.035708 ], [ -63.498127, 56.036537 ], [ -63.472156, 56.033481 ], [ -63.463094, 56.030305 ], [ -63.459405, 56.026224 ], [ -63.463606, 56.018991 ], [ -63.474426, 56.01056 ], [ -63.477565, 55.998738 ], [ -63.481499, 55.995438 ], [ -63.489221, 55.994878 ], [ -63.531541, 56.002388 ], [ -63.550306, 56.002257 ], [ -63.566208, 55.99957 ], [ -63.593565, 55.989585 ], [ -63.629995, 55.972308 ], [ -63.657624, 55.967153 ], [ -63.672919, 55.962279 ], [ -63.729425, 55.93498 ], [ -63.799029, 55.926571 ], [ -63.830461, 55.918523 ], [ -63.838071, 55.914878 ], [ -63.841063, 55.911216 ], [ -63.837324, 55.886049 ], [ -63.82984, 55.876151 ], [ -63.814837, 55.867619 ], [ -63.779353, 55.853784 ], [ -63.763784, 55.843194 ], [ -63.759676, 55.830109 ], [ -63.77055, 55.810804 ], [ -63.768672, 55.802612 ], [ -63.762574, 55.79586 ], [ -63.754003, 55.790784 ], [ -63.741324, 55.787124 ], [ -63.721901, 55.785022 ], [ -63.685781, 55.785411 ], [ -63.679928, 55.783197 ], [ -63.677278, 55.779225 ], [ -63.678736, 55.767669 ], [ -63.682377, 55.761434 ], [ -63.69902, 55.749834 ], [ -63.710911, 55.738284 ], [ -63.710655, 55.731272 ], [ -63.715814, 55.72402 ], [ -63.719288, 55.70881 ], [ -63.719215, 55.683654 ], [ -63.745076, 55.667723 ], [ -63.752519, 55.658606 ], [ -63.749669, 55.655689 ], [ -63.741146, 55.654126 ], [ -63.708433, 55.65424 ], [ -63.680328, 55.651345 ], [ -63.668945, 55.64836 ], [ -63.659621, 55.642573 ], [ -63.660682, 55.638476 ], [ -63.675148, 55.627557 ], [ -63.677798, 55.620962 ], [ -63.672448, 55.598761 ], [ -63.673102, 55.580129 ], [ -63.668881, 55.560507 ], [ -63.670225, 55.548515 ], [ -63.674521, 55.540243 ], [ -63.696858, 55.513079 ], [ -63.727955, 55.496111 ], [ -63.771571, 55.477064 ], [ -63.778274, 55.469275 ], [ -63.775961, 55.464109 ], [ -63.765735, 55.456902 ], [ -63.728238, 55.43866 ], [ -63.708385, 55.43254 ], [ -63.686492, 55.428074 ], [ -63.656268, 55.425426 ], [ -63.619335, 55.426596 ], [ -63.579693, 55.424422 ], [ -63.483694, 55.423448 ], [ -63.461257, 55.418766 ], [ -63.432099, 55.408484 ], [ -63.421874, 55.406727 ], [ -63.396357, 55.407623 ], [ -63.356323, 55.412057 ], [ -63.344865, 55.41129 ], [ -63.33157, 55.407055 ], [ -63.326883, 55.398672 ], [ -63.3318, 55.372829 ], [ -63.337957, 55.367139 ], [ -63.351123, 55.361848 ], [ -63.431799, 55.348236 ], [ -63.509692, 55.34585 ], [ -63.532526, 55.343425 ], [ -63.543939, 55.339516 ], [ -63.554485, 55.336092 ], [ -63.561808, 55.328346 ], [ -63.565556, 55.322835 ], [ -63.5646, 55.319209 ], [ -63.559638, 55.315186 ], [ -63.55703, 55.310219 ], [ -63.562606, 55.302772 ], [ -63.566051, 55.302183 ], [ -63.600963, 55.297498 ], [ -63.627862, 55.290557 ], [ -63.65603, 55.276384 ], [ -63.664251, 55.268774 ], [ -63.663374, 55.263606 ], [ -63.657298, 55.258945 ], [ -63.648088, 55.255451 ], [ -63.623367, 55.250223 ], [ -63.617572, 55.247061 ], [ -63.612773, 55.239097 ], [ -63.603727, 55.236379 ], [ -63.571567, 55.236186 ], [ -63.544279, 55.23173 ], [ -63.531917, 55.231662 ], [ -63.512182, 55.234908 ], [ -63.454416, 55.251627 ], [ -63.423647, 55.254051 ], [ -63.415134, 55.252668 ], [ -63.411653, 55.248692 ], [ -63.421559, 55.228457 ], [ -63.431779, 55.218444 ], [ -63.445009, 55.210819 ], [ -63.464131, 55.204369 ], [ -63.526651, 55.193428 ], [ -63.546544, 55.186327 ], [ -63.549441, 55.179437 ], [ -63.542075, 55.171624 ], [ -63.605377, 55.073789 ], [ -63.599865, 55.064804 ], [ -63.580916, 55.051396 ], [ -63.572635, 55.039033 ], [ -63.572558, 55.033288 ], [ -63.586779, 55.019387 ], [ -63.589606, 55.011891 ], [ -63.585741, 55.007146 ], [ -63.572397, 54.998723 ], [ -63.56953, 54.994001 ], [ -63.571524, 54.989244 ], [ -63.579172, 54.982159 ], [ -63.597911, 54.972625 ], [ -63.602037, 54.968009 ], [ -63.601165, 54.949495 ], [ -63.591206, 54.929881 ], [ -63.600995, 54.916784 ], [ -63.604118, 54.903582 ], [ -63.613871, 54.901604 ], [ -63.673643, 54.906391 ], [ -63.683417, 54.909597 ], [ -63.711118, 54.924884 ], [ -63.754831, 54.941411 ], [ -63.786949, 54.949017 ], [ -63.798114, 54.949569 ], [ -63.808031, 54.947607 ], [ -63.816913, 54.941607 ], [ -63.816369, 54.925873 ], [ -63.831804, 54.908731 ], [ -63.841007, 54.893284 ], [ -63.846132, 54.878926 ], [ -63.841347, 54.862355 ], [ -63.826619, 54.838734 ], [ -63.825707, 54.823701 ], [ -63.830998, 54.817726 ], [ -63.839806, 54.813268 ], [ -63.893208, 54.797156 ], [ -63.909729, 54.783379 ], [ -63.908422, 54.776104 ], [ -63.889449, 54.762404 ], [ -63.818029, 54.72963 ], [ -63.775804, 54.700508 ], [ -63.75456, 54.676477 ], [ -63.729466, 54.656761 ], [ -63.721745, 54.642799 ], [ -63.721363, 54.633633 ], [ -63.725953, 54.630227 ], [ -63.739447, 54.629785 ], [ -63.78903, 54.642389 ], [ -63.807754, 54.643951 ], [ -63.826829, 54.639054 ], [ -63.88055, 54.614538 ], [ -63.903552, 54.607257 ], [ -63.923415, 54.607364 ], [ -63.964869, 54.612603 ], [ -64.011146, 54.605354 ], [ -64.042052, 54.605242 ], [ -64.055198, 54.606998 ], [ -64.101365, 54.620714 ], [ -64.107007, 54.628259 ], [ -64.110635, 54.648007 ], [ -64.11454, 54.655103 ], [ -64.166687, 54.690425 ], [ -64.185674, 54.71621 ], [ -64.191622, 54.720725 ], [ -64.205004, 54.723877 ], [ -64.231833, 54.724193 ], [ -64.276761, 54.733046 ], [ -64.29118, 54.740369 ], [ -64.309253, 54.756168 ], [ -64.331516, 54.767028 ], [ -64.364624, 54.77804 ], [ -64.394887, 54.785852 ], [ -64.411697, 54.788373 ], [ -64.45626, 54.790638 ], [ -64.476586, 54.788851 ], [ -64.480786, 54.785474 ], [ -64.480493, 54.773107 ], [ -64.48668, 54.758868 ], [ -64.500069, 54.754726 ], [ -64.525439, 54.754035 ], [ -64.534237, 54.751772 ], [ -64.540995, 54.745186 ], [ -64.540457, 54.735356 ], [ -64.54337, 54.729844 ], [ -64.549954, 54.724859 ], [ -64.560039, 54.72146 ], [ -64.625707, 54.725695 ], [ -64.668777, 54.730076 ], [ -64.714639, 54.726611 ], [ -64.767397, 54.73436 ], [ -64.781357, 54.740853 ], [ -64.786544, 54.745975 ], [ -64.788306, 54.75106 ], [ -64.767025, 54.771416 ], [ -64.766327, 54.787634 ], [ -64.756683, 54.812663 ], [ -64.758711, 54.820023 ], [ -64.767295, 54.829738 ], [ -64.782777, 54.836696 ], [ -64.796918, 54.838016 ], [ -64.816257, 54.842144 ], [ -64.836847, 54.842123 ], [ -64.852279, 54.845774 ], [ -64.856333, 54.852021 ], [ -64.8568, 54.872639 ], [ -64.862106, 54.880939 ], [ -64.874148, 54.890092 ], [ -64.928507, 54.921316 ], [ -64.96247, 54.931761 ], [ -65.00409, 54.93573 ], [ -65.01868, 54.938484 ], [ -65.054681, 54.95355 ], [ -65.076824, 54.961566 ], [ -65.088989, 54.96409 ], [ -65.10301, 54.962742 ], [ -65.112838, 54.959548 ], [ -65.138694, 54.936567 ], [ -65.163184, 54.928956 ], [ -65.169494, 54.925614 ], [ -65.195667, 54.882737 ], [ -65.205252, 54.862845 ], [ -65.210081, 54.857376 ], [ -65.218626, 54.852579 ], [ -65.268944, 54.84267 ], [ -65.279406, 54.838538 ], [ -65.292543, 54.829214 ], [ -65.299055, 54.826914 ], [ -65.305725, 54.82818 ], [ -65.322183, 54.838726 ], [ -65.329017, 54.841215 ], [ -65.336504, 54.839717 ], [ -65.352983, 54.828421 ], [ -65.363842, 54.825988 ], [ -65.39994, 54.826782 ], [ -65.408427, 54.829938 ], [ -65.423699, 54.83923 ], [ -65.440001, 54.843335 ], [ -65.457262, 54.842997 ], [ -65.47156, 54.837643 ], [ -65.479845, 54.829014 ], [ -65.477985, 54.818049 ], [ -65.468409, 54.806774 ], [ -65.442798, 54.784711 ], [ -65.437551, 54.776594 ], [ -65.433986, 54.764068 ], [ -65.434325, 54.756099 ], [ -65.437716, 54.749039 ], [ -65.451504, 54.737869 ], [ -65.460635, 54.733334 ], [ -65.479025, 54.730683 ], [ -65.540779, 54.732597 ], [ -65.577849, 54.738891 ], [ -65.637632, 54.746144 ], [ -65.646158, 54.742679 ], [ -65.670122, 54.722832 ], [ -65.684814, 54.717419 ], [ -65.694225, 54.717171 ], [ -65.702671, 54.720332 ], [ -65.709744, 54.725776 ], [ -65.733962, 54.760059 ], [ -65.75682, 54.78346 ], [ -65.784884, 54.805001 ], [ -65.822589, 54.827908 ], [ -65.838689, 54.842372 ], [ -65.844515, 54.855701 ], [ -65.842748, 54.874492 ], [ -65.846429, 54.89387 ], [ -65.845579, 54.908776 ], [ -65.847505, 54.914111 ], [ -65.853222, 54.919817 ], [ -65.868133, 54.924987 ], [ -65.912176, 54.934019 ], [ -65.929544, 54.935977 ], [ -65.978064, 54.933746 ], [ -66.025872, 54.936341 ], [ -66.035166, 54.934606 ], [ -66.045538, 54.928172 ], [ -66.052394, 54.927671 ], [ -66.067787, 54.934375 ], [ -66.117948, 54.966703 ], [ -66.144963, 54.97868 ], [ -66.155974, 54.980482 ], [ -66.180432, 54.979202 ], [ -66.224746, 54.983939 ], [ -66.243616, 54.984049 ], [ -66.27526, 55.01759 ], [ -66.306892, 55.042014 ], [ -66.333133, 55.065226 ], [ -66.447632, 55.146122 ], [ -66.468313, 55.165271 ], [ -66.492934, 55.194743 ], [ -66.500119, 55.199054 ], [ -66.517567, 55.205247 ], [ -66.54961, 55.232618 ], [ -66.595639, 55.262295 ], [ -66.608833, 55.268323 ], [ -66.619133, 55.269505 ], [ -66.652502, 55.264223 ], [ -66.664257, 55.266653 ], [ -66.686506, 55.281844 ], [ -66.703554, 55.304667 ], [ -66.715529, 55.31489 ], [ -66.775762, 55.346909 ], [ -66.789336, 55.35063 ], [ -66.802728, 55.351169 ], [ -66.810538, 55.346586 ], [ -66.811548, 55.331336 ], [ -66.820409, 55.31729 ], [ -66.818387, 55.307162 ], [ -66.813602, 55.299693 ], [ -66.801952, 55.289109 ], [ -66.785502, 55.274153 ], [ -66.740096, 55.246146 ], [ -66.720017, 55.232327 ], [ -66.715339, 55.22282 ], [ -66.716279, 55.21658 ], [ -66.720139, 55.211948 ], [ -66.727525, 55.2099 ], [ -66.734855, 55.206212 ], [ -66.745544, 55.200192 ], [ -66.751051, 55.193573 ], [ -66.750771, 55.185379 ], [ -66.754725, 55.166974 ], [ -66.76055, 55.153139 ], [ -66.77319, 55.137915 ], [ -66.772849, 55.128084 ], [ -66.769706, 55.119924 ], [ -66.762059, 55.113782 ], [ -66.74705, 55.109689 ], [ -66.741717, 55.104175 ], [ -66.740286, 55.095668 ], [ -66.74468, 55.090374 ], [ -66.749566, 55.08278 ], [ -66.744125, 55.073991 ], [ -66.738522, 55.060286 ], [ -66.732742, 55.052985 ], [ -66.729501, 55.048423 ], [ -66.711055, 55.036259 ], [ -66.680926, 55.024892 ], [ -66.667088, 55.017817 ], [ -66.644691, 54.999552 ], [ -66.637803, 54.989693 ], [ -66.640259, 54.984308 ], [ -66.650373, 54.982171 ], [ -66.665655, 54.98581 ], [ -66.694, 54.996351 ], [ -66.711676, 55.000317 ], [ -66.7426, 55.003229 ], [ -66.748888, 55.001519 ], [ -66.753204, 54.997282 ], [ -66.735712, 54.971112 ], [ -66.695404, 54.931868 ], [ -66.689714, 54.923145 ], [ -66.679182, 54.895778 ], [ -66.646679, 54.854187 ], [ -66.62218, 54.827308 ], [ -66.613525, 54.814055 ], [ -66.614486, 54.804998 ], [ -66.623477, 54.793902 ], [ -66.656483, 54.779397 ], [ -66.665757, 54.779228 ], [ -66.676381, 54.781971 ], [ -66.723168, 54.80285 ], [ -66.729361, 54.803615 ], [ -66.732575, 54.801266 ], [ -66.728457, 54.779377 ], [ -66.723008, 54.769347 ], [ -66.715338, 54.762312 ], [ -66.681256, 54.739809 ], [ -66.671741, 54.726906 ], [ -66.672484, 54.718687 ], [ -66.67663, 54.717303 ], [ -66.681731, 54.718537 ], [ -66.702183, 54.729158 ], [ -66.755685, 54.751296 ], [ -66.786715, 54.769089 ], [ -66.85578, 54.803225 ], [ -66.878359, 54.809093 ], [ -66.916087, 54.808578 ], [ -66.928431, 54.810578 ], [ -67.003295, 54.847257 ], [ -67.030473, 54.865247 ], [ -67.051988, 54.887352 ], [ -67.067116, 54.899209 ], [ -67.143414, 54.950336 ], [ -67.207615, 54.988232 ], [ -67.256911, 55.02313 ], [ -67.260253, 55.028092 ], [ -67.259568, 55.034462 ], [ -67.247011, 55.049052 ], [ -67.246092, 55.053405 ], [ -67.254809, 55.064278 ], [ -67.269651, 55.072871 ], [ -67.288924, 55.079726 ], [ -67.317841, 55.086319 ], [ -67.363323, 55.089288 ], [ -67.409904, 55.085351 ], [ -67.425716, 55.081208 ], [ -67.438461, 55.074917 ], [ -67.457679, 55.060579 ], [ -67.461058, 55.054221 ], [ -67.459952, 55.04741 ], [ -67.448595, 55.031561 ], [ -67.440358, 55.015067 ], [ -67.41554, 54.991442 ], [ -67.40598, 54.973208 ], [ -67.396558, 54.962198 ], [ -67.358752, 54.933921 ], [ -67.32717, 54.901901 ], [ -67.260437, 54.841038 ], [ -67.230247, 54.821029 ], [ -67.216024, 54.800831 ], [ -67.204811, 54.790178 ], [ -67.171716, 54.766359 ], [ -67.118769, 54.737456 ], [ -67.089473, 54.716424 ], [ -67.075924, 54.702066 ], [ -67.072761, 54.695129 ], [ -67.073244, 54.688602 ], [ -67.083192, 54.674013 ], [ -67.116325, 54.656742 ], [ -67.145458, 54.628019 ], [ -67.153863, 54.622804 ], [ -67.175559, 54.615509 ], [ -67.206979, 54.613346 ], [ -67.218246, 54.611245 ], [ -67.226877, 54.607145 ], [ -67.243123, 54.591955 ], [ -67.266144, 54.58658 ], [ -67.272568, 54.583007 ], [ -67.287578, 54.556347 ], [ -67.244675, 54.528151 ], [ -67.238322, 54.520588 ], [ -67.239525, 54.514938 ], [ -67.247082, 54.505225 ], [ -67.260484, 54.496744 ], [ -67.270215, 54.494007 ], [ -67.277556, 54.494226 ], [ -67.303329, 54.506276 ], [ -67.327017, 54.510575 ], [ -67.372424, 54.530396 ], [ -67.427824, 54.565051 ], [ -67.443133, 54.572654 ], [ -67.468661, 54.580249 ], [ -67.490013, 54.580987 ], [ -67.509295, 54.575599 ], [ -67.513486, 54.572775 ], [ -67.516082, 54.567694 ], [ -67.511041, 54.554614 ], [ -67.4882, 54.534159 ], [ -67.48353, 54.523229 ], [ -67.487825, 54.512603 ], [ -67.50441, 54.489617 ], [ -67.519072, 54.486325 ], [ -67.569717, 54.487318 ], [ -67.578999, 54.484723 ], [ -67.585793, 54.481191 ], [ -67.597317, 54.480971 ], [ -67.610726, 54.480373 ], [ -67.6225, 54.481848 ], [ -67.629623, 54.483752 ], [ -67.65753, 54.481164 ], [ -67.66881, 54.474135 ], [ -67.674151, 54.46552 ], [ -67.673853, 54.460421 ], [ -67.679007, 54.455087 ], [ -67.694434, 54.450154 ], [ -67.71304, 54.451718 ], [ -67.724932, 54.450715 ], [ -67.745635, 54.442015 ], [ -67.758159, 54.434574 ], [ -67.762253, 54.428273 ], [ -67.761831, 54.421116 ], [ -67.737871, 54.389379 ], [ -67.734757, 54.382202 ], [ -67.736515, 54.354926 ], [ -67.734255, 54.347953 ], [ -67.723192, 54.336254 ], [ -67.696418, 54.319436 ], [ -67.684965, 54.308644 ], [ -67.674745, 54.284577 ], [ -67.677182, 54.260662 ], [ -67.674174, 54.247171 ], [ -67.662424, 54.233097 ], [ -67.635626, 54.212395 ], [ -67.627567, 54.196509 ], [ -67.643132, 54.184984 ], [ -67.652185, 54.168023 ], [ -67.658396, 54.164266 ], [ -67.674605, 54.161141 ], [ -67.76325, 54.152496 ], [ -67.780242, 54.146345 ], [ -67.793964, 54.137027 ], [ -67.800861, 54.126709 ], [ -67.79774, 54.109236 ], [ -67.792502, 54.103487 ], [ -67.774129, 54.094867 ], [ -67.771329, 54.090882 ], [ -67.779372, 54.079697 ], [ -67.788445, 54.059338 ], [ -67.809162, 54.030351 ], [ -67.811052, 54.023732 ], [ -67.805381, 54.014875 ], [ -67.776827, 53.998301 ], [ -67.755101, 53.993137 ], [ -67.729859, 53.982648 ], [ -67.702749, 53.974715 ], [ -67.689531, 53.969137 ], [ -67.675655, 53.957538 ], [ -67.66854, 53.941683 ], [ -67.66009, 53.934313 ], [ -67.618638, 53.922743 ], [ -67.61019, 53.919053 ], [ -67.60537, 53.913894 ], [ -67.603304, 53.899665 ], [ -67.607707, 53.884145 ], [ -67.60465, 53.875697 ], [ -67.599992, 53.87039 ], [ -67.574816, 53.858089 ], [ -67.557418, 53.844451 ], [ -67.547742, 53.84114 ], [ -67.519855, 53.83564 ], [ -67.50939, 53.831429 ], [ -67.508563, 53.826491 ], [ -67.513272, 53.821041 ], [ -67.535777, 53.806753 ], [ -67.547799, 53.802047 ], [ -67.580114, 53.794814 ], [ -67.586796, 53.792057 ], [ -67.586967, 53.787624 ], [ -67.57645, 53.779857 ], [ -67.574892, 53.776309 ], [ -67.586584, 53.763303 ], [ -67.582232, 53.760531 ], [ -67.575101, 53.759005 ], [ -67.53192, 53.755951 ], [ -67.513928, 53.751634 ], [ -67.509571, 53.746964 ], [ -67.508226, 53.734799 ], [ -67.504909, 53.728412 ], [ -67.494311, 53.720073 ], [ -67.480922, 53.715049 ], [ -67.465671, 53.711893 ], [ -67.45135, 53.711235 ], [ -67.443783, 53.712422 ], [ -67.431211, 53.71853 ], [ -67.425857, 53.717648 ], [ -67.418869, 53.70222 ], [ -67.406803, 53.683746 ], [ -67.405671, 53.66583 ], [ -67.386181, 53.615942 ], [ -67.368971, 53.600334 ], [ -67.327614, 53.581045 ], [ -67.322522, 53.57507 ], [ -67.316551, 53.56134 ], [ -67.310894, 53.555239 ], [ -67.302464, 53.550759 ], [ -67.292035, 53.548538 ], [ -67.258346, 53.548454 ], [ -67.218315, 53.5367 ], [ -67.200338, 53.537212 ], [ -67.185566, 53.542934 ], [ -67.177345, 53.544129 ], [ -67.128965, 53.533136 ], [ -67.103577, 53.530776 ], [ -67.063908, 53.531327 ], [ -67.037751, 53.524914 ], [ -67.019432, 53.514274 ], [ -66.99762, 53.495687 ], [ -66.994081, 53.490193 ], [ -66.991686, 53.478167 ], [ -66.987689, 53.473082 ], [ -66.979758, 53.470076 ], [ -66.949633, 53.468426 ], [ -66.939875, 53.463717 ], [ -66.933564, 53.456179 ], [ -66.926801, 53.437429 ], [ -66.920342, 53.427027 ], [ -66.900329, 53.41139 ], [ -66.901355, 53.40656 ], [ -66.906404, 53.401907 ], [ -66.941108, 53.387364 ], [ -66.963087, 53.373645 ], [ -66.972367, 53.370548 ], [ -66.991548, 53.367865 ], [ -66.999616, 53.364815 ], [ -67.004653, 53.360537 ], [ -67.017422, 53.338794 ], [ -67.01742, 53.332408 ], [ -67.012971, 53.326565 ], [ -66.972786, 53.308411 ], [ -66.965265, 53.302047 ], [ -66.959961, 53.290327 ], [ -66.96037, 53.282494 ], [ -66.974028, 53.236941 ], [ -66.974677, 53.216181 ], [ -66.971505, 53.18845 ], [ -66.97616, 53.181979 ], [ -66.999106, 53.166043 ], [ -67.003469, 53.159025 ], [ -67.003204, 53.152724 ], [ -66.99937, 53.147238 ], [ -66.975986, 53.134356 ], [ -66.973979, 53.13098 ], [ -66.982966, 53.114891 ], [ -66.987395, 53.102839 ], [ -66.987299, 53.097932 ], [ -66.989802, 53.090986 ], [ -67.003701, 53.081973 ], [ -67.031764, 53.076091 ], [ -67.051281, 53.079264 ], [ -67.064753, 53.084547 ], [ -67.067847, 53.092485 ], [ -67.065382, 53.100028 ], [ -67.059876, 53.105829 ], [ -67.057737, 53.111699 ], [ -67.057697, 53.112333 ], [ -67.056948, 53.114939 ], [ -67.060721, 53.12667 ], [ -67.064899, 53.131971 ], [ -67.070819, 53.133643 ], [ -67.073189, 53.133344 ], [ -67.104292, 53.118659 ], [ -67.114799, 53.115982 ], [ -67.120372, 53.118385 ], [ -67.141722, 53.135726 ], [ -67.150911, 53.140728 ], [ -67.168161, 53.145833 ], [ -67.21597, 53.154525 ], [ -67.253494, 53.170894 ], [ -67.26506, 53.173965 ], [ -67.276941, 53.172051 ], [ -67.28489, 53.16758 ], [ -67.293198, 53.158706 ], [ -67.300581, 53.142419 ], [ -67.320508, 53.130568 ], [ -67.336907, 53.125855 ], [ -67.373889, 53.128833 ], [ -67.38475, 53.123186 ], [ -67.3893, 53.114766 ], [ -67.391583, 53.101136 ], [ -67.389497, 53.07745 ], [ -67.381216, 53.051177 ], [ -67.358487, 52.999685 ], [ -67.352503, 52.99436 ], [ -67.340772, 52.989647 ], [ -67.330084, 52.98665 ], [ -67.31759, 52.985998 ], [ -67.306137, 52.987061 ], [ -67.285689, 52.99059 ], [ -67.27611, 52.990751 ], [ -67.265426, 52.987748 ], [ -67.255716, 52.985017 ], [ -67.253124, 52.980721 ], [ -67.248978, 52.973848 ], [ -67.252986, 52.967129 ], [ -67.26663, 52.961696 ], [ -67.280855, 52.958566 ], [ -67.304198, 52.955856 ], [ -67.324106, 52.951466 ], [ -67.333401, 52.945521 ], [ -67.34623, 52.93344 ], [ -67.347464, 52.926866 ], [ -67.347422, 52.923471 ], [ -67.336467, 52.897054 ], [ -67.326771, 52.887033 ], [ -67.314966, 52.881924 ], [ -67.284703, 52.877697 ], [ -67.266869, 52.872082 ], [ -67.251233, 52.863747 ], [ -67.223468, 52.844927 ], [ -67.21675, 52.842008 ], [ -67.195227, 52.832647 ], [ -67.173496, 52.825652 ], [ -67.166693, 52.825867 ], [ -67.162137, 52.827851 ], [ -67.144695, 52.848581 ], [ -67.121015, 52.860426 ], [ -67.091191, 52.869466 ], [ -67.079313, 52.870737 ], [ -67.068781, 52.869455 ], [ -67.058331, 52.86219 ], [ -67.05234, 52.846874 ], [ -67.052295, 52.838353 ], [ -67.05853, 52.812079 ], [ -67.059855, 52.782942 ], [ -67.056646, 52.776365 ], [ -67.034802, 52.75542 ], [ -67.016933, 52.751187 ], [ -66.988918, 52.756176 ], [ -66.968453, 52.754893 ], [ -66.957193, 52.752433 ], [ -66.949997, 52.747475 ], [ -66.947566, 52.744957 ], [ -66.944268, 52.740182 ], [ -66.93523, 52.723285 ], [ -66.931721, 52.711759 ], [ -66.923654, 52.698082 ], [ -66.916674, 52.691028 ], [ -66.908152, 52.687739 ], [ -66.89671, 52.681084 ], [ -66.879766, 52.677053 ], [ -66.870835, 52.67785 ], [ -66.860891, 52.681723 ], [ -66.856632, 52.688074 ], [ -66.857346, 52.69249 ], [ -66.861396, 52.696182 ], [ -66.867295, 52.704615 ], [ -66.874329, 52.713373 ], [ -66.877341, 52.719291 ], [ -66.876956, 52.724232 ], [ -66.873053, 52.732793 ], [ -66.866346, 52.74139 ], [ -66.86229, 52.745698 ], [ -66.855042, 52.746983 ], [ -66.849972, 52.746367 ], [ -66.842338, 52.744592 ], [ -66.837043, 52.742259 ], [ -66.786476, 52.680499 ], [ -66.777233, 52.674679 ], [ -66.770813, 52.674007 ], [ -66.765147, 52.679472 ], [ -66.762632, 52.692295 ], [ -66.75552, 52.70569 ], [ -66.754172, 52.717484 ], [ -66.758233, 52.746426 ], [ -66.762471, 52.755279 ], [ -66.775323, 52.770785 ], [ -66.781484, 52.778881 ], [ -66.782188, 52.78452 ], [ -66.780872, 52.785867 ], [ -66.775343, 52.788488 ], [ -66.770352, 52.79042 ], [ -66.760176, 52.788329 ], [ -66.753671, 52.786874 ], [ -66.748272, 52.784896 ], [ -66.745087, 52.781869 ], [ -66.73683, 52.778221 ], [ -66.730273, 52.775064 ], [ -66.722612, 52.772429 ], [ -66.716947, 52.770792 ], [ -66.706186, 52.767682 ], [ -66.699487, 52.767631 ], [ -66.695892, 52.76822 ], [ -66.680291, 52.773456 ], [ -66.671192, 52.77918 ], [ -66.660666, 52.783794 ], [ -66.655262, 52.789195 ], [ -66.655851, 52.791218 ], [ -66.654893, 52.794853 ], [ -66.660244, 52.822028 ], [ -66.65247, 52.852498 ], [ -66.654342, 52.886945 ], [ -66.642919, 52.904556 ], [ -66.640549, 52.926559 ], [ -66.627361, 52.943408 ], [ -66.620764, 52.946392 ], [ -66.611875, 52.94721 ], [ -66.583494, 52.942938 ], [ -66.563175, 52.942767 ], [ -66.546666, 52.945456 ], [ -66.519584, 52.954897 ], [ -66.504808, 52.954914 ], [ -66.498715, 52.956957 ], [ -66.492668, 52.96498 ], [ -66.486138, 52.988249 ], [ -66.474529, 52.998232 ], [ -66.471313, 53.003561 ], [ -66.46882, 53.036485 ], [ -66.46425, 53.042872 ], [ -66.454843, 53.047577 ], [ -66.445295, 53.04737 ], [ -66.430114, 53.043425 ], [ -66.398381, 53.028344 ], [ -66.372596, 53.018766 ], [ -66.361093, 53.010432 ], [ -66.345292, 52.992577 ], [ -66.331675, 52.97247 ], [ -66.316244, 52.938438 ], [ -66.277851, 52.896508 ], [ -66.269404, 52.877943 ], [ -66.269508, 52.868899 ], [ -66.28077, 52.856867 ], [ -66.282661, 52.844713 ], [ -66.288972, 52.841304 ], [ -66.303517, 52.844222 ], [ -66.334949, 52.858336 ], [ -66.384926, 52.872415 ], [ -66.396815, 52.872344 ], [ -66.405115, 52.868544 ], [ -66.409965, 52.861115 ], [ -66.410088, 52.853653 ], [ -66.406223, 52.844725 ], [ -66.378963, 52.805497 ], [ -66.374535, 52.801826 ], [ -66.358838, 52.796399 ], [ -66.351992, 52.791644 ], [ -66.333539, 52.761024 ], [ -66.319885, 52.727982 ], [ -66.321074, 52.721039 ], [ -66.331547, 52.69846 ], [ -66.330656, 52.685572 ], [ -66.286051, 52.62901 ], [ -66.284513, 52.616862 ], [ -66.288021, 52.610915 ], [ -66.294132, 52.607845 ], [ -66.302227, 52.608333 ], [ -66.310518, 52.61195 ], [ -66.360249, 52.659746 ], [ -66.37273, 52.669074 ], [ -66.384339, 52.673659 ], [ -66.393235, 52.673366 ], [ -66.403101, 52.668511 ], [ -66.429058, 52.639223 ], [ -66.431995, 52.629579 ], [ -66.428659, 52.620577 ], [ -66.385416, 52.569738 ], [ -66.375644, 52.552266 ], [ -66.37513, 52.539091 ], [ -66.383868, 52.524356 ], [ -66.367635, 52.502208 ], [ -66.362446, 52.488956 ], [ -66.362182, 52.481382 ], [ -66.367382, 52.476262 ], [ -66.384716, 52.47723 ], [ -66.38733, 52.470916 ], [ -66.383786, 52.460764 ], [ -66.367274, 52.433488 ], [ -66.362554, 52.414004 ], [ -66.347411, 52.392547 ], [ -66.345764, 52.373279 ], [ -66.350602, 52.363783 ], [ -66.357007, 52.360314 ], [ -66.362658, 52.359631 ], [ -66.411846, 52.374572 ], [ -66.426368, 52.374531 ], [ -66.434185, 52.371182 ], [ -66.449509, 52.358096 ], [ -66.475168, 52.346564 ], [ -66.481983, 52.339377 ], [ -66.483823, 52.331853 ], [ -65.508991, 51.633346 ], [ -65.523028, 51.622727 ], [ -65.535626, 51.611503 ], [ -65.546168, 51.599485 ], [ -65.553136, 51.586693 ], [ -65.556429, 51.573129 ], [ -65.556589, 51.559563 ], [ -65.553739, 51.546 ], [ -65.548337, 51.532836 ], [ -65.541267, 51.519912 ], [ -65.537863, 51.506549 ], [ -65.537014, 51.492903 ], [ -65.536324, 51.47919 ], [ -65.536917, 51.465545 ], [ -65.5438, 51.452949 ], [ -65.554823, 51.441001 ], [ -65.564154, 51.428514 ], [ -65.570366, 51.415597 ], [ -65.567753, 51.402205 ], [ -65.564612, 51.38866 ], [ -65.571377, 51.348085 ], [ -65.584222, 51.308776 ], [ -65.588814, 51.295899 ], [ -65.599384, 51.28383 ], [ -65.608249, 51.271172 ], [ -65.614574, 51.258106 ], [ -65.61036, 51.245256 ], [ -65.601826, 51.232387 ], [ -65.601134, 51.218865 ], [ -65.605567, 51.205434 ], [ -65.632884, 51.167888 ], [ -65.646974, 51.158777 ], [ -65.63915, 51.147213 ], [ -65.608724, 51.144736 ], [ -65.567276, 51.116119 ], [ -65.561693, 51.05604 ], [ -65.564675, 51.044669 ], [ -65.57145, 51.019292 ], [ -65.585615, 51.016076 ], [ -65.609907, 51.017639 ], [ -65.630247, 51.01308 ], [ -65.648165, 51.005428 ], [ -65.662215, 50.994562 ], [ -65.666376, 50.981809 ], [ -65.661823, 50.968084 ], [ -65.649442, 50.948102 ], [ -65.631709, 50.943179 ], [ -65.600384, 50.937226 ], [ -65.588013, 50.930729 ], [ -65.593723, 50.903917 ], [ -65.56895, 50.861634 ], [ -65.573254, 50.849221 ], [ -65.588431, 50.838849 ], [ -65.610758, 50.835885 ], [ -65.623529, 50.827187 ], [ -65.626363, 50.812449 ], [ -65.617428, 50.801658 ], [ -65.598107, 50.794067 ], [ -65.580251, 50.786176 ], [ -65.545429, 50.770232 ], [ -65.528395, 50.761949 ], [ -65.515902, 50.751186 ], [ -65.50671, 50.738745 ], [ -65.498267, 50.726075 ], [ -65.49273, 50.71301 ], [ -65.495433, 50.699818 ], [ -65.500843, 50.686465 ], [ -65.503564, 50.672958 ], [ -65.504269, 50.659428 ], [ -65.506686, 50.598933 ], [ -65.506163, 50.585376 ], [ -65.498698, 50.572394 ], [ -65.486608, 50.560433 ], [ -65.489154, 50.548801 ], [ -65.501358, 50.510241 ], [ -65.508845, 50.497575 ], [ -65.519905, 50.485742 ], [ -65.52831, 50.461256 ], [ -65.519727, 50.434487 ], [ -65.51262, 50.42179 ], [ -65.503267, 50.409555 ], [ -65.496422, 50.396714 ], [ -65.491867, 50.383409 ], [ -65.491153, 50.369952 ], [ -65.493854, 50.356404 ], [ -65.499522, 50.343383 ], [ -65.506928, 50.330621 ], [ -65.510647, 50.317349 ], [ -65.512896, 50.303875 ], [ -65.51507, 50.279416 ], [ -64.462545, 49.031604 ], [ -64.497783, 49.051231 ], [ -64.499732, 49.052142 ], [ -64.533451, 49.058233 ], [ -64.553206, 49.061948 ], [ -64.573, 49.065766 ], [ -64.590887, 49.072282 ], [ -64.607362, 49.080683 ], [ -64.626587, 49.084013 ], [ -64.647544, 49.08296 ], [ -64.667179, 49.079173 ], [ -64.695059, 49.067534 ], [ -64.71026, 49.072383 ], [ -64.712583, 49.081049 ], [ -64.703755, 49.095911 ], [ -64.714712, 49.103168 ], [ -64.737618, 49.105839 ], [ -64.758004, 49.108441 ], [ -64.777621, 49.112039 ], [ -64.793969, 49.12019 ], [ -64.810983, 49.12766 ], [ -64.830393, 49.132303 ], [ -64.850474, 49.135226 ], [ -64.871212, 49.135953 ], [ -64.891059, 49.138841 ], [ -64.909866, 49.14459 ], [ -64.926707, 49.152264 ], [ -64.94094, 49.1623 ], [ -64.958494, 49.169332 ], [ -65.056603, 49.161864 ], [ -65.073903, 49.153948 ], [ -65.079629, 49.14174 ], [ -65.080449, 49.127968 ], [ -65.083092, 49.114581 ], [ -65.087205, 49.101255 ], [ -65.09321, 49.088365 ], [ -65.104188, 49.077022 ], [ -65.11923, 49.067799 ], [ -65.137165, 49.061053 ], [ -65.153625, 49.052943 ], [ -65.167745, 49.049615 ], [ -65.175758, 49.030556 ], [ -65.179997, 49.017219 ], [ -65.177523, 49.00383 ], [ -65.18189, 48.977947 ], [ -65.188895, 48.951348 ], [ -65.19495, 48.939165 ], [ -65.209295, 48.929051 ], [ -65.226528, 48.921271 ], [ -65.246328, 48.915846 ], [ -65.262606, 48.919664 ], [ -65.299197, 48.930669 ], [ -65.315474, 48.944464 ], [ -65.332136, 48.945143 ], [ -65.348933, 48.937099 ], [ -65.369338, 48.930578 ], [ -65.388417, 48.929405 ], [ -65.400606, 48.981522 ], [ -65.392525, 48.995531 ], [ -65.399987, 49.004695 ], [ -65.421028, 49.009634 ], [ -65.442082, 49.012815 ], [ -65.463347, 49.013832 ], [ -65.512897, 49.001831 ], [ -65.552649, 48.969482 ], [ -65.562396, 48.957628 ], [ -65.568151, 48.944635 ], [ -65.569848, 48.931143 ], [ -65.572948, 48.917705 ], [ -65.580339, 48.905304 ], [ -65.621186, 48.874624 ], [ -65.638606, 48.86788 ], [ -65.659408, 48.86517 ], [ -65.677392, 48.86981 ], [ -65.691228, 48.880457 ], [ -65.697446, 48.893546 ], [ -65.70678, 48.905275 ], [ -65.723909, 48.913654 ], [ -65.742974, 48.913313 ], [ -65.817969, 48.889626 ], [ -65.83004, 48.880339 ], [ -65.835135, 48.866581 ], [ -65.842603, 48.850181 ], [ -65.863467, 48.847784 ], [ -65.892502, 48.843715 ], [ -65.91456, 48.861837 ], [ -65.948309, 48.857921 ], [ -65.998457, 48.873381 ], [ -66.0136, 48.865766 ], [ -66.007611, 48.852415 ], [ -66.002534, 48.83866 ], [ -66.017997, 48.799427 ], [ -66.023086, 48.786537 ], [ -66.04818, 48.747154 ], [ -66.075413, 48.755223 ], [ -66.088679, 48.771286 ], [ -66.091064, 48.785085 ], [ -66.099413, 48.796274 ], [ -66.1299, 48.81412 ], [ -66.156837, 48.834254 ], [ -66.182589, 48.855873 ], [ -66.199935, 48.860289 ], [ -66.222293, 48.857911 ], [ -66.22889, 48.866978 ], [ -66.225247, 48.882206 ], [ -66.215197, 48.894566 ], [ -66.205187, 48.905987 ], [ -66.212091, 48.9183 ], [ -66.226926, 48.928617 ], [ -66.338671, 48.956394 ], [ -66.354659, 48.958353 ], [ -66.372509, 48.949963 ], [ -66.392025, 48.945175 ], [ -66.412304, 48.945604 ], [ -66.429697, 48.953687 ], [ -66.448857, 48.953239 ], [ -66.46863, 48.948087 ], [ -66.486479, 48.941533 ], [ -66.543855, 48.928915 ], [ -66.563879, 48.92655 ], [ -66.582553, 48.920789 ], [ -66.59961, 48.912653 ], [ -66.612806, 48.902556 ], [ -66.615895, 48.889666 ], [ -66.61405, 48.875714 ], [ -66.609722, 48.862479 ], [ -66.606723, 48.849251 ], [ -66.609531, 48.835895 ], [ -66.612591, 48.822501 ], [ -66.615082, 48.809081 ], [ -66.615191, 48.79505 ], [ -66.606934, 48.783999 ], [ -66.585885, 48.780304 ], [ -66.570174, 48.773323 ], [ -66.564266, 48.759349 ], [ -66.568992, 48.747212 ], [ -66.585084, 48.738079 ], [ -66.601254, 48.729374 ], [ -66.617438, 48.721136 ], [ -66.635225, 48.714755 ], [ -66.654208, 48.709728 ], [ -66.672253, 48.703524 ], [ -66.707352, 48.689724 ], [ -66.724241, 48.682273 ], [ -66.73743, 48.671682 ], [ -66.751061, 48.66204 ], [ -66.771092, 48.659655 ], [ -66.790833, 48.656857 ], [ -66.808296, 48.646365 ], [ -66.80872, 48.637523 ], [ -66.784481, 48.633389 ], [ -66.788866, 48.625387 ], [ -66.808078, 48.615933 ], [ -66.827487, 48.610164 ], [ -66.846468, 48.60512 ], [ -66.854428, 48.594011 ], [ -66.854465, 48.579581 ], [ -66.84989, 48.566586 ], [ -66.841182, 48.554206 ], [ -66.826916, 48.542301 ], [ -66.823177, 48.532248 ], [ -66.842343, 48.524521 ], [ -66.861331, 48.525633 ], [ -66.917233, 48.54465 ], [ -66.924985, 48.555786 ], [ -66.92794, 48.569599 ], [ -66.941536, 48.580282 ], [ -66.958878, 48.586792 ], [ -66.978319, 48.584271 ], [ -66.99783, 48.578875 ], [ -67.016034, 48.57288 ], [ -67.035335, 48.566254 ], [ -67.05586, 48.562418 ], [ -67.083773, 48.575769 ], [ -67.126072, 48.572803 ], [ -67.144318, 48.571496 ], [ -67.180008, 48.557276 ], [ -67.196922, 48.550096 ], [ -67.21134, 48.54055 ], [ -67.226967, 48.531911 ], [ -67.245028, 48.525937 ], [ -67.264831, 48.522525 ], [ -67.278147, 48.512612 ], [ -67.291109, 48.502304 ], [ -67.309834, 48.496904 ], [ -67.330485, 48.494869 ], [ -67.34946, 48.498675 ], [ -67.339056, 48.510265 ], [ -67.3347, 48.522128 ], [ -67.377838, 48.566389 ], [ -67.395861, 48.573236 ], [ -67.416562, 48.579543 ], [ -67.431548, 48.585973 ], [ -67.416978, 48.594195 ], [ -67.404086, 48.611395 ], [ -67.419751, 48.641928 ], [ -67.432427, 48.652769 ], [ -67.451548, 48.655416 ], [ -67.472665, 48.654606 ], [ -67.492588, 48.651126 ], [ -67.512261, 48.64927 ], [ -67.531762, 48.653384 ], [ -67.549879, 48.659665 ], [ -67.567537, 48.666295 ], [ -67.587651, 48.670994 ], [ -67.607076, 48.671146 ], [ -67.62666, 48.663014 ], [ -67.627426, 48.653063 ], [ -67.611474, 48.642316 ], [ -67.60096, 48.629902 ], [ -67.602988, 48.613535 ], [ -67.617586, 48.602544 ], [ -67.642324, 48.601082 ], [ -67.702532, 48.597327 ], [ -67.782238, 48.587155 ], [ -67.803952, 48.581663 ], [ -67.814347, 48.573698 ], [ -67.801305, 48.563465 ], [ -67.786811, 48.551949 ], [ -67.775707, 48.5389 ], [ -67.784831, 48.531964 ], [ -67.807589, 48.528803 ], [ -67.821513, 48.519526 ], [ -67.828926, 48.506443 ], [ -67.82968, 48.492935 ], [ -67.824744, 48.479625 ], [ -67.812467, 48.469506 ], [ -67.796547, 48.460565 ], [ -67.780986, 48.450729 ], [ -67.775101, 48.439422 ], [ -67.7829, 48.426309 ], [ -67.784064, 48.412941 ], [ -67.775608, 48.400699 ], [ -67.760704, 48.391671 ], [ -67.743933, 48.383802 ], [ -67.725702, 48.377429 ], [ -67.710666, 48.369048 ], [ -67.679241, 48.33185 ], [ -67.681063, 48.322352 ], [ -67.704675, 48.318245 ], [ -67.711917, 48.31145 ], [ -67.695688, 48.300606 ], [ -67.679678, 48.29048 ], [ -67.665347, 48.280585 ], [ -67.671056, 48.270238 ], [ -67.685078, 48.259551 ], [ -67.675285, 48.248862 ], [ -67.661524, 48.237844 ], [ -67.650984, 48.226375 ], [ -67.640169, 48.214076 ], [ -67.628996, 48.200977 ], [ -67.63624, 48.194418 ], [ -67.699335, 48.184169 ], [ -67.713775, 48.189321 ], [ -67.725404, 48.201761 ], [ -67.741412, 48.211216 ], [ -67.759003, 48.216827 ], [ -67.776056, 48.209838 ], [ -67.793026, 48.203993 ], [ -67.810351, 48.210527 ], [ -67.825805, 48.220248 ], [ -67.837357, 48.231472 ], [ -67.851199, 48.240897 ], [ -67.907409, 48.276132 ], [ -67.945942, 48.285767 ], [ -67.965518, 48.284332 ], [ -67.98331, 48.27755 ], [ -67.98903, 48.26494 ], [ -67.984673, 48.251697 ], [ -67.97301, 48.24033 ], [ -67.965753, 48.22798 ], [ -67.965213, 48.214347 ], [ -67.971945, 48.200791 ], [ -67.973438, 48.189065 ], [ -67.956061, 48.181703 ], [ -67.940296, 48.172796 ], [ -67.927624, 48.162141 ], [ -67.920881, 48.149836 ], [ -67.918674, 48.136223 ], [ -67.910437, 48.123338 ], [ -67.897469, 48.113561 ], [ -67.878069, 48.111767 ], [ -67.857423, 48.11429 ], [ -67.838975, 48.121344 ], [ -67.825821, 48.120413 ], [ -67.769141, 48.080934 ], [ -67.75522, 48.070939 ], [ -67.756692, 48.057693 ], [ -67.77021, 48.049474 ], [ -67.788662, 48.054908 ], [ -67.80837, 48.06056 ], [ -67.828434, 48.0642 ], [ -67.846965, 48.062476 ], [ -67.863454, 48.054182 ], [ -67.879757, 48.045039 ], [ -67.895994, 48.037679 ], [ -67.914298, 48.041916 ], [ -67.929861, 48.0514 ], [ -67.928968, 48.064961 ], [ -67.938703, 48.07619 ], [ -67.965866, 48.097514 ], [ -67.980531, 48.10539 ], [ -67.999651, 48.099513 ], [ -68.016782, 48.10411 ], [ -68.03217, 48.113791 ], [ -68.043876, 48.124678 ], [ -68.098361, 48.164636 ], [ -68.112425, 48.172698 ], [ -68.136229, 48.172367 ], [ -68.146268, 48.166277 ], [ -68.132428, 48.154595 ], [ -68.126973, 48.142338 ], [ -68.148799, 48.121384 ], [ -68.153824, 48.0968 ], [ -68.176815, 48.0966 ], [ -68.195137, 48.104172 ], [ -68.21252, 48.098286 ], [ -68.226796, 48.087834 ], [ -68.234929, 48.074872 ], [ -68.230211, 48.062583 ], [ -68.217987, 48.051142 ], [ -68.202382, 48.042869 ], [ -68.18487, 48.035974 ], [ -68.145361, 48.008065 ], [ -68.132511, 47.998759 ], [ -68.125369, 47.985786 ], [ -68.12265, 47.977494 ], [ -68.108269, 47.933607 ], [ -68.104386, 47.919594 ], [ -68.111137, 47.908241 ], [ -68.129046, 47.900532 ], [ -68.147959, 47.900178 ], [ -68.187947, 47.905358 ], [ -68.207081, 47.908605 ], [ -68.224893, 47.914823 ], [ -68.229671, 47.916231 ], [ -68.243283, 47.920242 ], [ -68.262246, 47.924738 ], [ -68.282908, 47.926799 ], [ -68.302342, 47.924599 ], [ -68.3074, 47.916316 ], [ -68.309235, 47.913311 ], [ -68.312092, 47.898854 ], [ -68.327109, 47.888171 ], [ -68.341497, 47.891156 ], [ -68.348801, 47.904904 ], [ -68.347967, 47.916398 ], [ -68.346043, 47.942837 ], [ -68.325035, 47.943756 ], [ -68.303195, 47.944647 ], [ -68.284613, 47.947682 ], [ -68.279297, 47.959838 ], [ -68.296694, 47.978646 ], [ -68.290949, 47.990718 ], [ -68.280339, 47.999801 ], [ -68.295098, 48.025684 ], [ -68.332836, 48.061146 ], [ -68.346139, 48.069884 ], [ -68.366116, 48.070897 ], [ -68.386638, 48.072131 ], [ -68.405821, 48.076213 ], [ -68.424197, 48.082192 ], [ -68.44201, 48.091305 ], [ -68.456585, 48.091315 ], [ -68.466569, 48.078077 ], [ -68.481823, 48.06935 ], [ -68.501445, 48.064997 ], [ -68.520726, 48.065973 ], [ -68.540118, 48.070622 ], [ -68.55963, 48.0754 ], [ -68.578496, 48.076229 ], [ -68.596281, 48.069859 ], [ -68.613297, 48.061596 ], [ -68.629259, 48.051528 ], [ -68.639491, 48.059631 ], [ -68.648071, 48.073033 ], [ -68.663417, 48.068757 ], [ -68.679413, 48.057522 ], [ -68.697981, 48.041186 ], [ -68.707344, 48.022116 ], [ -68.724706, 47.99535 ], [ -68.734847, 47.99296 ], [ -68.74917, 48.004468 ], [ -68.763461, 48.015272 ], [ -68.777737, 48.025006 ], [ -68.795738, 48.030473 ], [ -68.816346, 48.030949 ], [ -68.832502, 48.024306 ], [ -68.84693, 48.014132 ], [ -68.861681, 48.004901 ], [ -68.877241, 47.996551 ], [ -68.896686, 47.991805 ], [ -68.913732, 47.985759 ], [ -68.925016, 47.972915 ], [ -68.926662, 47.961193 ], [ -68.904891, 47.958672 ], [ -68.896071, 47.948029 ], [ -68.897687, 47.933698 ], [ -68.911048, 47.92484 ], [ -68.928512, 47.917008 ], [ -68.939109, 47.905728 ], [ -68.94607, 47.892968 ], [ -68.949326, 47.879778 ], [ -68.951297, 47.866325 ], [ -68.952627, 47.85254 ], [ -68.961816, 47.841404 ], [ -68.975408, 47.820247 ], [ -69.001954, 47.803608 ], [ -69.039135, 47.780926 ], [ -69.053596, 47.775999 ], [ -69.067965, 47.79237 ], [ -69.081345, 47.7856 ], [ -69.104648, 47.742122 ], [ -69.122331, 47.720925 ], [ -69.128983, 47.708012 ], [ -69.126295, 47.690566 ], [ -69.143436, 47.684896 ], [ -69.158056, 47.699453 ], [ -69.180909, 47.710996 ], [ -69.213378, 47.695441 ], [ -69.234279, 47.693941 ], [ -69.24256, 47.702582 ], [ -69.244027, 47.731355 ], [ -69.244259, 47.744787 ], [ -69.243979, 47.758208 ], [ -69.243196, 47.771625 ], [ -69.241409, 47.785029 ], [ -69.240826, 47.798567 ], [ -69.241745, 47.81367 ], [ -69.250043, 47.821194 ], [ -69.270344, 47.831412 ], [ -69.282689, 47.827786 ], [ -69.299051, 47.816761 ], [ -69.313156, 47.807175 ], [ -69.325656, 47.796773 ], [ -69.344377, 47.772492 ], [ -69.34941, 47.76113 ], [ -69.337979, 47.749913 ], [ -69.322624, 47.740447 ], [ -69.302578, 47.734007 ], [ -69.295109, 47.724772 ], [ -69.303733, 47.711258 ], [ -69.318375, 47.70285 ], [ -69.338777, 47.700299 ], [ -69.358185, 47.698844 ], [ -69.370215, 47.695769 ], [ -69.374065, 47.688582 ], [ -69.3649, 47.677351 ], [ -69.347107, 47.668582 ], [ -69.337238, 47.657938 ], [ -69.332057, 47.648271 ], [ -69.329556, 47.638832 ], [ -69.337193, 47.63695 ], [ -69.356656, 47.636773 ], [ -69.36697, 47.633825 ], [ -69.371179, 47.625234 ], [ -69.365386, 47.614378 ], [ -69.359049, 47.601041 ], [ -69.365656, 47.587572 ], [ -69.374112, 47.575409 ], [ -69.381331, 47.562956 ], [ -69.415136, 47.501748 ], [ -69.406171, 47.488896 ], [ -69.405139, 47.477518 ], [ -69.420697, 47.468497 ], [ -69.439399, 47.462216 ], [ -69.455708, 47.450063 ], [ -69.459315, 47.435424 ], [ -69.476831, 47.42903 ], [ -69.497749, 47.426295 ], [ -69.519716, 47.426904 ], [ -69.523132, 47.419059 ], [ -69.513452, 47.404877 ], [ -69.509793, 47.391415 ], [ -69.511573, 47.378361 ], [ -69.526994, 47.339895 ], [ -69.540981, 47.332924 ], [ -69.551875, 47.32458 ], [ -69.561531, 47.288866 ], [ -69.575854, 47.281707 ], [ -69.596603, 47.282744 ], [ -69.614724, 47.278775 ], [ -69.647025, 47.262752 ], [ -69.661392, 47.253908 ], [ -69.671427, 47.242274 ], [ -69.709453, 47.196349 ], [ -69.70364, 47.183205 ], [ -69.707099, 47.170731 ], [ -69.719539, 47.159922 ], [ -69.734686, 47.151282 ], [ -69.751671, 47.144586 ], [ -69.770363, 47.140195 ], [ -69.789726, 47.138688 ], [ -69.818261, 47.14505 ], [ -69.851614, 47.13037 ], [ -69.863729, 47.114174 ], [ -69.880859, 47.111495 ], [ -69.895365, 47.101877 ], [ -69.896697, 47.087368 ], [ -69.900046, 47.073583 ], [ -69.911523, 47.064593 ], [ -69.93154, 47.060594 ], [ -69.944542, 47.051112 ], [ -69.952761, 47.038532 ], [ -69.95357, 47.024232 ], [ -69.955007, 47.011882 ], [ -69.973052, 47.008802 ], [ -69.993578, 47.011462 ], [ -70.009372, 47.020361 ], [ -70.026706, 47.024804 ], [ -70.047034, 47.021912 ], [ -70.060117, 47.013392 ], [ -70.066868, 47.000068 ], [ -70.074414, 46.987422 ], [ -70.085642, 46.977006 ], [ -70.102982, 46.970373 ], [ -70.117875, 46.961871 ], [ -70.129471, 46.950905 ], [ -70.138222, 46.938705 ], [ -70.14314, 46.925467 ], [ -70.134552, 46.912785 ], [ -70.123449, 46.906721 ], [ -70.126413, 46.898139 ], [ -70.157589, 46.899694 ], [ -70.175451, 46.894276 ], [ -70.181529, 46.879837 ], [ -70.17495, 46.866073 ], [ -70.186573, 46.846606 ], [ -70.178502, 46.830772 ], [ -70.200463, 46.811327 ], [ -70.219908, 46.808153 ], [ -70.261398, 46.81946 ], [ -70.279072, 46.814646 ], [ -70.293586, 46.797654 ], [ -70.282481, 46.787618 ], [ -70.284526, 46.781674 ], [ -70.310815, 46.77191 ], [ -70.31229, 46.76272 ], [ -70.281248, 46.748885 ], [ -70.277702, 46.739511 ], [ -70.304074, 46.711078 ], [ -70.302114, 46.684955 ], [ -70.347159, 46.671641 ], [ -70.356409, 46.659545 ], [ -70.357042, 46.646143 ], [ -70.359888, 46.633225 ], [ -70.371169, 46.622195 ], [ -70.384171, 46.61168 ], [ -70.396162, 46.601187 ], [ -70.395534, 46.588724 ], [ -70.382372, 46.562786 ], [ -70.372754, 46.551257 ], [ -70.36043, 46.540752 ], [ -70.352991, 46.528242 ], [ -70.355921, 46.51572 ], [ -70.381301, 46.480827 ], [ -70.390607, 46.469304 ], [ -70.402758, 46.458736 ], [ -70.418234, 46.448955 ], [ -70.429583, 46.439383 ], [ -70.422106, 46.427145 ], [ -70.406525, 46.418735 ], [ -70.387777, 46.420512 ], [ -70.367631, 46.422987 ], [ -70.344427, 46.422964 ], [ -70.336673, 46.417905 ], [ -70.349809, 46.406527 ], [ -70.364511, 46.395937 ], [ -70.379355, 46.386735 ], [ -70.384934, 46.373973 ], [ -70.378174, 46.362214 ], [ -70.360117, 46.363447 ], [ -70.339428, 46.366276 ], [ -70.31931, 46.366627 ], [ -70.298837, 46.360892 ], [ -70.279421, 46.331354 ], [ -70.258129, 46.317989 ], [ -70.250391, 46.304817 ], [ -70.251867, 46.292706 ], [ -70.265619, 46.282368 ], [ -70.290295, 46.278832 ], [ -70.295609, 46.273115 ], [ -70.288116, 46.260718 ], [ -70.294497, 46.251575 ], [ -70.310365, 46.243071 ], [ -70.321224, 46.228992 ], [ -70.32818, 46.21642 ], [ -70.334492, 46.203606 ], [ -70.337959, 46.190586 ], [ -70.338239, 46.151242 ], [ -70.330207, 46.143559 ], [ -70.308759, 46.141233 ], [ -70.28347, 46.149873 ], [ -70.270203, 46.145505 ], [ -70.275869, 46.135837 ], [ -70.284709, 46.11601 ], [ -70.310366, 46.074054 ], [ -70.309637, 46.063587 ], [ -70.294633, 46.061859 ], [ -70.283827, 46.054169 ], [ -70.301831, 46.034408 ], [ -70.305367, 46.030524 ], [ -70.311888, 46.016522 ], [ -70.31473, 46.010416 ], [ -70.301569, 46.000127 ], [ -70.297448, 45.99604 ], [ -70.290139, 45.98879 ], [ -70.288916, 45.973395 ], [ -70.272947, 45.960352 ], [ -70.261443, 45.955093 ], [ -70.24408, 45.947153 ], [ -70.243286, 45.94679 ], [ -70.243286, 45.946789 ], [ -70.241015, 45.944464 ], [ -70.240205, 45.93898 ], [ -70.262224, 45.889968 ], [ -70.264485, 45.888086 ], [ -70.27313, 45.880891 ], [ -70.301469, 45.864298 ], [ -70.318397, 45.857947 ], [ -70.318398, 45.857947 ], [ -70.342617, 45.85149 ], [ -70.34628, 45.850512 ], [ -70.355875, 45.843956 ], [ -70.371546, 45.833241 ], [ -70.371552, 45.833236 ], [ -70.407091, 45.803464 ], [ -70.41586, 45.79611 ], [ -70.419139, 45.793359 ], [ -70.419157, 45.789127 ], [ -70.419157, 45.789126 ], [ -70.409382, 45.765937 ], [ -70.408315, 45.763405 ], [ -70.405716, 45.761423 ], [ -70.393984, 45.752477 ], [ -70.393823, 45.75175 ], [ -70.393822, 45.751744 ], [ -70.39101, 45.738991 ], [ -70.389993, 45.73438 ], [ -70.391594, 45.732717 ], [ -70.399419, 45.724585 ], [ -70.401211, 45.722722 ], [ -70.405418, 45.720673 ], [ -70.424068, 45.71158 ], [ -70.428645, 45.709348 ], [ -70.433764, 45.706851 ], [ -70.441418, 45.705111 ], [ -70.443208, 45.704704 ], [ -70.459702, 45.706801 ], [ -70.464893, 45.705869 ], [ -70.56162, 45.662774 ], [ -70.646574, 45.603858 ], [ -70.679728, 45.571201 ], [ -70.680725, 45.570217 ], [ -70.709488, 45.52865 ], [ -70.710075, 45.524194 ], [ -70.71299, 45.502022 ], [ -70.712812, 45.488444 ], [ -70.706072, 45.480649 ], [ -70.687031, 45.465088 ], [ -70.680415, 45.455347 ], [ -70.678979, 45.453232 ], [ -70.675195, 45.451849 ], [ -70.652169, 45.443426 ], [ -70.635254, 45.422801 ], [ -70.622025, 45.400532 ], [ -70.620409, 45.397809 ], [ -70.628696, 45.384973 ], [ -70.642402, 45.374327 ], [ -70.667652, 45.372756 ], [ -70.687918, 45.378128 ], [ -70.718077, 45.387616 ], [ -70.740713, 45.408632 ], [ -70.760977, 45.419998 ], [ -70.779461, 45.422623 ], [ -70.793717, 45.424881 ], [ -70.807528, 45.411993 ], [ -70.819583, 45.395006 ], [ -70.820112, 45.39426 ], [ -70.804605, 45.372785 ], [ -70.804604, 45.372784 ], [ -70.804605, 45.372774 ], [ -70.805153, 45.366478 ], [ -70.809333, 45.318305 ], [ -70.809333, 45.318299 ], [ -70.815745, 45.304294 ], [ -70.816065, 45.303595 ], [ -70.819208, 45.296727 ], [ -70.826694, 45.290233 ], [ -70.828151, 45.288969 ], [ -70.829312, 45.286869 ], [ -70.838658, 45.269959 ], [ -70.843976, 45.250331 ], [ -70.843078, 45.244472 ], [ -70.845065, 45.240116 ], [ -70.847535, 45.23838 ], [ -70.861691, 45.235072 ], [ -70.861703, 45.235069 ], [ -70.869043, 45.233353 ], [ -70.873806, 45.23318 ], [ -70.873807, 45.23318 ], [ -70.881792, 45.23553 ], [ -70.889567, 45.23953 ], [ -70.891869, 45.240714 ], [ -70.909401, 45.257807 ], [ -70.925315, 45.271003 ], [ -70.920167, 45.284246 ], [ -70.920019, 45.284628 ], [ -70.920179, 45.285664 ], [ -70.922437, 45.300282 ], [ -70.935705, 45.308274 ], [ -70.947774, 45.320455 ], [ -70.954812, 45.333424 ], [ -70.960851, 45.335762 ], [ -70.966146, 45.337811 ], [ -70.971885, 45.33918 ], [ -70.994098, 45.344475 ], [ -70.995413, 45.344788 ], [ -70.995501, 45.344727 ], [ -71.007952, 45.336058 ], [ -71.008272, 45.335835 ], [ -71.012562, 45.329186 ], [ -71.02024, 45.319877 ], [ -71.020654, 45.319375 ], [ -71.025798, 45.313135 ], [ -71.0394, 45.302434 ], [ -71.061584, 45.302233 ], [ -71.081486, 45.296163 ], [ -71.088081, 45.29415 ], [ -71.102045, 45.288793 ], [ -71.116515, 45.260305 ], [ -71.132999, 45.248797 ], [ -71.134186, 45.248101 ], [ -71.137217, 45.246323 ], [ -71.138777, 45.245409 ], [ -71.139806, 45.245439 ], [ -71.142205, 45.245509 ], [ -71.165081, 45.239965 ], [ -71.186846, 45.234385 ], [ -71.204711, 45.242038 ], [ -71.220256, 45.243833 ], [ -71.237519, 45.250572 ], [ -71.260692, 45.276687 ], [ -71.264409, 45.281252 ], [ -71.268232, 45.293477 ], [ -71.268673, 45.294886 ], [ -71.274218, 45.297647 ], [ -71.281241, 45.301142 ], [ -71.283842, 45.302437 ], [ -71.297359, 45.298479 ], [ -71.338764, 45.274879 ], [ -71.341163, 45.27249 ], [ -71.341385, 45.272268 ], [ -71.354807, 45.249503 ], [ -71.357783, 45.245454 ], [ -71.36517, 45.236442 ], [ -71.378426, 45.230233 ], [ -71.385789, 45.226783 ], [ -71.38616, 45.226784 ], [ -71.402105, 45.226825 ], [ -71.412149, 45.22685 ], [ -71.412545, 45.217959 ], [ -71.424521, 45.212058 ], [ -71.457921, 45.20719 ], [ -71.471268, 45.184406 ], [ -71.483705, 45.167382 ], [ -71.529485, 45.145463 ], [ -71.551349, 45.135359 ], [ -71.58793, 45.130533 ], [ -71.605911, 45.127663 ], [ -71.614775, 45.117208 ], [ -71.614434, 45.101394 ], [ -71.622766, 45.087808 ], [ -71.648265, 45.08312 ], [ -71.678217, 45.063846 ], [ -71.699209, 45.040777 ], [ -71.714848, 45.021578 ], [ -71.723234, 45.012539 ], [ -71.703719, 45.002189 ], [ -71.695008, 44.993347 ], [ -71.681237, 44.982125 ], [ -71.670609, 44.973244 ], [ -71.664468, 44.964898 ], [ -71.662651, 44.961666 ], [ -71.660662, 44.958644 ], [ -71.660213, 44.957956 ], [ -71.666038, 44.957153 ], [ -71.676284, 44.958713 ], [ -71.685295, 44.958874 ], [ -71.693086, 44.957188 ], [ -71.701018, 44.951385 ], [ -71.706971, 44.946918 ], [ -71.7173, 44.94619 ], [ -71.725699, 44.945423 ], [ -71.736078, 44.943321 ], [ -71.746568, 44.938019 ], [ -71.761466, 44.935535 ], [ -71.77768, 44.93216 ], [ -71.800517, 44.922104 ], [ -71.814181, 44.916866 ], [ -71.836716, 44.920603 ], [ -71.84182, 44.919994 ], [ -71.845711, 44.919147 ], [ -71.85096, 44.916038 ], [ -71.853639, 44.912884 ], [ -71.850636, 44.899365 ], [ -71.850182, 44.881172 ], [ -71.851939, 44.869154 ], [ -71.860578, 44.852659 ], [ -71.862781, 44.843248 ], [ -71.854574, 44.831181 ], [ -71.841233, 44.822113 ], [ -71.828815, 44.808961 ], [ -71.828888, 44.806816 ], [ -71.83554, 44.80006 ], [ -71.841392, 44.797878 ], [ -71.849893, 44.793446 ], [ -71.86161, 44.788608 ], [ -71.871391, 44.784199 ], [ -71.875335, 44.781521 ], [ -71.882623, 44.774784 ], [ -71.886011, 44.769348 ], [ -71.886161, 44.764778 ], [ -71.884477, 44.757427 ], [ -71.881948, 44.752486 ], [ -71.887338, 44.748322 ], [ -71.893203, 44.745674 ], [ -71.905998, 44.746803 ], [ -71.923753, 44.753956 ], [ -71.946586, 44.762561 ], [ -71.973919, 44.767495 ], [ -71.98655, 44.767591 ], [ -71.990139, 44.765512 ], [ -71.999314, 44.760193 ], [ -72.00927, 44.74937 ], [ -72.012763, 44.74028 ], [ -72.016929, 44.72982 ], [ -72.026862, 44.714299 ], [ -72.036163, 44.708564 ], [ -72.048725, 44.710506 ], [ -72.055044, 44.709458 ], [ -72.057629, 44.709029 ], [ -72.063958, 44.703784 ], [ -72.066203, 44.699936 ], [ -72.071868, 44.690222 ], [ -72.081728, 44.683381 ], [ -72.094382, 44.679075 ], [ -72.105845, 44.675171 ], [ -72.123887, 44.670594 ], [ -72.139259, 44.671276 ], [ -72.150819, 44.670533 ], [ -72.164407, 44.666157 ], [ -72.174801, 44.655264 ], [ -72.18041, 44.6461 ], [ -72.182588, 44.634824 ], [ -72.180771, 44.622538 ], [ -72.187633, 44.615733 ], [ -72.187621, 44.615704 ], [ -72.187624, 44.615684 ], [ -72.182675, 44.601235 ], [ -72.17964, 44.584286 ], [ -72.169899, 44.557549 ], [ -72.166952, 44.547467 ], [ -72.169307, 44.53935 ], [ -72.178605, 44.531745 ], [ -72.201836, 44.523307 ], [ -72.219946, 44.516061 ], [ -72.232237, 44.503024 ], [ -72.233686, 44.501487 ], [ -72.234537, 44.498388 ], [ -72.241031, 44.474721 ], [ -72.250105, 44.453371 ], [ -72.2575, 44.445906 ], [ -72.264017, 44.441968 ], [ -72.262338, 44.432328 ], [ -72.254287, 44.423061 ], [ -72.251809, 44.420277 ], [ -72.24617, 44.416084 ], [ -72.236129, 44.409534 ], [ -72.230584, 44.402134 ], [ -72.227617, 44.393853 ], [ -72.225167, 44.390156 ], [ -72.22474, 44.38237 ], [ -72.222297, 44.37822 ], [ -72.219969, 44.369945 ], [ -72.219558, 44.361694 ], [ -72.221757, 44.3512 ], [ -72.225174, 44.343002 ], [ -72.227393, 44.331596 ], [ -72.232156, 44.320679 ], [ -72.236754, 44.315704 ], [ -72.252183, 44.309573 ], [ -72.265548, 44.307977 ], [ -72.273219, 44.310539 ], [ -72.277905, 44.315455 ], [ -72.286931, 44.317113 ], [ -72.291828, 44.312753 ], [ -72.293069, 44.304981 ], [ -72.296612, 44.301522 ], [ -72.30703, 44.300421 ], [ -72.310237, 44.301068 ], [ -72.319235, 44.30288 ], [ -72.33176, 44.30293 ], [ -72.333749, 44.297214 ], [ -72.333035, 44.296174 ], [ -72.329617, 44.291197 ], [ -72.323576, 44.287185 ], [ -72.321448, 44.280366 ], [ -72.320837, 44.27841 ], [ -72.32116, 44.263567 ], [ -72.325812, 44.245465 ], [ -72.338205, 44.238643 ], [ -72.350476, 44.237387 ], [ -72.353493, 44.233174 ], [ -72.353726, 44.222041 ], [ -72.339647, 44.206295 ], [ -72.336119, 44.200872 ], [ -72.337295, 44.198482 ], [ -72.339958, 44.193935 ], [ -72.339555, 44.184777 ], [ -72.340385, 44.177002 ], [ -72.354916, 44.164521 ], [ -72.365809, 44.151728 ], [ -72.367275, 44.148339 ], [ -72.371384, 44.138837 ], [ -72.371878, 44.138195 ], [ -72.382546, 44.124332 ], [ -72.384202, 44.122179 ], [ -72.400086, 44.097592 ], [ -72.399725, 44.090514 ], [ -72.399147, 44.08984 ], [ -72.393577, 44.083816 ], [ -72.393066, 44.07877 ], [ -72.395057, 44.075134 ], [ -72.397026, 44.072411 ], [ -72.404685, 44.071129 ], [ -72.412315, 44.07077 ], [ -72.42752, 44.07233 ], [ -72.439447, 44.078438 ], [ -72.457039, 44.086895 ], [ -72.470902, 44.092102 ], [ -72.488069, 44.091397 ], [ -72.505209, 44.083654 ], [ -72.515771, 44.071395 ], [ -72.525715, 44.063952 ], [ -72.539222, 44.065478 ], [ -72.552364, 44.073122 ], [ -72.553635, 44.075689 ], [ -72.559042, 44.0866 ], [ -72.562237, 44.08839 ], [ -72.574415, 44.095213 ], [ -72.575088, 44.09559 ], [ -72.576203, 44.095695 ], [ -72.580873, 44.096135 ], [ -72.587016, 44.096713 ], [ -72.597691, 44.093173 ], [ -72.616277, 44.060554 ], [ -72.618698, 44.056193 ], [ -72.625398, 44.051658 ], [ -72.633382, 44.049928 ], [ -72.643907, 44.055664 ], [ -72.648928, 44.058127 ], [ -72.656812, 44.061994 ], [ -72.666902, 44.061408 ], [ -72.676823, 44.053949 ], [ -72.682255, 44.051588 ], [ -72.690434, 44.048031 ], [ -72.705277, 44.048629 ], [ -72.713975, 44.052659 ], [ -72.715981, 44.061231 ], [ -72.709236, 44.069484 ], [ -72.704049, 44.079989 ], [ -72.713751, 44.094562 ], [ -72.726364, 44.090816 ], [ -72.738472, 44.089107 ], [ -72.751763, 44.09153 ], [ -72.767014, 44.091679 ], [ -72.777184, 44.091324 ], [ -72.784195, 44.090015 ], [ -72.793144, 44.087353 ], [ -72.797715, 44.080075 ], [ -72.799171, 44.070465 ], [ -72.802156, 44.060327 ], [ -72.803861, 44.054535 ], [ -72.808209, 44.045684 ], [ -72.814099, 44.04094 ], [ -72.831884, 44.039147 ], [ -72.854078, 44.035861 ], [ -72.878885, 44.032181 ], [ -72.898811, 44.027807 ], [ -72.909757, 44.019967 ], [ -72.913322, 44.019273 ], [ -72.919581, 44.018054 ], [ -72.925259, 44.006429 ], [ -72.931996, 43.994446 ], [ -72.943622, 43.968783 ], [ -72.946705, 43.949694 ], [ -72.951827, 43.939174 ], [ -72.963045, 43.92706 ], [ -72.965799, 43.914094 ], [ -72.973287, 43.90416 ], [ -72.973632, 43.894321 ], [ -72.971302, 43.888163 ], [ -72.977978, 43.879889 ], [ -72.978603, 43.867639 ], [ -72.970524, 43.853237 ], [ -72.965045, 43.844439 ], [ -72.965938, 43.831636 ], [ -72.952299, 43.819577 ], [ -72.935624, 43.791877 ], [ -72.911013, 43.767787 ], [ -72.899358, 43.761997 ], [ -72.886053, 43.755387 ], [ -72.886317, 43.753153 ], [ -72.886908, 43.748155 ], [ -72.871239, 43.743206 ], [ -72.865859, 43.739433 ], [ -72.859801, 43.724254 ], [ -72.851981, 43.701732 ], [ -72.845932, 43.68655 ], [ -72.837937, 43.674565 ], [ -72.836196, 43.66584 ], [ -72.833252, 43.6539 ], [ -72.833319, 43.638049 ], [ -72.825952, 43.625131 ], [ -72.824246, 43.622139 ], [ -72.820356, 43.615585 ], [ -72.817103, 43.596784 ], [ -72.806663, 43.587354 ], [ -72.800464, 43.574639 ], [ -72.802213, 43.562511 ], [ -72.802708, 43.559071 ], [ -72.800212, 43.544179 ], [ -72.795404, 43.523127 ], [ -72.7868, 43.515393 ], [ -72.786511, 43.515191 ], [ -72.774266, 43.506674 ], [ -72.772275, 43.494389 ], [ -72.772934, 43.480902 ], [ -72.773219, 43.475062 ], [ -72.773562, 43.468036 ], [ -72.77814, 43.454914 ], [ -72.786892, 43.446484 ], [ -72.792961, 43.440635 ], [ -72.800955, 43.425888 ], [ -72.798186, 43.41155 ], [ -72.798025, 43.411274 ], [ -72.789681, 43.396931 ], [ -72.78282, 43.385132 ], [ -72.78466, 43.378868 ], [ -72.791047, 43.373429 ], [ -72.803024, 43.371254 ], [ -72.817498, 43.370014 ], [ -72.832585, 43.371159 ], [ -72.849628, 43.370458 ], [ -72.860415, 43.364472 ], [ -72.871223, 43.352173 ], [ -72.877023, 43.343514 ], [ -72.880912, 43.336212 ], [ -72.886033, 43.330757 ], [ -72.889847, 43.328041 ], [ -72.895554, 43.324879 ], [ -72.910743, 43.31768 ], [ -72.918381, 43.311321 ], [ -72.926049, 43.303597 ], [ -72.928711, 43.294449 ], [ -72.930724, 43.285755 ], [ -72.931411, 43.281635 ], [ -72.931482, 43.277048 ], [ -72.93431, 43.275368 ], [ -72.935309, 43.274784 ], [ -72.932229, 43.270184 ], [ -72.93116, 43.258709 ], [ -72.933175, 43.250469 ], [ -72.935876, 43.238114 ], [ -72.939827, 43.226681 ], [ -72.949394, 43.216675 ], [ -72.962158, 43.202564 ], [ -72.974907, 43.188912 ], [ -72.985717, 43.178455 ], [ -72.992211, 43.163376 ], [ -73.009552, 43.138219 ], [ -73.016898, 43.124557 ], [ -73.017972, 43.113052 ], [ -73.010431, 43.103119 ], [ -72.998225, 43.095999 ], [ -72.998246, 43.095984 ], [ -73.005272, 43.085964 ], [ -73.009827, 43.074539 ], [ -73.007561, 43.058468 ], [ -73.005189, 43.049732 ], [ -73.006546, 43.042404 ], [ -73.026742, 43.030178 ], [ -73.038765, 43.02018 ], [ -73.054526, 43.010673 ], [ -73.063958, 43.006615 ], [ -73.069686, 42.998863 ], [ -73.069228, 42.987384 ], [ -73.064393, 42.975426 ], [ -73.059653, 42.957039 ], [ -73.059867, 42.941902 ], [ -73.065116, 42.924049 ], [ -73.070877, 42.913998 ], [ -73.067863, 42.906177 ], [ -73.064888, 42.895603 ], [ -73.059213, 42.884817 ], [ -73.061557, 42.87611 ], [ -73.070395, 42.868403 ], [ -73.075853, 42.860472 ], [ -73.078452, 42.845636 ], [ -73.076609, 42.835075 ], [ -73.075853, 42.830745 ], [ -73.066505, 42.820983 ], [ -73.055415, 42.820579 ], [ -73.051964, 42.820453 ], [ -73.026776, 42.820361 ], [ -73.012994, 42.818577 ], [ -73.006165, 42.816227 ], [ -73.003136, 42.810242 ], [ -73.004003, 42.80208 ], [ -73.005774, 42.785381 ], [ -73.010716, 42.769274 ], [ -73.016688, 42.760237 ], [ -73.031477, 42.749068 ], [ -73.037581, 42.739843 ], [ -73.039086, 42.737568 ], [ -73.042365, 42.73136 ], [ -73.042369, 42.731351 ], [ -73.042109, 42.726332 ], [ -73.040034, 42.717762 ], [ -73.049622, 42.708391 ], [ -73.060498, 42.692529 ], [ -73.066702, 42.673644 ], [ -73.064872, 42.655229 ], [ -73.055482, 42.633526 ], [ -73.05375, 42.624333 ], [ -73.054297, 42.616451 ], [ -73.055794, 42.611038 ], [ -73.056557, 42.601402 ], [ -73.055412, 42.594051 ], [ -73.055533, 42.585792 ], [ -73.052557, 42.576587 ], [ -73.050826, 42.56694 ], [ -73.049736, 42.556828 ], [ -73.049187, 42.551319 ], [ -73.051104, 42.547679 ], [ -73.051113, 42.547661 ], [ -73.056699, 42.546331 ], [ -73.06418, 42.544548 ], [ -73.085915, 42.543793 ], [ -73.096472, 42.542962 ], [ -73.107779, 42.533397 ], [ -73.120323, 42.523849 ], [ -73.12783, 42.51931 ], [ -73.143983, 42.517586 ], [ -73.155801, 42.515373 ], [ -73.162674, 42.511295 ], [ -73.169595, 42.503536 ], [ -73.177138, 42.495323 ], [ -73.182168, 42.489388 ], [ -73.188393, 42.487599 ], [ -73.197068, 42.488114 ], [ -73.204499, 42.489536 ], [ -73.209396, 42.494618 ], [ -73.212432, 42.500607 ], [ -73.211655, 42.513912 ], [ -73.210221, 42.529968 ], [ -73.206969, 42.542797 ], [ -73.203727, 42.554253 ], [ -73.204224, 42.564812 ], [ -73.208457, 42.574478 ], [ -73.222604, 42.586045 ], [ -73.236792, 42.594391 ], [ -73.248513, 42.602261 ], [ -73.254668, 42.607345 ], [ -73.263335, 42.610157 ], [ -73.270782, 42.610679 ], [ -73.27517, 42.607472 ], [ -73.278352, 42.600605 ], [ -73.275955, 42.591873 ], [ -73.273552, 42.584518 ], [ -73.269911, 42.57669 ], [ -73.268785, 42.566132 ], [ -73.276373, 42.553325 ], [ -73.287681, 42.540539 ], [ -73.317824, 42.50899 ], [ -73.337362, 42.486732 ], [ -73.344074, 42.47095 ], [ -73.349446, 42.463743 ], [ -73.357675, 42.444625 ], [ -73.362712, 42.434738 ], [ -73.369785, 42.428324 ], [ -73.376695, 42.421127 ], [ -73.383739, 42.411366 ], [ -73.393954, 42.403104 ], [ -73.398496, 42.39943 ], [ -73.419013, 42.392997 ], [ -73.437049, 42.38632 ], [ -73.452545, 42.372708 ], [ -73.456941, 42.363034 ], [ -73.459941, 42.353016 ], [ -73.472946, 42.339159 ], [ -73.48839, 42.322448 ], [ -73.492208, 42.318314 ], [ -73.498674, 42.306221 ], [ -73.505697, 42.293078 ], [ -73.50788, 42.280264 ], [ -73.49833, 42.267153 ], [ -73.480307, 42.239711 ], [ -73.469157, 42.219896 ], [ -73.469269, 42.200844 ], [ -73.469326, 42.191006 ], [ -73.473336, 42.176419 ], [ -73.480298, 42.164416 ], [ -73.484942, 42.157898 ], [ -73.485914, 42.156532 ], [ -73.486162, 42.154216 ], [ -73.487034, 42.146053 ], [ -73.485109, 42.138902 ], [ -73.476711, 42.131264 ], [ -73.471973, 42.13051 ], [ -73.4599, 42.12859 ], [ -73.446597, 42.122703 ], [ -73.440787, 42.118503 ], [ -73.437728, 42.114814 ], [ -73.437776, 42.109764 ], [ -73.444014, 42.100612 ], [ -73.449036, 42.089611 ], [ -73.450913, 42.086403 ], [ -73.452857, 42.074932 ], [ -73.460954, 42.064404 ], [ -73.474594, 42.053898 ], [ -73.481309, 42.049614 ], [ -73.483879, 42.047974 ], [ -73.490664, 42.044882 ], [ -73.496863, 42.042057 ], [ -73.509245, 42.033382 ], [ -73.521027, 42.022407 ], [ -73.529702, 42.014633 ], [ -73.541473, 42.00457 ], [ -73.548295, 41.997711 ], [ -73.548943, 41.992657 ], [ -73.546533, 41.984841 ], [ -73.545356, 41.977028 ], [ -73.543579, 41.966004 ], [ -73.546104, 41.956829 ], [ -73.551086, 41.949032 ], [ -73.555473, 41.936195 ], [ -73.554885, 41.932514 ], [ -73.554305, 41.927005 ], [ -73.558639, 41.922882 ], [ -73.570954, 41.920632 ], [ -73.577101, 41.92065 ], [ -73.585106, 41.918842 ], [ -73.59069, 41.910595 ], [ -73.595032, 41.904175 ], [ -73.606765, 41.895485 ], [ -73.612945, 41.890453 ], [ -73.623418, 41.888209 ], [ -73.625296, 41.879471 ], [ -73.633941, 41.871692 ], [ -73.644448, 41.860691 ], [ -73.651878, 41.848774 ], [ -73.653809, 41.832245 ], [ -73.648988, 41.81432 ], [ -73.639275, 41.793159 ], [ -73.633224, 41.777058 ], [ -73.631446, 41.765114 ], [ -73.635779, 41.758694 ], [ -73.643775, 41.753666 ], [ -73.651765, 41.752312 ], [ -73.663437, 41.747749 ], [ -73.667138, 41.743622 ], [ -73.666566, 41.736271 ], [ -73.659241, 41.728443 ], [ -73.647026, 41.718761 ], [ -73.635446, 41.705406 ], [ -73.632423, 41.698505 ], [ -73.638611, 41.687492 ], [ -73.649705, 41.676045 ], [ -73.65648, 41.667794 ], [ -73.65284, 41.660889 ], [ -73.645539, 41.651222 ], [ -73.640716, 41.636963 ], [ -73.638961, 41.620876 ], [ -73.636598, 41.60479 ], [ -73.636031, 41.596062 ], [ -73.638549, 41.583202 ], [ -73.638587, 41.575393 ], [ -73.641668, 41.570364 ], [ -73.641671, 41.57035 ], [ -73.641654, 41.570344 ], [ -73.629463, 41.565716 ], [ -73.621514, 41.56477 ], [ -73.608657, 41.567032 ], [ -73.589051, 41.57156 ], [ -73.578636, 41.574737 ], [ -73.563935, 41.577442 ], [ -73.560258, 41.577427 ], [ -73.554129, 41.579246 ], [ -73.546791, 41.5783 ], [ -73.543136, 41.575989 ], [ -73.539513, 41.56908 ], [ -73.536499, 41.561718 ], [ -73.532851, 41.558487 ], [ -73.528935, 41.557433 ], [ -73.522477, 41.555695 ], [ -73.511496, 41.549675 ], [ -73.505447, 41.540462 ], [ -73.504912, 41.529434 ], [ -73.506828, 41.518871 ], [ -73.51178, 41.511078 ], [ -73.512427, 41.505108 ], [ -73.510057, 41.494988 ], [ -73.509505, 41.486713 ], [ -73.511367, 41.483047 ], [ -73.518112, 41.4794 ], [ -73.526078, 41.477131 ], [ -73.529174, 41.471172 ], [ -73.53048, 41.459229 ], [ -73.528083, 41.452324 ], [ -73.53241, 41.44545 ], [ -73.539582, 41.434379 ], [ -73.540427, 41.433075 ], [ -73.544739, 41.427113 ], [ -73.545371, 41.4239 ], [ -73.548469, 41.417019 ], [ -73.546683, 41.40966 ], [ -73.54235, 41.404585 ], [ -73.538811, 41.40044 ], [ -73.530342, 41.389378 ], [ -73.526757, 41.379715 ], [ -73.52562, 41.36776 ], [ -73.526306, 41.356274 ], [ -73.526931, 41.353519 ], [ -73.526971, 41.348461 ], [ -73.522744, 41.342015 ], [ -73.516066, 41.336933 ], [ -73.508171, 41.332306 ], [ -73.503335, 41.327229 ], [ -73.502129, 41.324471 ], [ -73.507056, 41.318054 ], [ -73.511369, 41.312096 ], [ -73.510185, 41.306118 ], [ -73.508415, 41.297832 ], [ -73.512756, 41.287746 ], [ -73.521355, 41.278587 ], [ -73.529931, 41.272644 ], [ -73.532572, 41.269761 ], [ -73.537902, 41.263943 ], [ -73.542832, 41.255692 ], [ -73.542281, 41.247871 ], [ -73.542937, 41.239601 ], [ -73.549699, 41.230438 ], [ -73.557655, 41.22403 ], [ -73.568048, 41.216256 ], [ -73.579048, 41.2094 ], [ -73.592484, 41.201634 ], [ -73.608315, 41.20031 ], [ -73.616836, 41.199413 ], [ -73.62413, 41.200821 ], [ -73.633856, 41.202686 ], [ -73.64055, 41.202709 ], [ -73.660097, 41.188973 ], [ -73.67289, 41.183952 ], [ -73.683869, 41.179386 ], [ -73.689964, 41.175724 ], [ -73.698518, 41.167473 ], [ -73.703415, 41.160591 ], [ -73.706474, 41.155544 ], [ -73.711959, 41.152336 ], [ -73.720474, 41.152821 ], [ -73.724731, 41.152366 ], [ -73.732657, 41.149162 ], [ -73.735092, 41.145958 ], [ -73.756612, 41.126787 ], [ -73.788551, 41.093982 ], [ -73.803816, 41.06113 ], [ -73.829611, 41.024367 ], [ -73.861219, 40.953241 ], [ -73.877372, 40.906763 ], [ -73.910599, 40.839467 ], [ -73.927088, 40.81134 ], [ -73.922312, 40.800623 ], [ -73.917874, 40.80466 ], [ -73.907913, 40.808115 ], [ -73.886765, 40.815447 ], [ -73.886764, 40.815447 ], [ -73.832517, 40.823007 ], [ -73.598166, 40.9431 ], [ -73.325948, 41.013701 ], [ -72.152731, 41.228818 ], [ -71.806105, 41.179476 ], [ -70.404264, 37.906834 ], [ -70.242574, 37.906469 ], [ -70.237047, 37.906332 ], [ -70.220336, 37.905948 ], [ -70.199295, 37.905537 ], [ -70.182367, 37.905263 ], [ -70.178144, 37.905139 ], [ -70.169986, 37.904908 ], [ -70.154605, 37.904499 ], [ -70.133567, 37.904007 ], [ -70.112528, 37.903596 ], [ -70.091486, 37.903263 ], [ -70.070442, 37.903011 ], [ -70.049397, 37.902837 ], [ -70.028351, 37.902743 ], [ -70.007306, 37.902729 ], [ -69.98626, 37.902794 ], [ -69.965215, 37.902938 ], [ -69.94417, 37.903162 ], [ -69.923128, 37.903466 ], [ -69.902087, 37.903849 ], [ -69.890076, 37.904103 ], [ -69.876892, 37.904402 ], [ -69.863078, 37.904749 ], [ -69.855128, 37.904963 ], [ -69.834096, 37.905584 ], [ -69.813068, 37.906285 ], [ -69.792044, 37.907065 ], [ -69.771024, 37.907924 ], [ -69.75001, 37.908863 ], [ -69.729002, 37.909882 ], [ -69.722199, 37.910228 ], [ -69.706744, 37.911044 ], [ -69.685748, 37.91222 ], [ -69.664759, 37.913476 ], [ -69.643777, 37.914812 ], [ -69.622804, 37.916226 ], [ -69.601838, 37.91772 ], [ -69.580881, 37.919293 ], [ -69.559934, 37.920945 ], [ -69.538996, 37.922676 ], [ -69.518069, 37.924486 ], [ -69.497152, 37.926375 ], [ -69.476246, 37.928343 ], [ -69.455352, 37.93039 ], [ -69.439389, 37.932008 ], [ -69.432966, 37.93267 ], [ -69.412096, 37.934875 ], [ -69.41041, 37.935057 ], [ -69.390407, 37.937248 ], [ -69.369563, 37.939611 ], [ -69.348733, 37.942052 ], [ -69.327917, 37.944571 ], [ -69.307116, 37.947169 ], [ -69.28633, 37.949846 ], [ -69.26556, 37.952601 ], [ -69.244805, 37.955434 ], [ -69.224067, 37.958346 ], [ -69.203346, 37.961336 ], [ -69.182643, 37.964404 ], [ -69.161957, 37.967551 ], [ -69.14129, 37.970775 ], [ -69.120641, 37.974078 ], [ -69.100012, 37.977458 ], [ -69.079402, 37.980917 ], [ -69.058813, 37.984453 ], [ -69.038244, 37.988066 ], [ -69.029043, 37.989709 ], [ -69.016304, 37.992007 ], [ -68.995777, 37.995776 ], [ -68.975273, 37.999622 ], [ -68.95479, 38.003546 ], [ -68.940338, 38.006364 ], [ -68.937342, 38.006943 ], [ -68.916882, 38.010944 ], [ -68.896444, 38.015022 ], [ -68.876031, 38.019177 ], [ -68.855641, 38.02341 ], [ -68.835276, 38.027719 ], [ -68.814936, 38.032105 ], [ -68.794622, 38.036568 ], [ -68.774333, 38.041107 ], [ -68.754071, 38.045723 ], [ -68.744375, 38.047961 ], [ -68.733162, 38.050572 ], [ -68.712954, 38.055341 ], [ -68.692773, 38.060186 ], [ -68.672621, 38.065107 ], [ -68.652497, 38.070104 ], [ -68.632403, 38.075177 ], [ -68.612337, 38.080326 ], [ -68.592302, 38.08555 ], [ -68.572297, 38.09085 ], [ -68.552323, 38.096226 ], [ -68.53238, 38.101677 ], [ -68.525023, 38.103709 ], [ -68.511701, 38.107416 ], [ -68.491822, 38.113017 ], [ -68.471976, 38.118693 ], [ -68.452162, 38.124444 ], [ -68.432382, 38.13027 ], [ -68.412636, 38.13617 ], [ -68.392924, 38.142145 ], [ -68.373247, 38.148194 ], [ -68.353605, 38.154317 ], [ -68.333999, 38.160515 ], [ -68.314428, 38.166786 ], [ -68.294895, 38.173131 ], [ -68.275398, 38.17955 ], [ -68.255939, 38.186042 ], [ -68.236517, 38.192608 ], [ -68.217134, 38.199247 ], [ -68.19779, 38.205958 ], [ -68.178484, 38.212743 ], [ -68.175377, 38.213843 ], [ -68.171147, 38.215337 ], [ -68.15188, 38.222195 ], [ -68.132654, 38.229125 ], [ -68.113467, 38.236128 ], [ -68.100077, 38.241067 ], [ -68.093552, 38.243488 ], [ -68.074448, 38.250635 ], [ -68.055385, 38.257854 ], [ -68.041363, 38.263221 ], [ -68.035786, 38.265368 ], [ -68.016808, 38.272731 ], [ -68.000032, 38.279313 ], [ -67.993288, 38.281971 ], [ -67.974396, 38.289476 ], [ -67.955548, 38.297053 ], [ -67.936744, 38.304701 ], [ -67.917985, 38.31242 ], [ -67.899271, 38.320209 ], [ -67.880603, 38.328069 ], [ -67.861981, 38.335999 ], [ -67.843405, 38.343999 ], [ -67.824876, 38.352069 ], [ -67.806394, 38.36021 ], [ -67.78796, 38.368419 ], [ -67.769574, 38.376698 ], [ -67.751236, 38.385047 ], [ -67.732948, 38.393464 ], [ -67.714708, 38.401951 ], [ -67.696519, 38.410506 ], [ -67.678379, 38.41913 ], [ -67.660291, 38.427821 ], [ -67.642253, 38.436582 ], [ -67.624267, 38.44541 ], [ -67.606333, 38.454305 ], [ -67.588451, 38.463269 ], [ -67.570621, 38.472299 ], [ -67.552845, 38.481397 ], [ -67.535122, 38.490562 ], [ -67.517453, 38.499793 ], [ -67.499839, 38.509091 ], [ -67.498896, 38.509591 ], [ -67.498379, 38.509866 ], [ -67.480819, 38.51923 ], [ -67.464404, 38.528071 ], [ -67.460232, 38.530327 ], [ -67.442782, 38.539823 ], [ -67.425388, 38.549385 ], [ -67.408051, 38.559012 ], [ -67.39077, 38.568705 ], [ -67.373547, 38.578463 ], [ -67.356381, 38.588285 ], [ -67.339273, 38.598173 ], [ -67.322224, 38.608124 ], [ -67.305233, 38.61814 ], [ -67.288301, 38.62822 ], [ -67.271429, 38.638363 ], [ -67.254618, 38.64857 ], [ -67.237866, 38.65884 ], [ -67.221175, 38.669173 ], [ -67.220256, 38.669746 ], [ -67.203903, 38.679969 ], [ -67.187336, 38.690428 ], [ -67.170829, 38.700949 ], [ -67.154386, 38.711531 ], [ -67.138005, 38.722176 ], [ -67.121687, 38.732883 ], [ -67.105433, 38.743651 ], [ -67.089243, 38.75448 ], [ -67.073117, 38.76537 ], [ -67.057055, 38.77632 ], [ -67.041059, 38.787331 ], [ -67.025129, 38.798402 ], [ -67.009264, 38.809534 ], [ -66.993466, 38.820724 ], [ -66.992648, 38.821307 ], [ -66.977488, 38.832149 ], [ -66.961823, 38.843459 ], [ -66.946226, 38.854827 ], [ -66.930696, 38.866254 ], [ -66.915235, 38.877739 ], [ -66.899842, 38.889282 ], [ -66.884518, 38.900884 ], [ -66.869263, 38.912542 ], [ -66.854078, 38.924259 ], [ -66.838963, 38.936032 ], [ -66.823919, 38.947862 ], [ -66.808945, 38.959749 ], [ -66.794042, 38.971692 ], [ -66.779211, 38.983691 ], [ -66.764452, 38.995745 ], [ -66.749765, 39.007855 ], [ -66.735151, 39.020021 ], [ -66.72061, 39.032241 ], [ -66.706142, 39.044516 ], [ -66.691748, 39.056845 ], [ -66.677428, 39.069229 ], [ -66.663182, 39.081666 ], [ -66.649012, 39.094157 ], [ -66.634916, 39.1067 ], [ -66.620896, 39.119297 ], [ -66.606952, 39.131947 ], [ -66.593085, 39.144649 ], [ -66.579293, 39.157403 ], [ -66.565579, 39.170208 ], [ -66.551942, 39.183066 ], [ -66.538383, 39.195974 ], [ -66.524902, 39.208934 ], [ -66.511499, 39.221944 ], [ -66.498175, 39.235004 ], [ -66.484929, 39.248114 ], [ -66.471764, 39.261274 ], [ -66.458678, 39.274484 ], [ -66.445672, 39.287743 ], [ -66.432746, 39.30105 ], [ -66.419902, 39.314406 ], [ -66.407138, 39.32781 ], [ -66.394456, 39.341262 ], [ -66.381855, 39.354762 ], [ -66.369337, 39.368309 ], [ -66.356901, 39.381903 ], [ -66.344548, 39.395544 ], [ -66.332278, 39.409231 ], [ -66.320092, 39.422963 ], [ -66.307989, 39.436742 ], [ -66.29597, 39.450566 ], [ -66.284036, 39.464435 ], [ -66.272186, 39.478349 ], [ -66.260421, 39.492308 ], [ -66.248742, 39.50631 ], [ -66.237149, 39.520356 ], [ -66.225641, 39.534446 ], [ -66.21422, 39.548579 ], [ -66.202886, 39.562755 ], [ -66.191638, 39.576973 ], [ -66.180478, 39.591234 ], [ -66.169405, 39.605536 ], [ -66.15842, 39.619879 ], [ -66.147524, 39.634264 ], [ -66.136715, 39.64869 ], [ -66.125996, 39.663156 ], [ -66.115366, 39.677663 ], [ -66.104825, 39.692209 ], [ -66.094374, 39.706795 ], [ -66.084013, 39.721419 ], [ -66.073742, 39.736083 ], [ -66.063561, 39.750785 ], [ -66.053472, 39.765525 ], [ -66.043474, 39.780303 ], [ -66.033567, 39.795119 ], [ -66.023752, 39.809972 ], [ -66.014029, 39.824861 ], [ -66.004398, 39.839787 ], [ -65.99486, 39.854748 ], [ -65.985415, 39.869746 ], [ -65.976063, 39.884779 ], [ -65.966805, 39.899846 ], [ -65.95764, 39.914949 ], [ -65.676361, 40.051421 ], [ -65.619444, 40.051149 ], [ -65.572089, 40.051337 ], [ -65.524738, 40.051903 ], [ -65.477397, 40.052845 ], [ -65.43007, 40.054164 ], [ -65.382763, 40.05586 ], [ -65.335479, 40.057932 ], [ -65.288225, 40.060381 ], [ -65.241004, 40.063205 ], [ -65.193822, 40.066405 ], [ -65.146683, 40.069981 ], [ -65.099592, 40.073932 ], [ -65.052555, 40.078257 ], [ -65.005575, 40.082956 ], [ -64.958657, 40.088029 ], [ -64.911807, 40.093476 ], [ -64.865029, 40.099294 ], [ -64.818328, 40.105485 ], [ -64.771709, 40.112048 ], [ -64.725176, 40.11898 ], [ -64.678735, 40.126283 ], [ -64.63239, 40.133956 ], [ -64.586145, 40.141996 ], [ -64.540006, 40.150404 ], [ -64.493977, 40.159179 ], [ -64.448063, 40.16832 ], [ -64.402269, 40.177826 ], [ -64.3566, 40.187696 ], [ -64.31106, 40.197928 ], [ -64.265654, 40.208523 ], [ -64.220386, 40.219478 ], [ -64.175262, 40.230793 ], [ -64.130286, 40.242466 ], [ -64.094825, 40.251951 ], [ -64.059461, 40.261658 ], [ -64.024198, 40.271588 ], [ -63.989037, 40.28174 ], [ -63.95398, 40.292112 ], [ -63.919031, 40.302705 ], [ -63.884191, 40.313517 ], [ -63.849463, 40.324548 ], [ -63.618763, 40.398342 ], [ -63.564323, 40.415992 ], [ -63.510171, 40.434177 ], [ -63.456317, 40.452896 ], [ -63.402768, 40.472144 ], [ -63.349534, 40.491919 ], [ -63.296624, 40.512217 ], [ -63.244045, 40.533036 ], [ -63.150376, 40.571766 ], [ -63.109172, 40.589485 ], [ -63.068198, 40.607527 ], [ -63.02746, 40.62589 ], [ -62.986962, 40.644574 ], [ -62.946709, 40.663575 ], [ -62.906704, 40.682892 ], [ -62.866952, 40.702523 ], [ -62.827457, 40.722466 ], [ -62.788224, 40.742718 ], [ -62.749256, 40.763278 ], [ -62.710558, 40.784144 ], [ -62.672134, 40.805313 ], [ -62.633989, 40.826783 ], [ -62.596126, 40.848553 ], [ -62.55855, 40.870619 ], [ -62.299132, 41.023671 ], [ -62.292026, 41.027457 ], [ -62.28996, 41.026622 ], [ -62.288255, 41.025935 ], [ -62.284843, 41.024562 ], [ -62.283138, 41.023878 ], [ -62.264387, 41.016374 ], [ -62.262044, 41.015439 ], [ -62.257351, 41.013574 ], [ -62.255004, 41.012644 ], [ -62.245603, 41.008933 ], [ -62.243252, 41.008008 ], [ -62.238546, 41.006164 ], [ -62.236192, 41.005244 ], [ -62.217334, 40.997903 ], [ -62.214978, 40.996989 ], [ -62.210258, 40.995165 ], [ -62.207898, 40.994255 ], [ -62.198444, 40.990626 ], [ -62.19608, 40.989722 ], [ -62.191347, 40.987919 ], [ -62.18898, 40.98702 ], [ -62.170018, 40.979843 ], [ -62.168835, 40.979396 ], [ -62.166465, 40.978502 ], [ -62.16528, 40.978056 ], [ -62.160535, 40.976273 ], [ -62.159348, 40.975828 ], [ -62.156975, 40.974939 ], [ -62.155788, 40.974495 ], [ -62.146282, 40.970948 ], [ -62.145095, 40.970506 ], [ -62.142718, 40.969622 ], [ -62.141529, 40.969181 ], [ -62.13677, 40.967418 ], [ -62.135581, 40.966978 ], [ -62.133201, 40.966099 ], [ -62.132011, 40.965661 ], [ -62.120974, 40.961601 ], [ -62.114721, 40.959323 ], [ -62.102191, 40.954803 ], [ -62.095916, 40.952562 ], [ -62.070769, 40.943667 ], [ -62.064475, 40.941462 ], [ -62.051862, 40.937088 ], [ -62.045548, 40.93492 ], [ -61.994929, 40.917706 ], [ -61.989615, 40.915913 ], [ -61.978967, 40.912351 ], [ -61.973636, 40.910583 ], [ -61.952276, 40.90356 ], [ -61.946987, 40.901836 ], [ -61.946392, 40.901643 ], [ -61.942415, 40.900289 ], [ -61.93722, 40.898533 ], [ -61.923973, 40.894096 ], [ -61.92066, 40.892992 ], [ -61.914027, 40.890793 ], [ -61.910709, 40.889699 ], [ -61.897418, 40.885341 ], [ -61.894094, 40.884257 ], [ -61.887439, 40.882098 ], [ -61.88411, 40.881024 ], [ -61.870776, 40.876746 ], [ -61.867441, 40.875682 ], [ -61.860765, 40.873563 ], [ -61.857424, 40.872509 ], [ -61.844048, 40.868312 ], [ -61.840703, 40.867268 ], [ -61.834005, 40.865189 ], [ -61.830655, 40.864155 ], [ -61.817237, 40.860038 ], [ -61.814382, 40.859166 ], [ -61.808666, 40.857429 ], [ -61.805807, 40.856564 ], [ -61.794358, 40.853119 ], [ -61.791515, 40.852267 ], [ -61.785823, 40.850571 ], [ -61.783006, 40.849736 ], [ -61.780624, 40.849033 ], [ -61.767564, 40.845082 ], [ -61.764081, 40.844035 ], [ -61.757109, 40.841951 ], [ -61.75362, 40.840915 ], [ -61.74391, 40.838047 ], [ -61.742697, 40.83769 ], [ -61.74027, 40.836976 ], [ -61.739056, 40.83662 ], [ -61.734197, 40.835197 ], [ -61.732983, 40.834842 ], [ -61.730554, 40.834134 ], [ -61.72934, 40.833781 ], [ -61.709877, 40.828127 ], [ -61.707445, 40.827424 ], [ -61.702576, 40.826022 ], [ -61.700141, 40.825323 ], [ -61.690391, 40.822539 ], [ -61.687954, 40.821845 ], [ -61.683075, 40.820464 ], [ -61.680635, 40.819776 ], [ -61.661094, 40.81429 ], [ -61.658652, 40.813608 ], [ -61.653764, 40.812247 ], [ -61.651319, 40.81157 ], [ -61.64153, 40.808869 ], [ -61.639155, 40.808216 ], [ -61.634185, 40.806857 ], [ -61.631736, 40.806191 ], [ -61.611977, 40.800834 ], [ -61.611272, 40.800643 ], [ -61.610436, 40.800417 ], [ -61.609328, 40.800118 ], [ -61.608774, 40.799968 ], [ -61.605425, 40.799066 ], [ -61.604587, 40.79884 ], [ -61.602909, 40.798389 ], [ -61.60207, 40.798164 ], [ -61.595214, 40.796327 ], [ -61.592802, 40.795684 ], [ -61.587974, 40.794402 ], [ -61.585559, 40.793764 ], [ -61.576188, 40.791298 ], [ -61.573844, 40.790684 ], [ -61.569154, 40.789461 ], [ -61.566808, 40.788852 ], [ -61.554458, 40.785659 ], [ -61.552915, 40.785261 ], [ -61.549827, 40.784467 ], [ -61.548283, 40.784071 ], [ -61.542101, 40.782492 ], [ -61.540557, 40.782098 ], [ -61.537466, 40.781313 ], [ -61.535921, 40.780921 ], [ -61.517434, 40.776251 ], [ -61.516281, 40.77596 ], [ -61.513971, 40.775379 ], [ -61.512816, 40.775089 ], [ -61.508192, 40.773931 ], [ -61.507036, 40.773642 ], [ -61.504724, 40.773066 ], [ -61.503568, 40.772778 ], [ -61.49431, 40.77048 ], [ -61.493154, 40.770193 ], [ -61.490839, 40.769621 ], [ -61.489682, 40.769336 ], [ -61.485049, 40.768196 ], [ -61.483891, 40.767912 ], [ -61.481575, 40.767344 ], [ -61.480416, 40.767061 ], [ -61.475203, 40.76579 ], [ -61.471761, 40.764957 ], [ -61.464872, 40.7633 ], [ -61.461426, 40.762477 ], [ -61.447631, 40.759205 ], [ -61.444182, 40.758392 ], [ -61.437278, 40.756778 ], [ -61.433826, 40.755976 ], [ -61.406173, 40.749596 ], [ -61.402718, 40.748805 ], [ -61.395801, 40.747231 ], [ -61.392341, 40.746449 ], [ -61.378487, 40.743343 ], [ -61.375024, 40.742572 ], [ -61.368093, 40.74104 ], [ -61.36463, 40.74028 ], [ -61.309093, 40.728175 ], [ -61.305626, 40.727424 ], [ -61.298683, 40.725932 ], [ -61.29521, 40.725191 ], [ -61.2813, 40.722246 ], [ -61.277823, 40.721515 ], [ -61.270862, 40.720064 ], [ -61.267382, 40.719344 ], [ -61.239499, 40.713619 ], [ -61.236016, 40.712909 ], [ -61.229041, 40.711499 ], [ -61.225552, 40.710799 ], [ -61.211585, 40.70802 ], [ -61.208093, 40.70733 ], [ -61.201105, 40.705962 ], [ -61.197611, 40.705284 ], [ -61.168412, 40.699658 ], [ -61.163835, 40.698785 ], [ -61.154671, 40.697057 ], [ -61.150087, 40.696203 ], [ -61.131733, 40.692818 ], [ -61.127144, 40.691982 ], [ -61.117959, 40.690326 ], [ -61.113366, 40.689508 ], [ -61.076571, 40.683025 ], [ -61.071974, 40.682224 ], [ -61.06277, 40.68064 ], [ -61.058166, 40.679857 ], [ -61.039733, 40.676759 ], [ -61.035125, 40.675995 ], [ -61.025904, 40.674483 ], [ -61.021295, 40.673737 ], [ -60.94741, 40.66191 ], [ -60.945172, 40.661553 ], [ -60.940684, 40.660842 ], [ -60.93844, 40.660489 ], [ -60.92945, 40.659083 ], [ -60.927203, 40.658734 ], [ -60.922707, 40.658039 ], [ -60.920459, 40.657695 ], [ -60.902452, 40.654949 ], [ -60.89795, 40.654271 ], [ -60.888939, 40.652933 ], [ -60.884432, 40.652273 ], [ -60.866391, 40.649665 ], [ -60.86188, 40.649022 ], [ -60.852853, 40.647753 ], [ -60.848338, 40.647127 ], [ -60.830265, 40.644658 ], [ -60.828409, 40.644406 ], [ -60.824695, 40.643904 ], [ -60.822839, 40.643655 ], [ -60.815406, 40.642663 ], [ -60.814579, 40.642553 ], [ -60.812192, 40.642237 ], [ -60.809804, 40.641923 ], [ -60.807171, 40.64158 ], [ -60.805854, 40.641409 ], [ -60.803738, 40.641135 ], [ -60.803209, 40.641067 ], [ -60.802151, 40.640931 ], [ -60.801607, 40.640861 ], [ -60.800349, 40.640699 ], [ -60.799333, 40.640569 ], [ -60.792681, 40.639719 ], [ -60.791362, 40.63955 ], [ -60.789853, 40.639358 ], [ -60.786868, 40.638981 ], [ -60.785375, 40.638794 ], [ -60.77945, 40.638053 ], [ -60.777969, 40.637868 ], [ -60.775007, 40.637502 ], [ -60.773526, 40.63732 ], [ -60.76174, 40.635876 ], [ -60.760268, 40.635696 ], [ -60.757322, 40.635339 ], [ -60.75585, 40.635161 ], [ -60.749955, 40.634454 ], [ -60.748455, 40.634457 ], [ -60.745516, 40.634061 ], [ -60.744044, 40.633893 ], [ -60.738308, 40.633145 ], [ -60.721179, 40.631076 ], [ -60.718321, 40.630741 ], [ -60.712598, 40.630097 ], [ -60.709737, 40.629776 ], [ -60.704412, 40.629183 ], [ -60.698281, 40.628546 ], [ -60.695417, 40.62825 ], [ -60.689701, 40.627509 ], [ -60.686839, 40.627197 ], [ -60.663915, 40.624726 ], [ -60.661051, 40.624421 ], [ -60.65532, 40.623817 ], [ -60.652455, 40.623519 ], [ -60.640985, 40.622339 ], [ -60.638118, 40.622047 ], [ -60.632382, 40.621471 ], [ -60.629515, 40.621187 ], [ -60.606555, 40.618935 ], [ -60.605122, 40.618796 ], [ -60.602254, 40.618518 ], [ -60.600821, 40.61838 ], [ -60.59508, 40.617831 ], [ -60.593646, 40.617694 ], [ -60.590776, 40.617423 ], [ -60.589342, 40.617289 ], [ -60.577854, 40.616217 ], [ -60.57642, 40.616084 ], [ -60.573549, 40.61582 ], [ -60.572114, 40.615689 ], [ -60.56637, 40.615167 ], [ -60.564935, 40.615038 ], [ -60.562063, 40.61478 ], [ -60.560629, 40.614653 ], [ -60.537846, 40.612637 ], [ -60.531302, 40.612077 ], [ -60.518207, 40.610991 ], [ -60.511658, 40.610467 ], [ -60.485446, 40.60844 ], [ -60.478894, 40.607951 ], [ -60.465782, 40.60701 ], [ -60.459227, 40.606558 ], [ -60.406738, 40.603076 ], [ -60.400181, 40.602658 ], [ -60.387057, 40.601858 ], [ -60.380494, 40.601476 ], [ -60.354225, 40.600021 ], [ -60.347662, 40.599675 ], [ -60.334528, 40.59902 ], [ -60.327966, 40.598711 ], [ -60.222829, 40.594009 ], [ -60.216326, 40.593733 ], [ -60.203302, 40.593218 ], [ -60.196791, 40.592978 ], [ -60.170722, 40.592087 ], [ -60.164218, 40.591883 ], [ -60.151206, 40.591509 ], [ -60.144725, 40.591341 ], [ -60.131178, 40.591026 ], [ -60.12705, 40.590895 ], [ -60.124712, 40.590824 ], [ -60.119984, 40.590684 ], [ -60.11762, 40.590617 ], [ -60.108111, 40.590354 ], [ -60.105735, 40.590291 ], [ -60.100982, 40.590169 ], [ -60.098606, 40.590111 ], [ -60.079517, 40.589659 ], [ -60.077133, 40.589604 ], [ -60.072362, 40.589501 ], [ -60.069977, 40.589451 ], [ -60.060432, 40.589263 ], [ -60.058047, 40.589218 ], [ -60.053276, 40.589134 ], [ -60.050891, 40.589094 ], [ -60.031797, 40.588793 ], [ -60.029412, 40.588757 ], [ -60.02464, 40.588691 ], [ -60.022255, 40.588661 ], [ -60.012708, 40.588548 ], [ -60.010323, 40.588522 ], [ -60.005551, 40.588475 ], [ -60.003166, 40.588454 ], [ -59.984069, 40.588303 ], [ -59.982877, 40.588294 ], [ -59.980492, 40.588278 ], [ -59.9793, 40.58827 ], [ -59.974526, 40.588242 ], [ -59.973334, 40.588235 ], [ -59.970948, 40.588223 ], [ -59.969756, 40.588218 ], [ -59.960206, 40.58818 ], [ -59.959014, 40.588176 ], [ -59.956627, 40.588168 ], [ -59.955434, 40.588165 ], [ -59.95066, 40.588156 ], [ -59.949466, 40.588154 ], [ -59.947079, 40.588152 ], [ -59.945885, 40.588151 ], [ -59.944955, 40.588151 ], [ -59.943093, 40.588153 ], [ -59.942162, 40.588154 ], [ -59.938439, 40.58816 ], [ -59.937509, 40.588162 ], [ -59.935648, 40.588166 ], [ -59.934718, 40.588168 ], [ -59.927271, 40.588192 ], [ -59.926342, 40.588195 ], [ -59.924481, 40.588202 ], [ -59.923551, 40.588206 ], [ -59.919828, 40.588223 ], [ -59.918898, 40.588228 ], [ -59.917037, 40.588238 ], [ -59.916105, 40.588244 ], [ -59.907294, 40.588298 ], [ -59.906207, 40.588305 ], [ -59.904574, 40.588316 ], [ -59.903497, 40.588323 ], [ -59.894834, 40.588384 ], [ -59.869961, 40.588533 ], [ -59.867036, 40.588554 ], [ -59.861178, 40.588603 ], [ -59.85825, 40.588631 ], [ -59.846527, 40.588758 ], [ -59.843598, 40.588793 ], [ -59.837738, 40.588871 ], [ -59.83481, 40.588913 ], [ -59.811358, 40.58928 ], [ -59.808429, 40.58933 ], [ -59.802569, 40.589436 ], [ -59.79964, 40.589492 ], [ -59.787919, 40.589733 ], [ -59.784991, 40.589796 ], [ -59.779133, 40.589931 ], [ -59.776208, 40.590001 ], [ -59.731343, 40.591135 ], [ -59.728544, 40.591208 ], [ -59.72294, 40.591362 ], [ -59.720139, 40.591443 ], [ -59.708927, 40.591777 ], [ -59.706126, 40.591863 ], [ -59.700522, 40.592044 ], [ -59.697722, 40.592137 ], [ -59.675298, 40.592909 ], [ -59.672497, 40.593009 ], [ -59.666893, 40.593215 ], [ -59.664093, 40.593321 ], [ -59.652884, 40.593759 ], [ -59.650083, 40.593872 ], [ -59.644479, 40.594104 ], [ -59.641678, 40.594224 ], [ -59.636505, 40.59445 ], [ -59.63288, 40.594615 ], [ -59.625629, 40.594955 ], [ -59.622005, 40.59513 ], [ -59.607507, 40.595855 ], [ -59.603885, 40.596041 ], [ -59.59664, 40.596425 ], [ -59.59302, 40.596622 ], [ -59.564039, 40.598245 ], [ -59.56042, 40.598453 ], [ -59.553181, 40.598879 ], [ -59.549563, 40.599098 ], [ -59.535084, 40.599996 ], [ -59.531468, 40.600226 ], [ -59.524235, 40.600697 ], [ -59.520622, 40.600937 ], [ -59.462737, 40.604869 ], [ -59.459126, 40.605119 ], [ -59.451897, 40.605631 ], [ -59.448284, 40.605892 ], [ -59.433825, 40.60696 ], [ -59.430212, 40.607232 ], [ -59.422987, 40.607787 ], [ -59.419377, 40.608071 ], [ -59.390472, 40.61038 ], [ -59.386863, 40.610674 ], [ -59.379642, 40.611272 ], [ -59.376033, 40.611577 ], [ -59.361594, 40.612818 ], [ -59.357986, 40.613134 ], [ -59.350771, 40.613776 ], [ -59.347165, 40.614103 ], [ -59.327027, 40.615957 ], [ -59.32499, 40.616147 ], [ -59.320913, 40.616529 ], [ -59.318875, 40.616722 ], [ -59.31072, 40.617501 ], [ -59.308683, 40.617697 ], [ -59.304608, 40.618093 ], [ -59.302571, 40.618293 ], [ -59.286268, 40.619906 ], [ -59.284232, 40.620109 ], [ -59.28016, 40.620519 ], [ -59.278124, 40.620726 ], [ -59.269979, 40.62156 ], [ -59.267945, 40.62177 ], [ -59.263876, 40.622194 ], [ -59.261844, 40.622407 ], [ -59.229272, 40.625853 ], [ -59.22724, 40.626069 ], [ -59.223173, 40.626506 ], [ -59.22114, 40.626726 ], [ -59.213004, 40.627615 ], [ -59.210971, 40.627838 ], [ -59.206905, 40.628289 ], [ -59.204874, 40.628516 ], [ -59.188607, 40.630348 ], [ -59.186575, 40.630579 ], [ -59.182511, 40.631043 ], [ -59.18048, 40.631277 ], [ -59.172352, 40.632221 ], [ -59.170321, 40.632458 ], [ -59.166259, 40.632937 ], [ -59.164229, 40.633178 ], [ -59.157587, 40.633973 ], [ -59.157023, 40.63404 ], [ -59.155894, 40.634176 ], [ -59.15533, 40.634244 ], [ -59.153071, 40.634516 ], [ -59.152506, 40.634584 ], [ -59.151377, 40.634721 ], [ -59.150813, 40.634789 ], [ -59.146295, 40.635338 ], [ -59.145731, 40.635407 ], [ -59.144602, 40.635545 ], [ -59.144038, 40.635614 ], [ -59.14178, 40.63589 ], [ -59.141216, 40.63596 ], [ -59.140087, 40.636098 ], [ -59.139524, 40.636168 ], [ -59.13049, 40.637283 ], [ -59.12972, 40.637378 ], [ -59.12818, 40.637569 ], [ -59.12741, 40.637665 ], [ -59.124327, 40.63805 ], [ -59.123557, 40.638146 ], [ -59.122017, 40.638339 ], [ -59.121247, 40.638436 ], [ -59.115083, 40.639213 ], [ -59.11391, 40.639362 ], [ -59.111563, 40.63966 ], [ -59.110391, 40.639809 ], [ -59.105698, 40.640411 ], [ -59.103923, 40.640639 ], [ -59.100374, 40.641099 ], [ -59.098585, 40.641333 ], [ -59.095981, 40.641675 ], [ -59.095315, 40.641762 ], [ -59.09431, 40.641895 ], [ -59.093789, 40.641963 ], [ -59.085756, 40.643026 ], [ -59.084844, 40.643147 ], [ -59.082747, 40.643426 ], [ -59.081744, 40.64356 ], [ -59.07773, 40.644097 ], [ -59.076728, 40.644232 ], [ -59.074723, 40.644503 ], [ -59.073722, 40.644638 ], [ -59.054375, 40.647262 ], [ -59.051959, 40.647592 ], [ -59.047127, 40.648258 ], [ -59.044712, 40.648593 ], [ -59.035048, 40.649944 ], [ -59.032634, 40.650285 ], [ -59.027806, 40.65097 ], [ -59.025394, 40.651315 ], [ -59.006083, 40.654096 ], [ -59.003672, 40.654446 ], [ -58.998849, 40.65515 ], [ -58.996438, 40.655505 ], [ -58.986793, 40.656935 ], [ -58.984384, 40.657294 ], [ -58.979565, 40.658019 ], [ -58.977158, 40.658383 ], [ -58.957885, 40.661321 ], [ -58.955479, 40.66169 ], [ -58.950665, 40.662434 ], [ -58.948259, 40.662808 ], [ -58.938634, 40.664316 ], [ -58.936229, 40.664695 ], [ -58.93142, 40.665458 ], [ -58.929018, 40.665842 ], [ -58.909785, 40.668936 ], [ -58.907384, 40.669325 ], [ -58.90258, 40.670107 ], [ -58.900179, 40.670501 ], [ -58.890575, 40.672087 ], [ -58.888175, 40.672485 ], [ -58.883377, 40.673288 ], [ -58.88098, 40.673691 ], [ -58.861789, 40.676941 ], [ -58.859393, 40.677349 ], [ -58.8546, 40.678171 ], [ -58.852204, 40.678584 ], [ -58.842621, 40.680247 ], [ -58.840227, 40.680665 ], [ -58.83544, 40.681506 ], [ -58.833048, 40.681929 ], [ -58.813901, 40.685334 ], [ -58.811511, 40.685762 ], [ -58.806729, 40.686622 ], [ -58.804339, 40.687055 ], [ -58.794779, 40.688796 ], [ -58.79239, 40.689233 ], [ -58.787614, 40.690113 ], [ -58.785228, 40.690556 ], [ -58.766128, 40.694116 ], [ -58.764937, 40.694338 ], [ -58.762552, 40.694785 ], [ -58.761361, 40.695009 ], [ -58.75659, 40.695908 ], [ -58.755399, 40.696133 ], [ -58.753015, 40.696585 ], [ -58.751824, 40.696811 ], [ -58.742288, 40.698629 ], [ -58.741097, 40.698857 ], [ -58.738715, 40.699313 ], [ -58.737525, 40.699542 ], [ -58.732762, 40.70046 ], [ -58.731572, 40.70069 ], [ -58.729193, 40.701151 ], [ -58.728006, 40.701382 ], [ -58.698529, 40.707125 ], [ -58.695371, 40.707744 ], [ -58.689053, 40.708993 ], [ -58.685896, 40.709621 ], [ -58.673268, 40.712154 ], [ -58.670114, 40.712791 ], [ -58.663807, 40.714074 ], [ -58.660657, 40.714719 ], [ -58.635442, 40.71992 ], [ -58.632295, 40.720574 ], [ -58.626, 40.72189 ], [ -58.622855, 40.722552 ], [ -58.610274, 40.72522 ], [ -58.607133, 40.725891 ], [ -58.600852, 40.727241 ], [ -58.597717, 40.72792 ], [ -58.547473, 40.738857 ], [ -58.54434, 40.739544 ], [ -58.53807, 40.740926 ], [ -58.534937, 40.741621 ], [ -58.522402, 40.744421 ], [ -58.519271, 40.745125 ], [ -58.513012, 40.746542 ], [ -58.509885, 40.747254 ], [ -58.484859, 40.75299 ], [ -58.481735, 40.753711 ], [ -58.475487, 40.755161 ], [ -58.472365, 40.75589 ], [ -58.459879, 40.758825 ], [ -58.45676, 40.759563 ], [ -58.450525, 40.761047 ], [ -58.447411, 40.761793 ], [ -58.427215, 40.76666 ], [ -58.425865, 40.766986 ], [ -58.423163, 40.76764 ], [ -58.421812, 40.767968 ], [ -58.416408, 40.769284 ], [ -58.415058, 40.769614 ], [ -58.412358, 40.770275 ], [ -58.411009, 40.770606 ], [ -58.400208, 40.773264 ], [ -58.398859, 40.773596 ], [ -58.396161, 40.774264 ], [ -58.394813, 40.774598 ], [ -58.389419, 40.775939 ], [ -58.388072, 40.776275 ], [ -58.385378, 40.776948 ], [ -58.384033, 40.777285 ], [ -58.362468, 40.782701 ], [ -58.360731, 40.783139 ], [ -58.357255, 40.784017 ], [ -58.355518, 40.784458 ], [ -58.348568, 40.786226 ], [ -58.346832, 40.786669 ], [ -58.343361, 40.787558 ], [ -58.341626, 40.788004 ], [ -58.327741, 40.791583 ], [ -58.325265, 40.792225 ], [ -58.320314, 40.793513 ], [ -58.317841, 40.794159 ], [ -58.307946, 40.796758 ], [ -58.305474, 40.79741 ], [ -58.300531, 40.79872 ], [ -58.298061, 40.799378 ], [ -58.292067, 40.800981 ], [ -58.29131, 40.801184 ], [ -58.289796, 40.80159 ], [ -58.28904, 40.801793 ], [ -58.286159, 40.802568 ], [ -58.285439, 40.802762 ], [ -58.283999, 40.80315 ], [ -58.283279, 40.803344 ], [ -58.265035, 40.808276 ], [ -58.262691, 40.808912 ], [ -58.258376, 40.810088 ], [ -58.257382, 40.81036 ], [ -58.256216, 40.810679 ], [ -58.247207, 40.813154 ], [ -58.244957, 40.813775 ], [ -58.240458, 40.815021 ], [ -58.23821, 40.815646 ], [ -58.220222, 40.820668 ], [ -58.217977, 40.821297 ], [ -58.213486, 40.822561 ], [ -58.211242, 40.823195 ], [ -58.202265, 40.825741 ], [ -58.200024, 40.826379 ], [ -58.195541, 40.827661 ], [ -58.193302, 40.828303 ], [ -58.17538, 40.833466 ], [ -58.173143, 40.834113 ], [ -58.168668, 40.835412 ], [ -58.166433, 40.836064 ], [ -58.15749, 40.83868 ], [ -58.155256, 40.839336 ], [ -58.15079, 40.840653 ], [ -58.14856, 40.841314 ], [ -58.130706, 40.846618 ], [ -58.128477, 40.847282 ], [ -58.12402, 40.848617 ], [ -58.121793, 40.849286 ], [ -58.112885, 40.851973 ], [ -58.11066, 40.852646 ], [ -58.106211, 40.853998 ], [ -58.103989, 40.854676 ], [ -58.086206, 40.860121 ], [ -58.083986, 40.860803 ], [ -58.079546, 40.862172 ], [ -58.077328, 40.862859 ], [ -58.068455, 40.865616 ], [ -58.066239, 40.866307 ], [ -58.061808, 40.867694 ], [ -58.059595, 40.868389 ], [ -58.041883, 40.873973 ], [ -58.039672, 40.874673 ], [ -58.03525, 40.876077 ], [ -58.033041, 40.876781 ], [ -58.024204, 40.879608 ], [ -58.021997, 40.880317 ], [ -58.017585, 40.881738 ], [ -58.015381, 40.882451 ], [ -57.997743, 40.888175 ], [ -57.995541, 40.888892 ], [ -57.991138, 40.890331 ], [ -57.988938, 40.891052 ], [ -57.980138, 40.893949 ], [ -57.977941, 40.894675 ], [ -57.973547, 40.896131 ], [ -57.971353, 40.896861 ], [ -57.95379, 40.902724 ], [ -57.951598, 40.903458 ], [ -57.947213, 40.904931 ], [ -57.945023, 40.90567 ], [ -57.936262, 40.908636 ], [ -57.934074, 40.909379 ], [ -57.929699, 40.91087 ], [ -57.927514, 40.911617 ], [ -57.910029, 40.917618 ], [ -57.907846, 40.918369 ], [ -57.903481, 40.919878 ], [ -57.901301, 40.920634 ], [ -57.892579, 40.923668 ], [ -57.8904, 40.924428 ], [ -57.886046, 40.925954 ], [ -57.883871, 40.926718 ], [ -57.866464, 40.932856 ], [ -57.864292, 40.933625 ], [ -57.859947, 40.935167 ], [ -57.857776, 40.935941 ], [ -57.849094, 40.939044 ], [ -57.846926, 40.939821 ], [ -57.842591, 40.941381 ], [ -57.840426, 40.942162 ], [ -57.823101, 40.948437 ], [ -57.820938, 40.949223 ], [ -57.816614, 40.9508 ], [ -57.814453, 40.95159 ], [ -57.805812, 40.954761 ], [ -57.803654, 40.955556 ], [ -57.79934, 40.957149 ], [ -57.797186, 40.957948 ], [ -57.779943, 40.964359 ], [ -57.777791, 40.965162 ], [ -57.773487, 40.966773 ], [ -57.771337, 40.96758 ], [ -57.762738, 40.970819 ], [ -57.76059, 40.97163 ], [ -57.756297, 40.973258 ], [ -57.754153, 40.974074 ], [ -57.736995, 40.98062 ], [ -57.734854, 40.98144 ], [ -57.730571, 40.983084 ], [ -57.728432, 40.983909 ], [ -57.719875, 40.987215 ], [ -57.717739, 40.988044 ], [ -57.713467, 40.989705 ], [ -57.711334, 40.990538 ], [ -57.694263, 40.997219 ], [ -57.692132, 40.998056 ], [ -57.687871, 40.999734 ], [ -57.685743, 41.000575 ], [ -57.67723, 41.003949 ], [ -57.675104, 41.004794 ], [ -57.670855, 41.006489 ], [ -57.668732, 41.007338 ], [ -57.651749, 41.014154 ], [ -57.65016, 41.014793 ], [ -57.646981, 41.016074 ], [ -57.645393, 41.016716 ], [ -57.63904, 41.01929 ], [ -57.637531, 41.019902 ], [ -57.634514, 41.02113 ], [ -57.633017, 41.02174 ], [ -57.63106, 41.02254 ], [ -57.626477, 41.024391 ], [ -57.625436, 41.024811 ], [ -57.623333, 41.025663 ], [ -57.622283, 41.02609 ], [ -57.618143, 41.027771 ], [ -57.61711, 41.028192 ], [ -57.615043, 41.029034 ], [ -57.614011, 41.029456 ], [ -57.590808, 41.038938 ], [ -57.589659, 41.039408 ], [ -57.587929, 41.040116 ], [ -57.586779, 41.040586 ], [ -57.584184, 41.04165 ], [ -57.583497, 41.041932 ], [ -57.582141, 41.042489 ], [ -57.581464, 41.042768 ], [ -57.578752, 41.043883 ], [ -57.578075, 41.044162 ], [ -57.57672, 41.044721 ], [ -57.576043, 41.045 ], [ -57.570625, 41.047239 ], [ -57.569426, 41.047735 ], [ -57.56703, 41.048728 ], [ -57.565833, 41.049226 ], [ -57.561044, 41.051218 ], [ -57.559847, 41.051717 ], [ -57.557455, 41.052716 ], [ -57.556259, 41.053216 ], [ -57.552097, 41.05496 ], [ -57.551577, 41.055177 ], [ -57.550538, 41.055614 ], [ -57.550019, 41.055832 ], [ -57.54794, 41.056705 ], [ -57.547421, 41.056923 ], [ -57.546383, 41.05736 ], [ -57.545865, 41.057579 ], [ -57.528959, 41.064703 ], [ -57.526837, 41.0656 ], [ -57.522594, 41.067398 ], [ -57.520475, 41.0683 ], [ -57.512144, 41.071854 ], [ -57.510051, 41.072749 ], [ -57.505972, 41.0745 ], [ -57.503938, 41.075376 ], [ -57.487152, 41.082622 ], [ -57.485137, 41.083494 ], [ -57.480966, 41.085305 ], [ -57.478883, 41.086212 ], [ -57.470552, 41.089851 ], [ -57.468472, 41.090763 ], [ -57.464314, 41.09259 ], [ -57.462238, 41.093505 ], [ -57.445622, 41.100851 ], [ -57.443548, 41.10177 ], [ -57.439402, 41.103613 ], [ -57.437331, 41.104537 ], [ -57.429048, 41.108242 ], [ -57.42698, 41.10917 ], [ -57.422846, 41.11103 ], [ -57.420782, 41.111961 ], [ -57.404263, 41.119437 ], [ -57.402202, 41.120372 ], [ -57.39808, 41.122249 ], [ -57.396021, 41.123188 ], [ -57.387788, 41.126958 ], [ -57.385732, 41.127902 ], [ -57.381622, 41.129795 ], [ -57.379571, 41.130743 ], [ -57.363151, 41.138348 ], [ -57.361102, 41.1393 ], [ -57.357005, 41.141208 ], [ -57.354959, 41.142164 ], [ -57.346775, 41.145999 ], [ -57.344732, 41.146959 ], [ -57.340648, 41.148884 ], [ -57.338608, 41.149848 ], [ -57.32229, 41.157582 ], [ -57.320254, 41.15855 ], [ -57.316182, 41.16049 ], [ -57.314148, 41.161462 ], [ -57.306016, 41.165361 ], [ -57.303985, 41.166337 ], [ -57.299927, 41.168294 ], [ -57.2979, 41.169274 ], [ -57.281685, 41.177136 ], [ -57.279661, 41.17812 ], [ -57.275615, 41.180093 ], [ -57.273594, 41.181081 ], [ -57.265514, 41.185043 ], [ -57.263496, 41.186036 ], [ -57.259463, 41.188024 ], [ -57.25745, 41.18902 ], [ -57.241339, 41.19701 ], [ -57.239328, 41.198009 ], [ -57.235309, 41.200014 ], [ -57.233301, 41.201018 ], [ -57.225273, 41.205044 ], [ -57.223269, 41.206052 ], [ -57.219262, 41.208072 ], [ -57.217262, 41.209084 ], [ -57.201257, 41.2172 ], [ -57.19926, 41.218215 ], [ -57.195267, 41.220251 ], [ -57.193273, 41.221271 ], [ -57.185298, 41.22536 ], [ -57.183307, 41.226384 ], [ -57.179328, 41.228435 ], [ -57.177341, 41.229463 ], [ -57.161445, 41.237704 ], [ -57.159461, 41.238735 ], [ -57.155495, 41.240803 ], [ -57.153514, 41.241838 ], [ -57.145594, 41.24599 ], [ -57.143617, 41.247029 ], [ -57.139665, 41.249112 ], [ -57.137692, 41.250155 ], [ -57.121905, 41.258521 ], [ -57.119935, 41.259568 ], [ -57.115997, 41.261666 ], [ -57.11403, 41.262717 ], [ -57.106165, 41.266931 ], [ -57.104202, 41.267986 ], [ -57.100277, 41.2701 ], [ -57.098318, 41.271158 ], [ -57.082643, 41.279648 ], [ -57.080687, 41.280711 ], [ -57.076776, 41.28284 ], [ -57.074823, 41.283906 ], [ -57.067015, 41.288182 ], [ -57.065066, 41.289252 ], [ -57.06117, 41.291397 ], [ -57.059224, 41.292471 ], [ -57.043662, 41.301084 ], [ -57.032519, 41.30735 ], [ -57.025751, 41.311218 ], [ -57.024657, 41.311834 ], [ -57.018992, 41.315017 ], [ -57.017266, 41.315989 ], [ -57.015174, 41.317167 ], [ -57.002306, 41.324351 ], [ -56.999169, 41.326136 ], [ -56.997602, 41.327029 ], [ -56.989907, 41.331425 ], [ -56.988263, 41.332366 ], [ -56.984976, 41.334253 ], [ -56.983335, 41.335197 ], [ -56.978511, 41.337978 ], [ -56.975378, 41.339793 ], [ -56.969121, 41.343433 ], [ -56.966009, 41.345252 ], [ -56.961701, 41.34778 ], [ -56.957381, 41.35025 ], [ -56.947654, 41.355889 ], [ -56.935081, 41.363281 ], [ -56.932726, 41.36467 ], [ -56.928021, 41.367454 ], [ -56.925673, 41.368849 ], [ -56.916284, 41.374441 ], [ -56.913941, 41.375842 ], [ -56.909259, 41.378649 ], [ -56.906921, 41.380056 ], [ -56.900687, 41.383819 ], [ -56.900249, 41.384084 ], [ -56.899372, 41.384614 ], [ -56.898934, 41.384879 ], [ -56.897181, 41.38594 ], [ -56.896403, 41.386411 ], [ -56.894848, 41.387354 ], [ -56.894071, 41.387826 ], [ -56.892545, 41.388754 ], [ -56.891531, 41.38937 ], [ -56.869153, 41.402994 ], [ -56.867768, 41.403839 ], [ -56.864998, 41.405531 ], [ -56.863614, 41.406378 ], [ -56.857872, 41.4099 ], [ -56.856838, 41.410536 ], [ -56.855456, 41.411386 ], [ -56.853522, 41.412579 ], [ -56.852555, 41.413175 ], [ -56.841516, 41.419999 ], [ -56.840139, 41.420853 ], [ -56.837384, 41.422562 ], [ -56.836008, 41.423418 ], [ -56.830459, 41.426874 ], [ -56.829132, 41.427703 ], [ -56.826386, 41.42942 ], [ -56.825014, 41.43028 ], [ -56.81618, 41.435826 ], [ -56.810553, 41.439389 ], [ -56.799334, 41.446548 ], [ -56.793746, 41.450143 ], [ -56.771457, 41.464597 ], [ -56.765906, 41.468225 ], [ -56.754839, 41.475517 ], [ -56.749393, 41.479135 ], [ -56.73235, 41.490532 ], [ -56.729301, 41.492395 ], [ -56.727851, 41.493282 ], [ -56.721927, 41.496917 ], [ -56.720419, 41.497844 ], [ -56.717676, 41.499534 ], [ -56.716303, 41.500382 ], [ -56.704806, 41.507493 ], [ -56.703371, 41.508382 ], [ -56.700502, 41.510163 ], [ -56.699769, 41.510619 ], [ -56.69907, 41.511055 ], [ -56.69334, 41.514627 ], [ -56.69191, 41.51552 ], [ -56.68905, 41.51731 ], [ -56.687623, 41.518206 ], [ -56.676199, 41.525386 ], [ -56.674774, 41.526284 ], [ -56.671923, 41.528082 ], [ -56.6705, 41.528982 ], [ -56.664807, 41.532589 ], [ -56.663386, 41.533491 ], [ -56.660545, 41.535299 ], [ -56.659127, 41.536203 ], [ -56.647777, 41.543452 ], [ -56.646361, 41.544358 ], [ -56.643529, 41.546174 ], [ -56.642115, 41.547082 ], [ -56.636459, 41.550723 ], [ -56.635047, 41.551634 ], [ -56.632225, 41.553459 ], [ -56.630816, 41.554371 ], [ -56.619541, 41.561689 ], [ -56.618134, 41.562603 ], [ -56.615322, 41.564436 ], [ -56.613917, 41.565353 ], [ -56.608299, 41.569028 ], [ -56.606896, 41.569948 ], [ -56.604093, 41.571789 ], [ -56.602693, 41.57271 ], [ -56.591494, 41.580095 ], [ -56.590796, 41.580556 ], [ -56.589398, 41.58148 ], [ -56.5887, 41.581941 ], [ -56.585906, 41.583791 ], [ -56.585208, 41.584254 ], [ -56.583812, 41.585179 ], [ -56.583115, 41.585642 ], [ -56.577535, 41.589351 ], [ -56.576838, 41.589815 ], [ -56.575445, 41.590743 ], [ -56.574748, 41.591207 ], [ -56.57205, 41.593205 ], [ -56.571345, 41.593655 ], [ -56.569957, 41.594587 ], [ -56.569256, 41.595041 ], [ -56.564401, 41.5982 ], [ -56.56313, 41.599048 ], [ -56.562015, 41.599792 ], [ -56.559787, 41.601281 ], [ -56.558673, 41.602025 ], [ -56.55422, 41.605005 ], [ -56.553107, 41.60575 ], [ -56.550883, 41.607241 ], [ -56.549774, 41.60799 ], [ -56.54093, 41.614031 ], [ -56.539924, 41.614718 ], [ -56.537632, 41.616314 ], [ -56.536535, 41.617077 ], [ -56.532149, 41.620136 ], [ -56.531049, 41.620889 ], [ -56.528762, 41.622291 ], [ -56.527662, 41.623046 ], [ -56.510034, 41.635159 ], [ -56.507835, 41.636675 ], [ -56.503442, 41.639712 ], [ -56.50125, 41.641233 ], [ -56.492487, 41.647332 ], [ -56.490301, 41.648858 ], [ -56.485933, 41.651917 ], [ -56.483754, 41.653448 ], [ -56.466328, 41.665731 ], [ -56.464155, 41.667268 ], [ -56.459812, 41.670347 ], [ -56.457645, 41.67189 ], [ -56.448984, 41.678072 ], [ -56.446823, 41.67962 ], [ -56.442506, 41.682721 ], [ -56.440353, 41.684273 ], [ -56.423131, 41.696723 ], [ -56.420984, 41.698281 ], [ -56.416693, 41.701402 ], [ -56.414551, 41.702965 ], [ -56.405993, 41.709231 ], [ -56.403858, 41.7108 ], [ -56.399593, 41.713942 ], [ -56.397465, 41.715515 ], [ -56.380452, 41.728131 ], [ -56.37833, 41.729709 ], [ -56.374091, 41.732872 ], [ -56.371976, 41.734456 ], [ -56.363522, 41.740804 ], [ -56.361413, 41.742393 ], [ -56.357201, 41.745577 ], [ -56.3551, 41.74717 ], [ -56.338297, 41.75995 ], [ -56.336201, 41.761548 ], [ -56.332015, 41.764752 ], [ -56.329926, 41.766356 ], [ -56.321579, 41.772785 ], [ -56.319497, 41.774394 ], [ -56.315338, 41.777618 ], [ -56.313263, 41.779232 ], [ -56.296674, 41.792173 ], [ -56.294605, 41.793792 ], [ -56.290473, 41.797036 ], [ -56.288411, 41.79866 ], [ -56.280171, 41.80517 ], [ -56.278116, 41.806799 ], [ -56.274011, 41.810063 ], [ -56.271963, 41.811697 ], [ -56.255591, 41.824797 ], [ -56.253924, 41.826134 ], [ -56.250593, 41.828813 ], [ -56.24893, 41.830154 ], [ -56.242284, 41.835527 ], [ -56.240625, 41.836871 ], [ -56.237313, 41.839564 ], [ -56.23566, 41.840911 ], [ -56.222439, 41.851711 ], [ -56.220609, 41.85321 ], [ -56.216954, 41.856213 ], [ -56.21513, 41.857716 ], [ -56.207841, 41.86374 ], [ -56.206022, 41.865247 ], [ -56.202389, 41.868267 ], [ -56.200556, 41.869796 ], [ -56.198779, 41.871282 ], [ -56.197364, 41.872467 ], [ -56.184046, 41.883627 ], [ -56.183132, 41.884393 ], [ -56.18131, 41.885925 ], [ -56.180399, 41.886691 ], [ -56.176758, 41.88976 ], [ -56.175145, 41.891122 ], [ -56.171925, 41.893852 ], [ -56.170317, 41.895217 ], [ -56.167513, 41.897605 ], [ -56.166814, 41.898202 ], [ -56.165415, 41.899396 ], [ -56.164717, 41.899993 ], [ -56.151901, 41.910958 ], [ -56.150821, 41.911883 ], [ -56.148661, 41.913737 ], [ -56.147065, 41.915111 ], [ -56.146031, 41.916003 ], [ -56.145515, 41.916449 ], [ -56.139145, 41.921956 ], [ -56.137556, 41.923334 ], [ -56.134381, 41.926092 ], [ -56.132797, 41.927473 ], [ -56.120131, 41.938538 ], [ -56.119438, 41.939143 ], [ -56.118551, 41.939921 ], [ -56.115395, 41.942692 ], [ -56.11382, 41.944079 ], [ -56.107525, 41.949635 ], [ -56.105955, 41.951025 ], [ -56.102818, 41.953809 ], [ -56.101253, 41.955202 ], [ -56.088738, 41.966365 ], [ -56.087177, 41.967761 ], [ -56.084059, 41.970557 ], [ -56.082503, 41.971956 ], [ -56.076284, 41.977562 ], [ -56.074732, 41.978964 ], [ -56.071634, 41.981772 ], [ -56.070087, 41.983177 ], [ -56.057725, 41.994438 ], [ -56.056183, 41.995846 ], [ -56.053104, 41.998666 ], [ -56.051566, 42.000077 ], [ -56.045424, 42.005732 ], [ -56.043892, 42.007146 ], [ -56.040832, 42.009978 ], [ -56.039305, 42.011395 ], [ -56.027097, 42.022753 ], [ -56.025575, 42.024173 ], [ -56.022533, 42.027017 ], [ -56.021016, 42.02844 ], [ -56.014951, 42.034142 ], [ -56.013438, 42.035568 ], [ -56.010417, 42.038425 ], [ -56.008909, 42.039854 ], [ -55.996857, 42.051306 ], [ -55.995354, 42.052738 ], [ -55.992352, 42.055606 ], [ -55.990853, 42.057041 ], [ -55.984867, 42.062791 ], [ -55.983374, 42.064229 ], [ -55.980392, 42.067108 ], [ -55.978904, 42.068549 ], [ -55.967009, 42.080096 ], [ -55.965525, 42.081539 ], [ -55.962563, 42.084431 ], [ -55.961084, 42.085878 ], [ -55.955177, 42.091674 ], [ -55.953703, 42.093123 ], [ -55.950761, 42.096026 ], [ -55.949293, 42.097479 ], [ -55.937556, 42.109118 ], [ -55.936093, 42.110573 ], [ -55.93317, 42.113488 ], [ -55.931711, 42.114946 ], [ -55.925884, 42.120788 ], [ -55.92443, 42.122249 ], [ -55.921527, 42.125175 ], [ -55.920079, 42.126639 ], [ -55.908503, 42.13837 ], [ -55.90706, 42.139836 ], [ -55.904177, 42.142774 ], [ -55.902738, 42.144243 ], [ -55.896991, 42.150131 ], [ -55.895558, 42.151603 ], [ -55.892695, 42.154552 ], [ -55.891267, 42.156027 ], [ -55.879853, 42.167848 ], [ -55.87843, 42.169326 ], [ -55.875587, 42.172286 ], [ -55.874169, 42.173767 ], [ -55.868503, 42.179699 ], [ -55.86709, 42.181183 ], [ -55.864268, 42.184153 ], [ -55.862861, 42.18564 ], [ -55.851609, 42.19755 ], [ -55.850207, 42.199039 ], [ -55.847405, 42.20202 ], [ -55.846007, 42.203512 ], [ -55.840423, 42.209489 ], [ -55.839031, 42.210983 ], [ -55.83625, 42.213976 ], [ -55.834863, 42.215473 ], [ -55.823776, 42.227471 ], [ -55.822394, 42.228971 ], [ -55.819633, 42.231975 ], [ -55.818256, 42.233478 ], [ -55.812755, 42.239498 ], [ -55.811383, 42.241003 ], [ -55.808644, 42.244018 ], [ -55.807277, 42.245525 ], [ -55.796356, 42.25761 ], [ -55.794995, 42.25912 ], [ -55.792276, 42.262145 ], [ -55.79092, 42.263659 ], [ -55.785502, 42.269722 ], [ -55.784151, 42.271238 ], [ -55.781453, 42.274274 ], [ -55.780108, 42.275792 ], [ -55.769354, 42.287962 ], [ -55.768092, 42.289394 ], [ -55.76557, 42.292262 ], [ -55.764312, 42.293698 ], [ -55.759287, 42.299446 ], [ -55.758033, 42.300883 ], [ -55.755531, 42.303761 ], [ -55.754283, 42.305201 ], [ -55.744305, 42.316735 ], [ -55.742984, 42.318267 ], [ -55.740347, 42.321333 ], [ -55.739031, 42.322867 ], [ -55.733776, 42.329012 ], [ -55.73245, 42.330567 ], [ -55.729804, 42.33368 ], [ -55.728463, 42.335262 ], [ -55.727446, 42.336465 ], [ -55.716622, 42.349286 ], [ -55.715621, 42.350474 ], [ -55.713625, 42.352849 ], [ -55.712628, 42.354037 ], [ -55.70865, 42.35879 ], [ -55.70736, 42.360337 ], [ -55.704784, 42.363433 ], [ -55.703499, 42.364983 ], [ -55.702165, 42.366596 ], [ -55.701278, 42.36767 ], [ -55.690887, 42.380265 ], [ -55.689611, 42.381817 ], [ -55.687062, 42.384925 ], [ -55.68579, 42.38648 ], [ -55.680713, 42.392707 ], [ -55.680331, 42.393175 ], [ -55.679568, 42.394113 ], [ -55.678303, 42.395671 ], [ -55.676539, 42.397852 ], [ -55.675659, 42.398942 ], [ -55.66559, 42.411438 ], [ -55.664335, 42.412999 ], [ -55.661829, 42.416127 ], [ -55.660579, 42.417692 ], [ -55.655523, 42.424041 ], [ -55.654344, 42.425526 ], [ -55.65186, 42.428663 ], [ -55.650622, 42.430233 ], [ -55.640726, 42.442807 ], [ -55.639493, 42.444379 ], [ -55.637031, 42.447526 ], [ -55.635803, 42.4491 ], [ -55.6309, 42.455406 ], [ -55.629678, 42.456983 ], [ -55.627238, 42.46014 ], [ -55.626021, 42.461718 ], [ -55.616301, 42.47437 ], [ -55.61509, 42.475951 ], [ -55.612672, 42.479117 ], [ -55.611466, 42.480701 ], [ -55.606651, 42.487045 ], [ -55.605451, 42.488631 ], [ -55.603055, 42.491807 ], [ -55.60186, 42.493395 ], [ -55.592318, 42.506122 ], [ -55.591128, 42.507713 ], [ -55.588755, 42.510898 ], [ -55.587571, 42.512491 ], [ -55.582844, 42.518872 ], [ -55.581666, 42.520468 ], [ -55.579315, 42.523663 ], [ -55.578143, 42.52526 ], [ -55.568778, 42.538061 ], [ -55.567611, 42.539661 ], [ -55.565282, 42.542864 ], [ -55.564121, 42.544467 ], [ -55.559484, 42.550885 ], [ -55.558328, 42.55249 ], [ -55.556022, 42.555702 ], [ -55.554872, 42.557309 ], [ -55.545687, 42.570183 ], [ -55.544542, 42.571792 ], [ -55.542258, 42.575013 ], [ -55.541119, 42.576625 ], [ -55.536572, 42.583079 ], [ -55.535439, 42.584693 ], [ -55.533178, 42.587923 ], [ -55.532051, 42.589539 ], [ -55.523046, 42.602484 ], [ -55.521925, 42.604102 ], [ -55.519686, 42.607341 ], [ -55.518569, 42.608961 ], [ -55.514113, 42.615451 ], [ -55.513003, 42.617073 ], [ -55.510787, 42.620321 ], [ -55.509682, 42.621946 ], [ -55.50086, 42.634961 ], [ -55.499761, 42.636587 ], [ -55.497568, 42.639844 ], [ -55.496475, 42.641473 ], [ -55.49211, 42.647997 ], [ -55.491022, 42.649628 ], [ -55.488852, 42.652893 ], [ -55.48777, 42.654526 ], [ -55.479132, 42.66761 ], [ -55.478055, 42.669244 ], [ -55.475908, 42.672518 ], [ -55.474838, 42.674156 ], [ -55.470565, 42.680714 ], [ -55.4695, 42.682353 ], [ -55.467376, 42.685635 ], [ -55.466317, 42.687277 ], [ -55.457863, 42.700427 ], [ -55.45681, 42.70207 ], [ -55.454709, 42.705361 ], [ -55.453662, 42.707007 ], [ -55.449481, 42.713597 ], [ -55.44844, 42.715245 ], [ -55.446362, 42.718544 ], [ -55.445327, 42.720193 ], [ -55.437058, 42.733409 ], [ -55.436029, 42.735061 ], [ -55.433974, 42.738368 ], [ -55.43295, 42.740022 ], [ -55.428863, 42.746645 ], [ -55.427845, 42.748301 ], [ -55.425814, 42.751616 ], [ -55.424801, 42.753273 ], [ -55.41672, 42.766553 ], [ -55.415714, 42.768212 ], [ -55.413706, 42.771535 ], [ -55.412705, 42.773197 ], [ -55.408712, 42.779852 ], [ -55.407717, 42.781516 ], [ -55.405733, 42.784846 ], [ -55.404745, 42.786512 ], [ -55.396852, 42.799854 ], [ -55.395878, 42.801506 ], [ -55.393936, 42.804812 ], [ -55.392968, 42.806465 ], [ -55.389106, 42.813087 ], [ -55.388144, 42.814742 ], [ -55.386226, 42.818056 ], [ -55.38527, 42.819713 ], [ -55.377639, 42.832986 ], [ -55.376671, 42.834677 ], [ -55.374739, 42.838062 ], [ -55.373776, 42.839755 ], [ -55.369936, 42.846534 ], [ -55.36898, 42.848229 ], [ -55.367073, 42.851621 ], [ -55.366123, 42.853317 ], [ -55.358537, 42.866911 ], [ -55.357673, 42.868464 ], [ -55.35595, 42.871573 ], [ -55.355091, 42.873128 ], [ -55.351664, 42.879355 ], [ -55.350739, 42.881042 ], [ -55.348895, 42.884418 ], [ -55.347962, 42.886133 ], [ -55.347547, 42.886898 ], [ -55.340093, 42.900665 ], [ -55.339181, 42.902356 ], [ -55.337363, 42.905738 ], [ -55.336458, 42.90743 ], [ -55.332845, 42.914204 ], [ -55.332158, 42.915497 ], [ -55.330786, 42.918085 ], [ -55.329891, 42.919781 ], [ -55.329364, 42.920783 ], [ -55.322131, 42.934561 ], [ -55.321244, 42.936257 ], [ -55.319474, 42.939654 ], [ -55.318593, 42.941353 ], [ -55.315077, 42.948155 ], [ -55.314202, 42.949855 ], [ -55.312457, 42.953259 ], [ -55.312151, 42.953857 ], [ -55.311588, 42.954961 ], [ -55.304653, 42.968594 ], [ -55.30379, 42.970297 ], [ -55.302069, 42.973708 ], [ -55.301212, 42.975413 ], [ -55.297794, 42.982242 ], [ -55.296943, 42.98395 ], [ -55.295247, 42.987367 ], [ -55.294402, 42.989075 ], [ -55.287663, 43.002762 ], [ -55.286824, 43.004472 ], [ -55.285152, 43.007896 ], [ -55.284319, 43.009608 ], [ -55.280999, 43.016464 ], [ -55.280172, 43.018177 ], [ -55.278525, 43.021608 ], [ -55.277705, 43.023323 ], [ -55.271161, 43.037061 ], [ -55.270347, 43.038778 ], [ -55.268724, 43.042214 ], [ -55.267916, 43.043933 ], [ -55.264694, 43.050814 ], [ -55.263892, 43.052535 ], [ -55.262293, 43.055977 ], [ -55.261498, 43.057699 ], [ -55.255152, 43.071488 ], [ -55.254362, 43.073211 ], [ -55.252788, 43.07666 ], [ -55.252005, 43.078385 ], [ -55.248882, 43.085291 ], [ -55.248104, 43.087017 ], [ -55.246556, 43.090473 ], [ -55.245785, 43.0922 ], [ -55.239637, 43.106038 ], [ -55.238872, 43.107767 ], [ -55.237348, 43.111228 ], [ -55.236589, 43.112959 ], [ -55.233565, 43.119889 ], [ -55.232813, 43.121622 ], [ -55.231314, 43.125089 ], [ -55.230568, 43.126822 ], [ -55.224619, 43.140708 ], [ -55.223879, 43.142443 ], [ -55.222405, 43.145916 ], [ -55.221671, 43.147652 ], [ -55.218747, 43.154606 ], [ -55.21802, 43.156344 ], [ -55.216571, 43.159823 ], [ -55.21585, 43.161562 ], [ -55.210101, 43.175493 ], [ -55.209386, 43.177234 ], [ -55.207962, 43.180718 ], [ -55.207254, 43.182461 ], [ -55.20443, 43.189437 ], [ -55.203727, 43.19118 ], [ -55.202329, 43.19467 ], [ -55.201633, 43.196415 ], [ -55.196085, 43.21039 ], [ -55.195396, 43.212136 ], [ -55.194022, 43.215632 ], [ -55.193338, 43.21738 ], [ -55.190616, 43.224377 ], [ -55.189938, 43.226126 ], [ -55.18859, 43.229627 ], [ -55.18792, 43.231377 ], [ -55.182574, 43.245395 ], [ -55.18191, 43.247147 ], [ -55.180587, 43.250652 ], [ -55.179929, 43.252406 ], [ -55.177307, 43.259424 ], [ -55.176655, 43.261179 ], [ -55.175358, 43.26469 ], [ -55.174712, 43.266445 ], [ -55.16957, 43.280504 ], [ -55.168931, 43.28226 ], [ -55.167659, 43.285776 ], [ -55.167026, 43.287535 ], [ -55.164506, 43.294573 ], [ -55.16388, 43.296333 ], [ -55.162633, 43.299854 ], [ -55.162014, 43.301614 ], [ -55.157076, 43.315712 ], [ -55.156462, 43.317474 ], [ -55.155241, 43.321 ], [ -55.154634, 43.322762 ], [ -55.152216, 43.329821 ], [ -55.151615, 43.331585 ], [ -55.15042, 43.335115 ], [ -55.149825, 43.33688 ], [ -55.145093, 43.351017 ], [ -55.144505, 43.352783 ], [ -55.143335, 43.356318 ], [ -55.142753, 43.358085 ], [ -55.140438, 43.365162 ], [ -55.139863, 43.366931 ], [ -55.138719, 43.37047 ], [ -55.13815, 43.37224 ], [ -55.133623, 43.386413 ], [ -55.133061, 43.388183 ], [ -55.131943, 43.391727 ], [ -55.131387, 43.3935 ], [ -55.129175, 43.400594 ], [ -55.128626, 43.402367 ], [ -55.127533, 43.405916 ], [ -55.126991, 43.40769 ], [ -55.122655, 43.421948 ], [ -55.122117, 43.423729 ], [ -55.121046, 43.427294 ], [ -55.120514, 43.429076 ], [ -55.118399, 43.436213 ], [ -55.117874, 43.437996 ], [ -55.116829, 43.441566 ], [ -55.116311, 43.44335 ], [ -55.112192, 43.457616 ], [ -55.11189, 43.458669 ], [ -55.105306, 43.457055 ], [ -55.057827, 43.445813 ], [ -55.010199, 43.434929 ], [ -54.962429, 43.424403 ], [ -54.91452, 43.414236 ], [ -54.866478, 43.404431 ], [ -54.818307, 43.394987 ], [ -54.770013, 43.385906 ], [ -54.7216, 43.377189 ], [ -54.673073, 43.368835 ], [ -54.624438, 43.360848 ], [ -54.575698, 43.353226 ], [ -54.526859, 43.345971 ], [ -54.477926, 43.339084 ], [ -54.428904, 43.332565 ], [ -54.41063, 43.330277 ], [ -54.397555, 43.328571 ], [ -54.396351, 43.328414 ], [ -54.393938, 43.328102 ], [ -54.392732, 43.327946 ], [ -54.387902, 43.327325 ], [ -54.386695, 43.32717 ], [ -54.38404, 43.326831 ], [ -54.383073, 43.326708 ], [ -54.373406, 43.325483 ], [ -54.372734, 43.325398 ], [ -54.37141, 43.325231 ], [ -54.370597, 43.325129 ], [ -54.367436, 43.324732 ], [ -54.364754, 43.324398 ], [ -54.359407, 43.323738 ], [ -54.356734, 43.323411 ], [ -54.349029, 43.322476 ], [ -54.347103, 43.322244 ], [ -54.34325, 43.321783 ], [ -54.341324, 43.321554 ], [ -54.329597, 43.320167 ], [ -54.328132, 43.319995 ], [ -54.325201, 43.319652 ], [ -54.323736, 43.319481 ], [ -54.317871, 43.318801 ], [ -54.316406, 43.318632 ], [ -54.313474, 43.318296 ], [ -54.312009, 43.318128 ], [ -54.292316, 43.31589 ], [ -54.289856, 43.315612 ], [ -54.284933, 43.315062 ], [ -54.282471, 43.314789 ], [ -54.272619, 43.313707 ], [ -54.270156, 43.313439 ], [ -54.265229, 43.312908 ], [ -54.262767, 43.312644 ], [ -54.243045, 43.310554 ], [ -54.240581, 43.310295 ], [ -54.235651, 43.309782 ], [ -54.233186, 43.309528 ], [ -54.223319, 43.30852 ], [ -54.220854, 43.30827 ], [ -54.21592, 43.307776 ], [ -54.213454, 43.307531 ], [ -54.193705, 43.305589 ], [ -54.191238, 43.305348 ], [ -54.186301, 43.304872 ], [ -54.183833, 43.304637 ], [ -54.173954, 43.303703 ], [ -54.171485, 43.303472 ], [ -54.166545, 43.303015 ], [ -54.164075, 43.302788 ], [ -54.144302, 43.300995 ], [ -54.141832, 43.300773 ], [ -54.136889, 43.300334 ], [ -54.134418, 43.300117 ], [ -54.124526, 43.299258 ], [ -54.122054, 43.299045 ], [ -54.117108, 43.298625 ], [ -54.114636, 43.298418 ], [ -54.09484, 43.296773 ], [ -54.092367, 43.29657 ], [ -54.087419, 43.296168 ], [ -54.084945, 43.29597 ], [ -54.075042, 43.295185 ], [ -54.072568, 43.294991 ], [ -54.067617, 43.294608 ], [ -54.065142, 43.294419 ], [ -54.045324, 43.292923 ], [ -54.042849, 43.292739 ], [ -54.037896, 43.292374 ], [ -54.035419, 43.292194 ], [ -54.025507, 43.291484 ], [ -54.02303, 43.291309 ], [ -54.018074, 43.290963 ], [ -54.015597, 43.290793 ], [ -53.99576, 43.289446 ], [ -53.993283, 43.28928 ], [ -53.988325, 43.288953 ], [ -53.985846, 43.288792 ], [ -53.975925, 43.288156 ], [ -53.973445, 43.288 ], [ -53.968485, 43.287691 ], [ -53.966006, 43.287539 ], [ -53.946153, 43.286342 ], [ -53.943673, 43.286195 ], [ -53.938711, 43.285905 ], [ -53.93623, 43.285762 ], [ -53.926301, 43.285201 ], [ -53.923819, 43.285063 ], [ -53.918855, 43.284792 ], [ -53.916374, 43.284659 ], [ -53.896506, 43.283611 ], [ -53.894025, 43.283483 ], [ -53.889059, 43.28323 ], [ -53.886576, 43.283106 ], [ -53.87664, 43.28262 ], [ -53.874157, 43.282501 ], [ -53.869189, 43.282267 ], [ -53.866707, 43.282152 ], [ -53.846826, 43.281254 ], [ -53.844343, 43.281144 ], [ -53.839374, 43.280929 ], [ -53.83689, 43.280824 ], [ -53.826947, 43.280412 ], [ -53.824463, 43.280311 ], [ -53.819493, 43.280115 ], [ -53.817009, 43.280019 ], [ -53.797117, 43.279271 ], [ -53.794632, 43.279179 ], [ -53.789661, 43.279001 ], [ -53.787175, 43.278915 ], [ -53.777228, 43.278578 ], [ -53.774742, 43.278496 ], [ -53.76977, 43.278337 ], [ -53.767284, 43.27826 ], [ -53.747384, 43.277661 ], [ -53.744898, 43.277588 ], [ -53.739924, 43.277448 ], [ -53.737438, 43.27738 ], [ -53.727487, 43.277118 ], [ -53.725, 43.277055 ], [ -53.720026, 43.276933 ], [ -53.71754, 43.276875 ], [ -53.697632, 43.276426 ], [ -53.695145, 43.276372 ], [ -53.69017, 43.276269 ], [ -53.687683, 43.27622 ], [ -53.677729, 43.276032 ], [ -53.675242, 43.275988 ], [ -53.670265, 43.275904 ], [ -53.667779, 43.275864 ], [ -53.647866, 43.275565 ], [ -53.645379, 43.275529 ], [ -53.640402, 43.275464 ], [ -53.637915, 43.275433 ], [ -53.627959, 43.275321 ], [ -53.625471, 43.275295 ], [ -53.620494, 43.275249 ], [ -53.618007, 43.275228 ], [ -53.598091, 43.275078 ], [ -53.596849, 43.275069 ], [ -53.594361, 43.275053 ], [ -53.593118, 43.275045 ], [ -53.58814, 43.275017 ], [ -53.586896, 43.27501 ], [ -53.584408, 43.274998 ], [ -53.583164, 43.274993 ], [ -53.573206, 43.274955 ], [ -53.571962, 43.274951 ], [ -53.569473, 43.274944 ], [ -53.568229, 43.274941 ], [ -53.56325, 43.274931 ], [ -53.562005, 43.274929 ], [ -53.559516, 43.274927 ], [ -53.558271, 43.274926 ], [ -53.557026, 43.274927 ], [ -53.554536, 43.274929 ], [ -53.553292, 43.274931 ], [ -53.548313, 43.274941 ], [ -53.547068, 43.274944 ], [ -53.544579, 43.274951 ], [ -53.543336, 43.274955 ], [ -53.533377, 43.274993 ], [ -53.532134, 43.274998 ], [ -53.529646, 43.27501 ], [ -53.528402, 43.275017 ], [ -53.523424, 43.275045 ], [ -53.52218, 43.275053 ], [ -53.519693, 43.275069 ], [ -53.518451, 43.275078 ], [ -53.498535, 43.275228 ], [ -53.496048, 43.275249 ], [ -53.491071, 43.275295 ], [ -53.488583, 43.275321 ], [ -53.478627, 43.275433 ], [ -53.476139, 43.275464 ], [ -53.471163, 43.275529 ], [ -53.468676, 43.275565 ], [ -53.448763, 43.275864 ], [ -53.446276, 43.275904 ], [ -53.4413, 43.275988 ], [ -53.438813, 43.276032 ], [ -53.428859, 43.27622 ], [ -53.426372, 43.276269 ], [ -53.421396, 43.276372 ], [ -53.41891, 43.276426 ], [ -53.399002, 43.276875 ], [ -53.396516, 43.276933 ], [ -53.391541, 43.277055 ], [ -53.389055, 43.277118 ], [ -53.379104, 43.27738 ], [ -53.376617, 43.277448 ], [ -53.371643, 43.277588 ], [ -53.369158, 43.277661 ], [ -53.349257, 43.27826 ], [ -53.346772, 43.278337 ], [ -53.341799, 43.278496 ], [ -53.339314, 43.278578 ], [ -53.329366, 43.278915 ], [ -53.326881, 43.279001 ], [ -53.321909, 43.279179 ], [ -53.319425, 43.279271 ], [ -53.299533, 43.280019 ], [ -53.297049, 43.280115 ], [ -53.292079, 43.280311 ], [ -53.289594, 43.280412 ], [ -53.279652, 43.280824 ], [ -53.277168, 43.280929 ], [ -53.272199, 43.281144 ], [ -53.269716, 43.281254 ], [ -53.249835, 43.282152 ], [ -53.247352, 43.282267 ], [ -53.242385, 43.282501 ], [ -53.239902, 43.28262 ], [ -53.229965, 43.283106 ], [ -53.227483, 43.28323 ], [ -53.222517, 43.283483 ], [ -53.220036, 43.283611 ], [ -53.206045, 43.284349 ], [ -52.992092, 43.291474 ], [ -52.982829, 43.291718 ], [ -52.980342, 43.291786 ], [ -52.975367, 43.291926 ], [ -52.972881, 43.291999 ], [ -52.952975, 43.292598 ], [ -52.950489, 43.292675 ], [ -52.945515, 43.292834 ], [ -52.943029, 43.292916 ], [ -52.93308, 43.293253 ], [ -52.930594, 43.293339 ], [ -52.925621, 43.293517 ], [ -52.923136, 43.293608 ], [ -52.903239, 43.294357 ], [ -52.900755, 43.294453 ], [ -52.895783, 43.294649 ], [ -52.893298, 43.29475 ], [ -52.883354, 43.295161 ], [ -52.880869, 43.295267 ], [ -52.875899, 43.295482 ], [ -52.873415, 43.295592 ], [ -52.85353, 43.29649 ], [ -52.851046, 43.296605 ], [ -52.846078, 43.296838 ], [ -52.843594, 43.296957 ], [ -52.833655, 43.297444 ], [ -52.831172, 43.297568 ], [ -52.826205, 43.29782 ], [ -52.823723, 43.297949 ], [ -52.80385, 43.298997 ], [ -52.801369, 43.29913 ], [ -52.796403, 43.299401 ], [ -52.793922, 43.299539 ], [ -52.78399, 43.3001 ], [ -52.781509, 43.300243 ], [ -52.776545, 43.300533 ], [ -52.774065, 43.30068 ], [ -52.754207, 43.301877 ], [ -52.751727, 43.302029 ], [ -52.746766, 43.302337 ], [ -52.744286, 43.302494 ], [ -52.734362, 43.303129 ], [ -52.731883, 43.303291 ], [ -52.726924, 43.303618 ], [ -52.724446, 43.303784 ], [ -52.704605, 43.30513 ], [ -52.702127, 43.305301 ], [ -52.69717, 43.305646 ], [ -52.694692, 43.305821 ], [ -52.684777, 43.306532 ], [ -52.6823, 43.306712 ], [ -52.677346, 43.307076 ], [ -52.67487, 43.307261 ], [ -52.655048, 43.308756 ], [ -52.652573, 43.308945 ], [ -52.64762, 43.309328 ], [ -52.645145, 43.309522 ], [ -52.63524, 43.310307 ], [ -52.632766, 43.310505 ], [ -52.627816, 43.310907 ], [ -52.625343, 43.31111 ], [ -52.605542, 43.312755 ], [ -52.603069, 43.312962 ], [ -52.598122, 43.313383 ], [ -52.595649, 43.313595 ], [ -52.585756, 43.314454 ], [ -52.583284, 43.314671 ], [ -52.57834, 43.31511 ], [ -52.575869, 43.315332 ], [ -52.556091, 43.317126 ], [ -52.553621, 43.317352 ], [ -52.54868, 43.317809 ], [ -52.54621, 43.31804 ], [ -52.536329, 43.318974 ], [ -52.53386, 43.319209 ], [ -52.528922, 43.319685 ], [ -52.526454, 43.319926 ], [ -52.506701, 43.321868 ], [ -52.504234, 43.322112 ], [ -52.499299, 43.322607 ], [ -52.496833, 43.322856 ], [ -52.486964, 43.323864 ], [ -52.484499, 43.324119 ], [ -52.479567, 43.324632 ], [ -52.477103, 43.324891 ], [ -52.457376, 43.326981 ], [ -52.454913, 43.327244 ], [ -52.449985, 43.327776 ], [ -52.447522, 43.328044 ], [ -52.437667, 43.329126 ], [ -52.435205, 43.329399 ], [ -52.430281, 43.329949 ], [ -52.42782, 43.330226 ], [ -52.408122, 43.332465 ], [ -52.406826, 43.332613 ], [ -52.404232, 43.33291 ], [ -52.402935, 43.33306 ], [ -52.397744, 43.33366 ], [ -52.396447, 43.33381 ], [ -52.393853, 43.334113 ], [ -52.392556, 43.334265 ], [ -52.382176, 43.335486 ], [ -52.38088, 43.335639 ], [ -52.378286, 43.335947 ], [ -52.376989, 43.336102 ], [ -52.371802, 43.336723 ], [ -52.370498, 43.336879 ], [ -52.367889, 43.337194 ], [ -52.366574, 43.337354 ], [ -52.365111, 43.337532 ], [ -52.363754, 43.337698 ], [ -52.362282, 43.337877 ], [ -52.360915, 43.338045 ], [ -52.360305, 43.33812 ], [ -52.359133, 43.338264 ], [ -52.358547, 43.338336 ], [ -52.356286, 43.338615 ], [ -52.355066, 43.338766 ], [ -52.352626, 43.33907 ], [ -52.351406, 43.339222 ], [ -52.348656, 43.339567 ], [ -52.348001, 43.339649 ], [ -52.347347, 43.339732 ], [ -52.346366, 43.339855 ], [ -52.337244, 43.341008 ], [ -52.336144, 43.341148 ], [ -52.3339, 43.341433 ], [ -52.332785, 43.341576 ], [ -52.328325, 43.342147 ], [ -52.327211, 43.342291 ], [ -52.324983, 43.342578 ], [ -52.32387, 43.342722 ], [ -52.304373, 43.345254 ], [ -52.301938, 43.345573 ], [ -52.297068, 43.346215 ], [ -52.294634, 43.346538 ], [ -52.284895, 43.34784 ], [ -52.282462, 43.348168 ], [ -52.277596, 43.348828 ], [ -52.275165, 43.34916 ], [ -52.255702, 43.351837 ], [ -52.253272, 43.352174 ], [ -52.24841, 43.352852 ], [ -52.24598, 43.353193 ], [ -52.236259, 43.354568 ], [ -52.233831, 43.354914 ], [ -52.228974, 43.355611 ], [ -52.226547, 43.355961 ], [ -52.20712, 43.358784 ], [ -52.204695, 43.359138 ], [ -52.199842, 43.359853 ], [ -52.197417, 43.360212 ], [ -52.187715, 43.36166 ], [ -52.185291, 43.362023 ], [ -52.180443, 43.362756 ], [ -52.178022, 43.363125 ], [ -52.158633, 43.366092 ], [ -52.156213, 43.366465 ], [ -52.15137, 43.367216 ], [ -52.14895, 43.367593 ], [ -52.139267, 43.369113 ], [ -52.136848, 43.369495 ], [ -52.13201, 43.370264 ], [ -52.129593, 43.37065 ], [ -52.110245, 43.373763 ], [ -52.10783, 43.374153 ], [ -52.102997, 43.37494 ], [ -52.100582, 43.375336 ], [ -52.09092, 43.376928 ], [ -52.088506, 43.377328 ], [ -52.083679, 43.378133 ], [ -52.081267, 43.378537 ], [ -52.061961, 43.381794 ], [ -52.059551, 43.382203 ], [ -52.054729, 43.383025 ], [ -52.052319, 43.383439 ], [ -52.042678, 43.385103 ], [ -52.04027, 43.385521 ], [ -52.035454, 43.386362 ], [ -52.033048, 43.386785 ], [ -52.013786, 43.390185 ], [ -52.011381, 43.390612 ], [ -52.00657, 43.391471 ], [ -52.004166, 43.391902 ], [ -51.994548, 43.393638 ], [ -51.992145, 43.394074 ], [ -51.98734, 43.394951 ], [ -51.98494, 43.395392 ], [ -51.965724, 43.398936 ], [ -51.963325, 43.399381 ], [ -51.958526, 43.400275 ], [ -51.956128, 43.400725 ], [ -51.946533, 43.402532 ], [ -51.944136, 43.402986 ], [ -51.939343, 43.403899 ], [ -51.936948, 43.404357 ], [ -51.917781, 43.408045 ], [ -51.915387, 43.408507 ], [ -51.9106, 43.409438 ], [ -51.908208, 43.409905 ], [ -51.898638, 43.411784 ], [ -51.896247, 43.412256 ], [ -51.891467, 43.413205 ], [ -51.889078, 43.413681 ], [ -51.86996, 43.417511 ], [ -51.867573, 43.417992 ], [ -51.862799, 43.418958 ], [ -51.860413, 43.419443 ], [ -51.850868, 43.421394 ], [ -51.848484, 43.421883 ], [ -51.843716, 43.422867 ], [ -51.841334, 43.423361 ], [ -51.822268, 43.427334 ], [ -51.819888, 43.427833 ], [ -51.815126, 43.428834 ], [ -51.812747, 43.429337 ], [ -51.803228, 43.431359 ], [ -51.800851, 43.431867 ], [ -51.796096, 43.432886 ], [ -51.793721, 43.433398 ], [ -51.774708, 43.437513 ], [ -51.772335, 43.438029 ], [ -51.767587, 43.439066 ], [ -51.765214, 43.439587 ], [ -51.755723, 43.44168 ], [ -51.753352, 43.442205 ], [ -51.748611, 43.44326 ], [ -51.746243, 43.44379 ], [ -51.727286, 43.448046 ], [ -51.72492, 43.44858 ], [ -51.720186, 43.449653 ], [ -51.71782, 43.450191 ], [ -51.708357, 43.452355 ], [ -51.705994, 43.452897 ], [ -51.701267, 43.453988 ], [ -51.698906, 43.454535 ], [ -51.680006, 43.458933 ], [ -51.677647, 43.459485 ], [ -51.672928, 43.460592 ], [ -51.670569, 43.461148 ], [ -51.661136, 43.463383 ], [ -51.658779, 43.463943 ], [ -51.654067, 43.465069 ], [ -51.651714, 43.465633 ], [ -51.632874, 43.470172 ], [ -51.63125, 43.470565 ], [ -51.628, 43.471352 ], [ -51.626377, 43.471747 ], [ -51.619879, 43.47333 ], [ -51.618256, 43.473727 ], [ -51.61501, 43.474523 ], [ -51.613388, 43.474922 ], [ -51.600405, 43.478123 ], [ -51.598049, 43.478707 ], [ -51.593338, 43.479878 ], [ -51.590985, 43.480466 ], [ -51.581584, 43.482892 ], [ -51.580326, 43.483196 ], [ -51.579229, 43.483471 ], [ -51.574523, 43.48465 ], [ -51.572167, 43.485241 ], [ -51.566006, 43.486791 ], [ -51.565079, 43.487025 ], [ -51.564315, 43.487217 ], [ -51.56285, 43.487586 ], [ -51.562118, 43.487772 ], [ -51.559821, 43.488364 ], [ -51.559248, 43.488512 ], [ -51.558101, 43.488808 ], [ -51.557529, 43.488955 ], [ -51.556532, 43.489213 ], [ -51.538715, 43.493919 ], [ -51.537903, 43.494134 ], [ -51.536698, 43.494454 ], [ -51.534363, 43.495122 ], [ -51.530952, 43.495809 ], [ -51.529276, 43.496246 ], [ -51.519811, 43.498724 ], [ -51.517523, 43.499325 ], [ -51.512826, 43.500565 ], [ -51.51048, 43.501187 ], [ -51.491703, 43.506181 ], [ -51.489359, 43.506807 ], [ -51.484671, 43.508064 ], [ -51.482328, 43.508695 ], [ -51.472957, 43.511227 ], [ -51.470617, 43.511862 ], [ -51.465937, 43.513137 ], [ -51.4636, 43.513776 ], [ -51.444891, 43.518912 ], [ -51.442629, 43.519535 ], [ -51.438107, 43.520785 ], [ -51.435889, 43.521401 ], [ -51.430546, 43.522822 ], [ -51.427514, 43.523633 ], [ -51.415264, 43.526926 ], [ -51.412205, 43.527753 ], [ -51.406088, 43.529415 ], [ -51.403033, 43.530249 ], [ -51.384319, 43.535384 ], [ -51.381983, 43.536028 ], [ -51.37731, 43.53732 ], [ -51.374975, 43.537968 ], [ -51.365637, 43.54057 ], [ -51.363304, 43.541223 ], [ -51.358641, 43.542533 ], [ -51.356311, 43.543189 ], [ -51.337666, 43.548465 ], [ -51.335339, 43.549126 ], [ -51.330684, 43.550453 ], [ -51.328358, 43.551119 ], [ -51.319055, 43.553792 ], [ -51.316731, 43.554461 ], [ -51.312086, 43.555806 ], [ -51.309765, 43.55648 ], [ -51.291192, 43.561896 ], [ -51.288874, 43.562575 ], [ -51.284237, 43.563937 ], [ -51.28192, 43.56462 ], [ -51.272653, 43.567362 ], [ -51.270339, 43.568049 ], [ -51.265711, 43.569429 ], [ -51.2634, 43.570121 ], [ -51.244901, 43.575675 ], [ -51.242592, 43.576371 ], [ -51.237973, 43.577768 ], [ -51.235666, 43.578468 ], [ -51.226436, 43.58128 ], [ -51.224131, 43.581985 ], [ -51.219522, 43.583399 ], [ -51.217221, 43.584108 ], [ -51.198797, 43.589802 ], [ -51.196497, 43.590515 ], [ -51.191898, 43.591946 ], [ -51.1896, 43.592664 ], [ -51.180409, 43.595545 ], [ -51.178113, 43.596267 ], [ -51.173524, 43.597716 ], [ -51.171232, 43.598442 ], [ -51.152886, 43.604274 ], [ -51.150596, 43.605004 ], [ -51.146016, 43.60647 ], [ -51.143728, 43.607205 ], [ -51.134576, 43.610155 ], [ -51.13229, 43.610894 ], [ -51.127721, 43.612377 ], [ -51.125438, 43.613121 ], [ -51.107172, 43.61909 ], [ -51.104892, 43.619838 ], [ -51.100332, 43.621338 ], [ -51.098054, 43.62209 ], [ -51.088942, 43.625108 ], [ -51.086667, 43.625865 ], [ -51.082117, 43.627382 ], [ -51.079845, 43.628143 ], [ -51.06166, 43.634249 ], [ -51.05939, 43.635013 ], [ -51.054851, 43.636548 ], [ -51.052583, 43.637317 ], [ -51.043512, 43.640404 ], [ -51.041247, 43.641177 ], [ -51.036718, 43.642729 ], [ -51.034456, 43.643506 ], [ -51.016355, 43.649749 ], [ -51.014095, 43.65053 ], [ -51.009577, 43.652099 ], [ -51.007319, 43.652885 ], [ -50.998291, 43.65604 ], [ -50.996036, 43.65683 ], [ -50.991529, 43.658416 ], [ -50.980289, 43.662437 ], [ -50.975685, 43.664112 ], [ -50.973279, 43.664958 ], [ -50.972145, 43.665358 ], [ -50.967643, 43.666947 ], [ -50.966474, 43.66736 ], [ -50.957477, 43.670546 ], [ -50.951837, 43.67256 ], [ -50.947351, 43.674175 ], [ -50.94093, 43.67651 ], [ -50.923018, 43.683083 ], [ -50.921013, 43.683832 ], [ -50.90626, 43.68915 ], [ -50.901796, 43.690803 ], [ -50.899567, 43.691631 ], [ -50.881727, 43.698279 ], [ -50.8795, 43.699111 ], [ -50.875047, 43.70078 ], [ -50.872823, 43.701617 ], [ -50.863926, 43.704974 ], [ -50.861705, 43.705815 ], [ -50.857263, 43.707501 ], [ -50.855045, 43.708346 ], [ -50.837296, 43.715127 ], [ -50.835574, 43.715786 ], [ -50.83213, 43.717108 ], [ -50.830409, 43.71777 ], [ -50.823525, 43.720425 ], [ -50.821806, 43.72109 ], [ -50.818369, 43.722422 ], [ -50.816652, 43.723089 ], [ -50.80291, 43.72844 ], [ -50.800576, 43.729352 ], [ -50.79591, 43.731181 ], [ -50.793579, 43.732098 ], [ -50.784257, 43.735775 ], [ -50.781929, 43.736697 ], [ -50.777275, 43.738545 ], [ -50.77495, 43.739471 ], [ -50.770024, 43.74144 ], [ -50.769421, 43.741681 ], [ -50.768215, 43.742164 ], [ -50.767612, 43.742406 ], [ -50.7652, 43.743373 ], [ -50.764575, 43.743624 ], [ -50.763323, 43.744127 ], [ -50.762698, 43.744378 ], [ -50.743026, 43.752293 ], [ -50.740604, 43.753271 ], [ -50.735763, 43.755231 ], [ -50.733277, 43.756241 ], [ -50.723506, 43.760226 ], [ -50.721083, 43.761218 ], [ -50.71624, 43.763206 ], [ -50.713955, 43.764147 ], [ -50.694369, 43.77224 ], [ -50.691942, 43.773246 ], [ -50.687088, 43.775265 ], [ -50.684664, 43.776277 ], [ -50.67497, 43.780336 ], [ -50.672549, 43.781352 ], [ -50.667711, 43.783392 ], [ -50.665296, 43.784413 ], [ -50.645967, 43.792614 ], [ -50.644761, 43.793126 ], [ -50.642349, 43.794152 ], [ -50.641144, 43.794666 ], [ -50.63632, 43.796725 ], [ -50.635116, 43.797241 ], [ -50.632707, 43.798273 ], [ -50.631503, 43.798789 ], [ -50.62187, 43.802929 ], [ -50.620667, 43.803446 ], [ -50.618262, 43.804483 ], [ -50.61706, 43.805002 ], [ -50.612252, 43.807082 ], [ -50.611051, 43.807603 ], [ -50.608649, 43.808645 ], [ -50.60745, 43.809166 ], [ -50.597445, 43.813521 ], [ -50.595893, 43.814198 ], [ -50.592789, 43.815555 ], [ -50.591239, 43.816235 ], [ -50.585036, 43.818958 ], [ -50.583487, 43.819639 ], [ -50.58039, 43.821004 ], [ -50.578844, 43.821688 ], [ -50.566464, 43.827168 ], [ -50.56492, 43.827853 ], [ -50.56183, 43.829226 ], [ -50.560286, 43.829914 ], [ -50.554112, 43.83267 ], [ -50.55257, 43.833359 ], [ -50.549488, 43.834741 ], [ -50.54795, 43.835432 ], [ -50.523297, 43.846524 ], [ -50.520221, 43.847914 ], [ -50.514074, 43.850702 ], [ -50.511004, 43.852101 ], [ -50.498734, 43.857713 ], [ -50.495672, 43.859119 ], [ -50.489552, 43.861942 ], [ -50.486498, 43.863356 ], [ -50.462066, 43.874715 ], [ -50.459018, 43.876137 ], [ -50.452926, 43.878992 ], [ -50.449884, 43.880424 ], [ -50.437726, 43.886168 ], [ -50.434692, 43.887608 ], [ -50.428628, 43.890496 ], [ -50.425602, 43.891944 ], [ -50.401397, 43.903566 ], [ -50.398377, 43.905021 ], [ -50.392342, 43.907942 ], [ -50.389329, 43.909406 ], [ -50.377285, 43.915282 ], [ -50.37428, 43.916754 ], [ -50.368274, 43.919708 ], [ -50.365277, 43.921188 ], [ -50.341303, 43.933071 ], [ -50.338313, 43.934559 ], [ -50.332336, 43.937545 ], [ -50.329352, 43.939042 ], [ -50.317426, 43.945047 ], [ -50.31445, 43.946552 ], [ -50.308503, 43.949571 ], [ -50.305535, 43.951083 ], [ -50.281799, 43.963225 ], [ -50.278838, 43.964745 ], [ -50.272921, 43.967795 ], [ -50.269967, 43.969324 ], [ -50.258161, 43.975458 ], [ -50.255215, 43.976995 ], [ -50.249329, 43.980078 ], [ -50.246391, 43.981622 ], [ -50.222898, 43.99402 ], [ -50.219968, 43.995572 ], [ -50.214111, 43.998686 ], [ -50.211188, 44.000247 ], [ -50.199505, 44.006508 ], [ -50.196589, 44.008077 ], [ -50.190765, 44.011223 ], [ -50.187858, 44.012799 ], [ -50.164613, 44.02545 ], [ -50.162446, 44.026632 ], [ -50.158114, 44.029004 ], [ -50.15595, 44.030191 ], [ -50.1473, 44.034953 ], [ -50.14514, 44.036145 ], [ -50.140825, 44.038534 ], [ -50.138671, 44.03973 ], [ -50.121439, 44.049325 ], [ -50.119004, 44.050684 ], [ -50.114138, 44.053411 ], [ -50.111709, 44.054777 ], [ -50.101998, 44.060254 ], [ -50.099574, 44.061626 ], [ -50.09473, 44.064375 ], [ -50.092312, 44.065753 ], [ -50.089912, 44.067124 ], [ -50.089067, 44.067608 ], [ -50.087658, 44.068414 ], [ -50.086815, 44.068897 ], [ -50.070875, 44.078032 ], [ -50.070014, 44.078526 ], [ -50.068289, 44.079516 ], [ -50.067427, 44.080012 ], [ -50.063979, 44.081997 ], [ -50.06201, 44.083133 ], [ -50.058075, 44.08541 ], [ -50.05611, 44.086551 ], [ -50.051691, 44.089122 ], [ -50.050588, 44.089765 ], [ -50.048382, 44.091052 ], [ -50.04728, 44.091696 ], [ -50.031607, 44.100868 ], [ -50.031019, 44.101212 ], [ -50.029843, 44.101901 ], [ -50.027888, 44.10305 ], [ -50.025155, 44.10466 ], [ -50.02379, 44.105466 ], [ -50.015986, 44.110081 ], [ -50.014038, 44.111236 ], [ -50.010145, 44.11355 ], [ -50.009407, 44.113989 ], [ -50.008201, 44.114709 ], [ -49.992655, 44.123998 ], [ -49.990098, 44.125531 ], [ -49.98499, 44.128604 ], [ -49.98244, 44.130143 ], [ -49.97225, 44.136317 ], [ -49.969708, 44.137862 ], [ -49.964629, 44.140961 ], [ -49.962094, 44.142512 ], [ -49.941826, 44.15496 ], [ -49.939301, 44.156516 ], [ -49.934257, 44.159634 ], [ -49.93174, 44.161197 ], [ -49.921678, 44.167461 ], [ -49.919172, 44.169026 ], [ -49.914166, 44.172164 ], [ -49.911676, 44.173731 ], [ -49.909743, 44.174951 ], [ -49.908113, 44.175954 ], [ -49.875487, 44.196396 ], [ -49.843104, 44.217046 ], [ -49.810968, 44.237903 ], [ -49.779081, 44.258966 ], [ -49.747445, 44.280233 ], [ -49.716064, 44.301702 ], [ -49.68494, 44.323372 ], [ -49.654076, 44.34524 ], [ -49.623474, 44.367306 ], [ -49.593137, 44.389567 ], [ -49.563068, 44.412022 ], [ -49.533269, 44.434669 ], [ -49.521451, 44.443937 ], [ -49.519192, 44.44568 ], [ -49.517594, 44.446916 ], [ -49.514402, 44.449391 ], [ -49.512809, 44.45063 ], [ -49.500068, 44.460557 ], [ -49.498353, 44.461896 ], [ -49.494926, 44.46458 ], [ -49.493215, 44.465923 ], [ -49.486379, 44.471304 ], [ -49.484673, 44.472651 ], [ -49.481264, 44.475348 ], [ -49.479549, 44.476709 ], [ -49.478312, 44.477693 ], [ -49.477328, 44.478476 ], [ -49.472412, 44.482392 ], [ -49.458123, 44.493597 ], [ -49.413186, 44.530142 ], [ -49.368943, 44.567134 ], [ -49.325403, 44.604567 ], [ -49.282575, 44.642433 ], [ -49.240469, 44.680724 ], [ -49.199094, 44.719434 ], [ -49.15846, 44.758555 ], [ -49.030164, 44.883504 ], [ -49.009732, 44.903491 ], [ -48.989495, 44.923581 ], [ -48.969453, 44.943774 ], [ -48.949608, 44.964068 ], [ -48.929961, 44.984462 ], [ -48.910513, 45.004955 ], [ -48.891266, 45.025547 ], [ -48.844716, 45.076682 ], [ -48.817651, 45.107331 ], [ -48.791026, 45.138179 ], [ -48.764847, 45.169223 ], [ -48.739116, 45.200461 ], [ -48.713836, 45.231887 ], [ -48.689012, 45.263499 ], [ -48.664647, 45.295295 ], [ -48.640744, 45.327269 ], [ -48.617306, 45.359419 ], [ -48.594337, 45.391741 ], [ -48.57184, 45.424231 ], [ -48.549818, 45.456887 ], [ -48.528274, 45.489705 ], [ -48.507212, 45.522681 ], [ -48.486635, 45.555811 ], [ -48.43289, 45.643418 ], [ -48.429859, 45.648361 ], [ -48.40966, 45.681846 ], [ -48.389958, 45.71548 ], [ -48.370757, 45.749259 ], [ -48.35206, 45.783178 ], [ -48.333869, 45.817236 ], [ -48.316188, 45.851427 ], [ -48.299019, 45.885747 ], [ -48.282366, 45.920194 ], [ -48.26623, 45.954762 ], [ -48.250616, 45.989449 ], [ -48.235525, 46.02425 ], [ -48.22096, 46.059161 ], [ -48.216871, 46.069364 ], [ -48.216499, 46.07015 ], [ -48.215687, 46.071877 ], [ -48.212449, 46.07879 ], [ -48.211643, 46.080519 ], [ -48.210037, 46.083978 ], [ -48.209238, 46.085707 ], [ -48.202865, 46.09956 ], [ -48.202072, 46.101291 ], [ -48.200493, 46.104756 ], [ -48.199706, 46.106489 ], [ -48.196572, 46.113426 ], [ -48.195792, 46.11516 ], [ -48.194239, 46.118631 ], [ -48.193466, 46.120366 ], [ -48.187302, 46.134266 ], [ -48.186536, 46.136002 ], [ -48.184921, 46.139678 ], [ -48.184018, 46.141128 ], [ -48.176473, 46.152711 ], [ -48.175533, 46.154158 ], [ -48.173657, 46.157056 ], [ -48.172721, 46.158505 ], [ -48.168987, 46.164308 ], [ -48.168056, 46.165759 ], [ -48.166199, 46.168663 ], [ -48.165274, 46.170114 ], [ -48.15788, 46.181746 ], [ -48.156893, 46.183304 ], [ -48.154923, 46.186423 ], [ -48.153941, 46.187983 ], [ -48.150022, 46.194231 ], [ -48.149046, 46.195792 ], [ -48.147098, 46.198918 ], [ -48.146127, 46.200482 ], [ -48.138376, 46.213004 ], [ -48.137411, 46.214569 ], [ -48.135485, 46.217702 ], [ -48.134525, 46.219268 ], [ -48.130693, 46.225542 ], [ -48.129738, 46.227112 ], [ -48.127834, 46.230253 ], [ -48.126884, 46.231824 ], [ -48.118554, 46.245653 ], [ -48.117944, 46.246666 ], [ -48.116916, 46.24838 ], [ -48.114892, 46.25177 ], [ -48.113883, 46.253465 ], [ -48.109896, 46.260191 ], [ -48.108903, 46.261873 ], [ -48.106922, 46.265239 ], [ -48.105934, 46.266925 ], [ -48.09818, 46.280202 ], [ -48.097447, 46.281458 ], [ -48.096488, 46.28311 ], [ -48.094701, 46.286197 ], [ -48.090326, 46.293451 ], [ -48.089705, 46.294482 ], [ -48.088676, 46.296196 ], [ -48.086649, 46.299586 ], [ -48.085639, 46.301281 ], [ -48.081648, 46.308007 ], [ -48.080654, 46.309689 ], [ -48.078671, 46.313054 ], [ -48.077681, 46.314741 ], [ -48.069922, 46.328013 ], [ -48.069172, 46.329297 ], [ -48.068211, 46.330949 ], [ -48.066346, 46.334168 ], [ -48.065417, 46.335778 ], [ -48.062213, 46.341348 ], [ -48.061415, 46.342741 ], [ -48.059822, 46.345527 ], [ -48.059028, 46.34692 ], [ -48.05134, 46.360456 ], [ -48.050851, 46.361318 ], [ -48.049874, 46.363043 ], [ -48.04892, 46.364736 ], [ -48.047988, 46.366397 ], [ -48.047523, 46.367227 ], [ -48.04373, 46.374008 ], [ -48.042785, 46.375703 ], [ -48.040902, 46.379096 ], [ -48.039964, 46.380792 ], [ -48.03248, 46.394384 ], [ -48.031548, 46.396082 ], [ -48.029691, 46.399482 ], [ -48.029382, 46.400048 ], [ -48.028765, 46.401182 ], [ -48.025075, 46.407991 ], [ -48.024156, 46.409693 ], [ -48.022324, 46.4131 ], [ -48.021412, 46.414803 ], [ -48.014132, 46.428449 ], [ -48.010791, 46.434808 ], [ -48.004855, 46.446285 ], [ -48.004453, 46.447043 ], [ -48.002003, 46.451718 ], [ -47.997041, 46.461296 ], [ -47.996361, 46.462612 ], [ -47.995004, 46.465248 ], [ -47.994328, 46.466565 ], [ -47.990823, 46.473416 ], [ -47.989783, 46.475459 ], [ -47.987712, 46.479548 ], [ -47.986681, 46.481594 ], [ -47.984871, 46.485207 ], [ -47.983552, 46.487854 ], [ -47.980932, 46.493152 ], [ -47.979637, 46.495787 ], [ -47.978274, 46.498579 ], [ -47.976789, 46.501535 ], [ -47.971473, 46.512259 ], [ -47.968847, 46.517628 ], [ -47.962191, 46.531427 ], [ -47.961363, 46.533151 ], [ -47.959712, 46.536603 ], [ -47.95889, 46.538329 ], [ -47.955615, 46.54524 ], [ -47.9548, 46.546968 ], [ -47.953175, 46.550425 ], [ -47.952367, 46.552154 ], [ -47.945847, 46.566159 ], [ -47.945328, 46.567235 ], [ -47.944418, 46.56912 ], [ -47.942492, 46.573126 ], [ -47.941534, 46.575129 ], [ -47.9377, 46.583186 ], [ -47.936746, 46.5852 ], [ -47.934848, 46.589232 ], [ -47.933904, 46.591247 ], [ -47.927451, 46.605095 ], [ -47.926648, 46.606825 ], [ -47.925048, 46.610288 ], [ -47.924252, 46.61202 ], [ -47.921079, 46.618955 ], [ -47.920289, 46.620688 ], [ -47.918716, 46.624157 ], [ -47.917933, 46.625892 ], [ -47.911691, 46.639786 ], [ -47.910915, 46.641522 ], [ -47.909368, 46.644997 ], [ -47.908598, 46.646735 ], [ -47.905531, 46.653692 ], [ -47.904768, 46.655431 ], [ -47.903248, 46.658912 ], [ -47.902491, 46.660652 ], [ -47.896462, 46.674591 ], [ -47.895712, 46.676333 ], [ -47.894218, 46.679819 ], [ -47.893475, 46.681562 ], [ -47.890514, 46.688542 ], [ -47.889777, 46.690286 ], [ -47.88831, 46.693778 ], [ -47.887581, 46.695524 ], [ -47.881764, 46.709506 ], [ -47.881041, 46.711253 ], [ -47.879601, 46.71475 ], [ -47.878884, 46.716499 ], [ -47.87603, 46.7235 ], [ -47.87532, 46.72525 ], [ -47.873907, 46.728752 ], [ -47.873204, 46.730503 ], [ -47.867602, 46.744527 ], [ -47.866905, 46.746279 ], [ -47.865519, 46.749787 ], [ -47.864829, 46.751541 ], [ -47.862082, 46.758562 ], [ -47.861399, 46.760317 ], [ -47.860039, 46.76383 ], [ -47.859363, 46.765586 ], [ -47.853977, 46.779651 ], [ -47.853307, 46.781408 ], [ -47.851974, 46.784925 ], [ -47.851312, 46.786684 ], [ -47.848673, 46.793725 ], [ -47.848017, 46.795485 ], [ -47.846711, 46.799008 ], [ -47.846062, 46.800768 ], [ -47.840892, 46.814872 ], [ -47.840249, 46.816634 ], [ -47.838971, 46.820161 ], [ -47.838335, 46.821925 ], [ -47.835805, 46.828985 ], [ -47.835176, 46.83075 ], [ -47.833924, 46.834281 ], [ -47.833303, 46.836047 ], [ -47.82835, 46.850188 ], [ -47.827735, 46.851954 ], [ -47.82651, 46.85549 ], [ -47.825902, 46.857259 ], [ -47.82348, 46.864337 ], [ -47.822879, 46.866106 ], [ -47.821682, 46.869647 ], [ -47.821087, 46.871418 ], [ -47.816268, 46.885849 ], [ -47.815929, 46.886864 ], [ -47.815505, 46.888139 ], [ -47.814913, 46.889926 ], [ -47.813747, 46.893473 ], [ -47.813168, 46.895247 ], [ -47.810863, 46.902345 ], [ -47.810291, 46.904119 ], [ -47.809153, 46.907669 ], [ -47.808587, 46.909444 ], [ -47.804355, 46.922817 ], [ -47.803997, 46.923949 ], [ -47.803461, 46.92565 ], [ -47.802945, 46.927298 ], [ -47.801919, 46.930597 ], [ -47.80141, 46.932246 ], [ -47.799847, 46.937332 ], [ -47.799458, 46.938602 ], [ -47.798684, 46.941145 ], [ -47.798299, 46.942416 ], [ -47.794004, 46.956659 ], [ -47.793552, 46.958167 ], [ -47.792652, 46.961185 ], [ -47.792125, 46.962966 ], [ -47.791926, 46.963645 ], [ -47.789794, 46.970909 ], [ -47.789275, 46.97269 ], [ -47.788243, 46.976255 ], [ -47.787731, 46.978037 ], [ -47.783657, 46.992311 ], [ -47.783152, 46.994094 ], [ -47.782148, 46.997663 ], [ -47.781649, 46.999447 ], [ -47.779605, 47.00682 ], [ -47.779177, 47.008376 ], [ -47.778201, 47.011948 ], [ -47.777716, 47.013734 ], [ -47.773865, 47.028037 ], [ -47.773387, 47.029823 ], [ -47.772439, 47.033399 ], [ -47.771968, 47.035187 ], [ -47.770099, 47.042345 ], [ -47.769635, 47.044134 ], [ -47.768714, 47.047713 ], [ -47.768258, 47.049502 ], [ -47.76463, 47.063832 ], [ -47.76418, 47.065622 ], [ -47.763287, 47.069205 ], [ -47.762844, 47.070997 ], [ -47.761086, 47.078167 ], [ -47.760651, 47.079959 ], [ -47.759786, 47.083545 ], [ -47.759357, 47.085338 ], [ -47.755953, 47.099694 ], [ -47.755531, 47.101487 ], [ -47.754695, 47.105076 ], [ -47.75428, 47.106871 ], [ -47.752634, 47.114054 ], [ -47.752226, 47.115849 ], [ -47.751418, 47.119441 ], [ -47.751017, 47.121237 ], [ -47.747838, 47.135617 ], [ -47.747444, 47.137413 ], [ -47.746663, 47.141008 ], [ -47.746277, 47.142805 ], [ -47.744744, 47.15 ], [ -47.744364, 47.151798 ], [ -47.743612, 47.155396 ], [ -47.743239, 47.157195 ], [ -47.740285, 47.171597 ], [ -47.73992, 47.173396 ], [ -47.739196, 47.176997 ], [ -47.738837, 47.178797 ], [ -47.737417, 47.186003 ], [ -47.737066, 47.187803 ], [ -47.73637, 47.191407 ], [ -47.736026, 47.193208 ], [ -47.733298, 47.207631 ], [ -47.732961, 47.209432 ], [ -47.732294, 47.213038 ], [ -47.731964, 47.214841 ], [ -47.730657, 47.222057 ], [ -47.730334, 47.22386 ], [ -47.729695, 47.227468 ], [ -47.729379, 47.229271 ], [ -47.726878, 47.243714 ], [ -47.72657, 47.245518 ], [ -47.725959, 47.249128 ], [ -47.725657, 47.250933 ], [ -47.724464, 47.258158 ], [ -47.72417, 47.259963 ], [ -47.723587, 47.263576 ], [ -47.7233, 47.265382 ], [ -47.721028, 47.279842 ], [ -47.720747, 47.281648 ], [ -47.720194, 47.285262 ], [ -47.71992, 47.287069 ], [ -47.718841, 47.294302 ], [ -47.718575, 47.29611 ], [ -47.71805, 47.299727 ], [ -47.717792, 47.301534 ], [ -47.715748, 47.31601 ], [ -47.715496, 47.317818 ], [ -47.714999, 47.321437 ], [ -47.714755, 47.323245 ], [ -47.71379, 47.330486 ], [ -47.713553, 47.332296 ], [ -47.713085, 47.335916 ], [ -47.712855, 47.337725 ], [ -47.71104, 47.352215 ], [ -47.710817, 47.354025 ], [ -47.710378, 47.357647 ], [ -47.710162, 47.359457 ], [ -47.709312, 47.366705 ], [ -47.709104, 47.368516 ], [ -47.708693, 47.372139 ], [ -47.708492, 47.37395 ], [ -47.706907, 47.388452 ], [ -47.706713, 47.390264 ], [ -47.706331, 47.393889 ], [ -47.706144, 47.395701 ], [ -47.70541, 47.402954 ], [ -47.70523, 47.404766 ], [ -47.704877, 47.408393 ], [ -47.704704, 47.410205 ], [ -47.70335, 47.424718 ], [ -47.703185, 47.42653 ], [ -47.702861, 47.430158 ], [ -47.702703, 47.431971 ], [ -47.702084, 47.439229 ], [ -47.701933, 47.441043 ], [ -47.701638, 47.444672 ], [ -47.701494, 47.446487 ], [ -47.700349, 47.461299 ], [ -47.70026, 47.462461 ], [ -47.700149, 47.463919 ], [ -47.700013, 47.46575 ], [ -47.699752, 47.469382 ], [ -47.699624, 47.471197 ], [ -47.69913, 47.47846 ], [ -47.699011, 47.480275 ], [ -47.698778, 47.483906 ], [ -47.698666, 47.485721 ], [ -47.697851, 47.499297 ], [ -47.697773, 47.500619 ], [ -47.697658, 47.502604 ], [ -47.697564, 47.504274 ], [ -47.697382, 47.507613 ], [ -47.697295, 47.509282 ], [ -47.697045, 47.514195 ], [ -47.696985, 47.515423 ], [ -47.696867, 47.517878 ], [ -47.69681, 47.519105 ], [ -47.696152, 47.53364 ], [ -47.696074, 47.535432 ], [ -47.695926, 47.539017 ], [ -47.695854, 47.540856 ], [ -47.695581, 47.548171 ], [ -47.695517, 47.549988 ], [ -47.695396, 47.553621 ], [ -47.695339, 47.555436 ], [ -47.694914, 47.569975 ], [ -47.694865, 47.571791 ], [ -47.694773, 47.575425 ], [ -47.694731, 47.577241 ], [ -47.694577, 47.58451 ], [ -47.694555, 47.585612 ], [ -47.694542, 47.586326 ], [ -47.69448, 47.58996 ], [ -47.694452, 47.591776 ], [ -47.69426, 47.606317 ], [ -47.69424, 47.608133 ], [ -47.694207, 47.611767 ], [ -47.694194, 47.613584 ], [ -47.694157, 47.620854 ], [ -47.694151, 47.62267 ], [ -47.694147, 47.626304 ], [ -47.694149, 47.62812 ], [ -47.694191, 47.642662 ], [ -47.6942, 47.644478 ], [ -47.694226, 47.648112 ], [ -47.694242, 47.649928 ], [ -47.694322, 47.657198 ], [ -47.694345, 47.659014 ], [ -47.6944, 47.662648 ], [ -47.694431, 47.664464 ], [ -47.694708, 47.679004 ], [ -47.694746, 47.68082 ], [ -47.69483, 47.684453 ], [ -47.694876, 47.68627 ], [ -47.695073, 47.693538 ], [ -47.695126, 47.695354 ], [ -47.695239, 47.698987 ], [ -47.6953, 47.700803 ], [ -47.695812, 47.71534 ], [ -47.69588, 47.717156 ], [ -47.696022, 47.720788 ], [ -47.696097, 47.722604 ], [ -47.696412, 47.729871 ], [ -47.696494, 47.731686 ], [ -47.696667, 47.735318 ], [ -47.696756, 47.737133 ], [ -47.697504, 47.751666 ], [ -47.697601, 47.753481 ], [ -47.697803, 47.757112 ], [ -47.697907, 47.758927 ], [ -47.69834, 47.766191 ], [ -47.698452, 47.768006 ], [ -47.698683, 47.771637 ], [ -47.698802, 47.773451 ], [ -47.699785, 47.787977 ], [ -47.699912, 47.789791 ], [ -47.700172, 47.79342 ], [ -47.700306, 47.795235 ], [ -47.700857, 47.802495 ], [ -47.700998, 47.804309 ], [ -47.701288, 47.807938 ], [ -47.701437, 47.809751 ], [ -47.702657, 47.824269 ], [ -47.702813, 47.826081 ], [ -47.703132, 47.829709 ], [ -47.703296, 47.831522 ], [ -47.703965, 47.838778 ], [ -47.704136, 47.840591 ], [ -47.704485, 47.844217 ], [ -47.704663, 47.846029 ], [ -47.706119, 47.860537 ], [ -47.706305, 47.862348 ], [ -47.706684, 47.865973 ], [ -47.706877, 47.867785 ], [ -47.707664, 47.875035 ], [ -47.707864, 47.876847 ], [ -47.708273, 47.88047 ], [ -47.70848, 47.882281 ], [ -47.710174, 47.896777 ], [ -47.710389, 47.898587 ], [ -47.710827, 47.902209 ], [ -47.71105, 47.904019 ], [ -47.711955, 47.911263 ], [ -47.712185, 47.913073 ], [ -47.712653, 47.916693 ], [ -47.71289, 47.918502 ], [ -47.714821, 47.932985 ], [ -47.715066, 47.934793 ], [ -47.715563, 47.938412 ], [ -47.715815, 47.94022 ], [ -47.71684, 47.947457 ], [ -47.717099, 47.949265 ], [ -47.717626, 47.952882 ], [ -47.717893, 47.954689 ], [ -47.720061, 47.969156 ], [ -47.720356, 47.971096 ], [ -47.720955, 47.974977 ], [ -47.721259, 47.976917 ], [ -47.722491, 47.984679 ], [ -47.722803, 47.986618 ], [ -47.723436, 47.990497 ], [ -47.723757, 47.992434 ], [ -47.726359, 48.00795 ], [ -47.726705, 48.009983 ], [ -47.727406, 48.014051 ], [ -47.727761, 48.016084 ], [ -47.729202, 48.024219 ], [ -47.72957, 48.026271 ], [ -47.730317, 48.030375 ], [ -47.730699, 48.032452 ], [ -47.730939, 48.033734 ], [ -47.734425, 48.052336 ], [ -47.734781, 48.054213 ], [ -47.735501, 48.057966 ], [ -47.735865, 48.059842 ], [ -47.737336, 48.067344 ], [ -47.737785, 48.069602 ], [ -47.738695, 48.074117 ], [ -47.739155, 48.076374 ], [ -47.739511, 48.078097 ], [ -47.739749, 48.079243 ], [ -47.743553, 48.097485 ], [ -47.744029, 48.099739 ], [ -47.744993, 48.104248 ], [ -47.74548, 48.106502 ], [ -47.747456, 48.115518 ], [ -47.747701, 48.116632 ], [ -47.748196, 48.118861 ], [ -47.748701, 48.121114 ], [ -47.749217, 48.123389 ], [ -47.749477, 48.124525 ], [ -47.753615, 48.142541 ], [ -47.754138, 48.14479 ], [ -47.755196, 48.14929 ], [ -47.75573, 48.151539 ], [ -47.757893, 48.160536 ], [ -47.758259, 48.162046 ], [ -47.758439, 48.162783 ], [ -47.759544, 48.167278 ], [ -47.760101, 48.169523 ], [ -47.764614, 48.187499 ], [ -47.765184, 48.189743 ], [ -47.766335, 48.194233 ], [ -47.766917, 48.196476 ], [ -47.767976, 48.200521 ], [ -47.768213, 48.201626 ], [ -47.768512, 48.20311 ], [ -47.768758, 48.204325 ], [ -47.769134, 48.206175 ], [ -47.769476, 48.207843 ], [ -47.770166, 48.211178 ], [ -47.770515, 48.212844 ], [ -47.771575, 48.21787 ], [ -47.771842, 48.219125 ], [ -47.772379, 48.221637 ], [ -47.772649, 48.222891 ], [ -47.775771, 48.237281 ], [ -47.776149, 48.239007 ], [ -47.776911, 48.242455 ], [ -47.777327, 48.244319 ], [ -47.77898, 48.251654 ], [ -47.77939, 48.253452 ], [ -47.780214, 48.257044 ], [ -47.78063, 48.258838 ], [ -47.783991, 48.273204 ], [ -47.784414, 48.274998 ], [ -47.785269, 48.278586 ], [ -47.7857, 48.28038 ], [ -47.78744, 48.287555 ], [ -47.787645, 48.288399 ], [ -47.787878, 48.289348 ], [ -47.788763, 48.292933 ], [ -47.789209, 48.294724 ], [ -47.792808, 48.309065 ], [ -47.793262, 48.310855 ], [ -47.794176, 48.314437 ], [ -47.794637, 48.316227 ], [ -47.796496, 48.32339 ], [ -47.796965, 48.325179 ], [ -47.797909, 48.328757 ], [ -47.798385, 48.330545 ], [ -47.802223, 48.344858 ], [ -47.802706, 48.346645 ], [ -47.803681, 48.35022 ], [ -47.804171, 48.352007 ], [ -47.80615, 48.359155 ], [ -47.806649, 48.360941 ], [ -47.807653, 48.364512 ], [ -47.808158, 48.366296 ], [ -47.808663, 48.368064 ], [ -47.808746, 48.369726 ], [ -47.80884, 48.371541 ], [ -47.809037, 48.375172 ], [ -47.809138, 48.376987 ], [ -47.809561, 48.384251 ], [ -47.809671, 48.386066 ], [ -47.809897, 48.389696 ], [ -47.810013, 48.39151 ], [ -47.810978, 48.406036 ], [ -47.811103, 48.407849 ], [ -47.811359, 48.411479 ], [ -47.81149, 48.413293 ], [ -47.812033, 48.420553 ], [ -47.812172, 48.422367 ], [ -47.812458, 48.425995 ], [ -47.812604, 48.427809 ], [ -47.813808, 48.442326 ], [ -47.813963, 48.444139 ], [ -47.814278, 48.447766 ], [ -47.81444, 48.449579 ], [ -47.815102, 48.456835 ], [ -47.815271, 48.458648 ], [ -47.815617, 48.462274 ], [ -47.815793, 48.464086 ], [ -47.817237, 48.478593 ], [ -47.817421, 48.480405 ], [ -47.817796, 48.48403 ], [ -47.817988, 48.485842 ], [ -47.81877, 48.493092 ], [ -47.818969, 48.494903 ], [ -47.819374, 48.498527 ], [ -47.819581, 48.500337 ], [ -47.821264, 48.514834 ], [ -47.821478, 48.516644 ], [ -47.821914, 48.520266 ], [ -47.822135, 48.522076 ], [ -47.823037, 48.52932 ], [ -47.823266, 48.53113 ], [ -47.823731, 48.53475 ], [ -47.823968, 48.536559 ], [ -47.825891, 48.551042 ], [ -47.826135, 48.55285 ], [ -47.826631, 48.556469 ], [ -47.826883, 48.558277 ], [ -47.827904, 48.565514 ], [ -47.828163, 48.567323 ], [ -47.828689, 48.570939 ], [ -47.828955, 48.572746 ], [ -47.831119, 48.587214 ], [ -47.831393, 48.589021 ], [ -47.831949, 48.592636 ], [ -47.832231, 48.594442 ], [ -47.833373, 48.601671 ], [ -47.833662, 48.603477 ], [ -47.834248, 48.60709 ], [ -47.834544, 48.608895 ], [ -47.83702, 48.623335 ], [ -47.837308, 48.625142 ], [ -47.837888, 48.628758 ], [ -47.838195, 48.630563 ], [ -47.839508, 48.637773 ], [ -47.839838, 48.639575 ], [ -47.840502, 48.64318 ], [ -47.840831, 48.644958 ], [ -47.843435, 48.659736 ], [ -47.843656, 48.660937 ], [ -47.843935, 48.662446 ], [ -47.844275, 48.664266 ], [ -47.844957, 48.667873 ], [ -47.845301, 48.669676 ], [ -47.846694, 48.676886 ], [ -47.847046, 48.678688 ], [ -47.847757, 48.682291 ], [ -47.848117, 48.684091 ], [ -47.850826, 48.697522 ], [ -47.851108, 48.698914 ], [ -47.851535, 48.701006 ], [ -47.851874, 48.702655 ], [ -47.852559, 48.705952 ], [ -47.852905, 48.7076 ], [ -47.853907, 48.712335 ], [ -47.854159, 48.713517 ], [ -47.854667, 48.715883 ], [ -47.854922, 48.717065 ], [ -47.85805, 48.731456 ], [ -47.858444, 48.733252 ], [ -47.859241, 48.736847 ], [ -47.859643, 48.738644 ], [ -47.861282, 48.745897 ], [ -47.861698, 48.747724 ], [ -47.862511, 48.751252 ], [ -47.86292, 48.753015 ], [ -47.866289, 48.767382 ], [ -47.866714, 48.769176 ], [ -47.867571, 48.772765 ], [ -47.868003, 48.774558 ], [ -47.869748, 48.781735 ], [ -47.870143, 48.783345 ], [ -47.871075, 48.787113 ], [ -47.871522, 48.788904 ], [ -47.875132, 48.803246 ], [ -47.875587, 48.805037 ], [ -47.876505, 48.808619 ], [ -47.876967, 48.810409 ], [ -47.878833, 48.817572 ], [ -47.879302, 48.819362 ], [ -47.88025, 48.822941 ], [ -47.880727, 48.824729 ], [ -47.884579, 48.839043 ], [ -47.885064, 48.84083 ], [ -47.886042, 48.844406 ], [ -47.886535, 48.846193 ], [ -47.888521, 48.853342 ], [ -47.889021, 48.855128 ], [ -47.890029, 48.8587 ], [ -47.890536, 48.860484 ], [ -47.89463, 48.874769 ], [ -47.895146, 48.876554 ], [ -47.896185, 48.880125 ], [ -47.896708, 48.88191 ], [ -47.898816, 48.889049 ], [ -47.899347, 48.890833 ], [ -47.900416, 48.8944 ], [ -47.900954, 48.896182 ], [ -47.905293, 48.910447 ], [ -47.905839, 48.912229 ], [ -47.906939, 48.915793 ], [ -47.907493, 48.917574 ], [ -47.909723, 48.9247 ], [ -47.910285, 48.926482 ], [ -47.911416, 48.930046 ], [ -47.911987, 48.931833 ], [ -47.913759, 48.937339 ], [ -47.914687, 48.940279 ], [ -47.915491, 48.942804 ], [ -47.921903, 48.962732 ], [ -47.922711, 48.96522 ], [ -47.924343, 48.970196 ], [ -47.925167, 48.972682 ], [ -47.928491, 48.982629 ], [ -47.929329, 48.985113 ], [ -47.93102, 48.990081 ], [ -47.931873, 48.992562 ], [ -47.938759, 49.012423 ], [ -47.939627, 49.014902 ], [ -47.941378, 49.019861 ], [ -47.94226, 49.022338 ], [ -47.945822, 49.032249 ], [ -47.946719, 49.034725 ], [ -47.948529, 49.039675 ], [ -47.94944, 49.042147 ], [ -47.956801, 49.061935 ], [ -47.957728, 49.064405 ], [ -47.959597, 49.069345 ], [ -47.960539, 49.071813 ], [ -47.964337, 49.081687 ], [ -47.965294, 49.084153 ], [ -47.967222, 49.089084 ], [ -47.968193, 49.091546 ], [ -47.976027, 49.111257 ], [ -47.977013, 49.113717 ], [ -47.979001, 49.118638 ], [ -47.980002, 49.121096 ], [ -47.984037, 49.13093 ], [ -47.985053, 49.133385 ], [ -47.987099, 49.138296 ], [ -47.988129, 49.140748 ], [ -47.996437, 49.160376 ], [ -47.997378, 49.162583 ], [ -47.999272, 49.166996 ], [ -48.000225, 49.169202 ], [ -48.004062, 49.178023 ], [ -48.005027, 49.180226 ], [ -48.006968, 49.184631 ], [ -48.007945, 49.186831 ], [ -48.015812, 49.20444 ], [ -48.016948, 49.206963 ], [ -48.019237, 49.21201 ], [ -48.020389, 49.214531 ], [ -48.025031, 49.224615 ], [ -48.026199, 49.227133 ], [ -48.02817, 49.231355 ], [ -48.030913, 49.237645 ], [ -48.030926, 49.237697 ], [ -48.031837, 49.241369 ], [ -48.032263, 49.243074 ], [ -48.035884, 49.257417 ], [ -48.03634, 49.259208 ], [ -48.03726, 49.262791 ], [ -48.037724, 49.264581 ], [ -48.039595, 49.271745 ], [ -48.040067, 49.273535 ], [ -48.041017, 49.277114 ], [ -48.041496, 49.278902 ], [ -48.045361, 49.293218 ], [ -48.045847, 49.295006 ], [ -48.046828, 49.298581 ], [ -48.047322, 49.300368 ], [ -48.049315, 49.307518 ], [ -48.049817, 49.309304 ], [ -48.050829, 49.312877 ], [ -48.051338, 49.314661 ], [ -48.055447, 49.328948 ], [ -48.055963, 49.330732 ], [ -48.057006, 49.334301 ], [ -48.05753, 49.336084 ], [ -48.059645, 49.343219 ], [ -48.060178, 49.345001 ], [ -48.06125, 49.348566 ], [ -48.06179, 49.350347 ], [ -48.066142, 49.364604 ], [ -48.06669, 49.366383 ], [ -48.067793, 49.369944 ], [ -48.068348, 49.371724 ], [ -48.070585, 49.378843 ], [ -48.071148, 49.380621 ], [ -48.072281, 49.384178 ], [ -48.072851, 49.385955 ], [ -48.077448, 49.400179 ], [ -48.078026, 49.401955 ], [ -48.07919, 49.405508 ], [ -48.079775, 49.407283 ], [ -48.080196, 49.408551 ], [ -48.079942, 49.409739 ], [ -48.079562, 49.411538 ], [ -48.078807, 49.415137 ], [ -48.078433, 49.416936 ], [ -48.075472, 49.431344 ], [ -48.075106, 49.433144 ], [ -48.074381, 49.436746 ], [ -48.074022, 49.438547 ], [ -48.072601, 49.445755 ], [ -48.072249, 49.447557 ], [ -48.071553, 49.451161 ], [ -48.07121, 49.452963 ], [ -48.068485, 49.467391 ], [ -48.068148, 49.469193 ], [ -48.067482, 49.472799 ], [ -48.067153, 49.474603 ], [ -48.06585, 49.481821 ], [ -48.065528, 49.483624 ], [ -48.064892, 49.487233 ], [ -48.064578, 49.489037 ], [ -48.062091, 49.503484 ], [ -48.061784, 49.505288 ], [ -48.061177, 49.508899 ], [ -48.060877, 49.510705 ], [ -48.059694, 49.517931 ], [ -48.059401, 49.519737 ], [ -48.058825, 49.52335 ], [ -48.05854, 49.525156 ], [ -48.056291, 49.539619 ], [ -48.055889, 49.542259 ], [ -48.055099, 49.547543 ], [ -48.054713, 49.550185 ], [ -48.053198, 49.560757 ], [ -48.052827, 49.5634 ], [ -48.052102, 49.568687 ], [ -48.051748, 49.571329 ], [ -48.048973, 49.592491 ], [ -48.048635, 49.595134 ], [ -48.047973, 49.600424 ], [ -48.047651, 49.603069 ], [ -48.046392, 49.613655 ], [ -48.046085, 49.6163 ], [ -48.045488, 49.621593 ], [ -48.045198, 49.624238 ], [ -48.042222, 49.652111 ], [ -48.042095, 49.653317 ], [ -48.041844, 49.655733 ], [ -48.04172, 49.656941 ], [ -48.04123, 49.661778 ], [ -48.041109, 49.662987 ], [ -48.040871, 49.665405 ], [ -48.040754, 49.666613 ], [ -48.039828, 49.676292 ], [ -48.039589, 49.678871 ], [ -48.039126, 49.68403 ], [ -48.038902, 49.686609 ], [ -48.038038, 49.69693 ], [ -48.03783, 49.69951 ], [ -48.037428, 49.704671 ], [ -48.037235, 49.707251 ], [ -48.036447, 49.718214 ], [ -48.036383, 49.719124 ], [ -48.036256, 49.720945 ], [ -48.036193, 49.721856 ], [ -48.035947, 49.7255 ], [ -48.035856, 49.726871 ], [ -48.035679, 49.729612 ], [ -48.035593, 49.730982 ], [ -48.035466, 49.733048 ], [ -48.035384, 49.734424 ], [ -48.034577, 49.748048 ], [ -48.034481, 49.749721 ], [ -48.034295, 49.753069 ], [ -48.034206, 49.754742 ], [ -48.033861, 49.76144 ], [ -48.033778, 49.763113 ], [ -48.033618, 49.766462 ], [ -48.033542, 49.768135 ], [ -48.032949, 49.781684 ], [ -48.032916, 49.782438 ], [ -48.032847, 49.784112 ], [ -48.03274, 49.786858 ], [ -48.032688, 49.78823 ], [ -48.032447, 49.79493 ], [ -48.03239, 49.796604 ], [ -48.032282, 49.799953 ], [ -48.032231, 49.801627 ], [ -48.031852, 49.815029 ], [ -48.031808, 49.816702 ], [ -48.031726, 49.820052 ], [ -48.031691, 49.82158 ], [ -48.03155, 49.828427 ], [ -48.031519, 49.830101 ], [ -48.031463, 49.833451 ], [ -48.031439, 49.835125 ], [ -48.031267, 49.848529 ], [ -48.031249, 49.850203 ], [ -48.031219, 49.853552 ], [ -48.031207, 49.855227 ], [ -48.031173, 49.861928 ], [ -48.031168, 49.863603 ], [ -48.031164, 49.866952 ], [ -48.031165, 49.868626 ], [ -48.031202, 49.882031 ], [ -48.03121, 49.883705 ], [ -48.031232, 49.887054 ], [ -48.031246, 49.888729 ], [ -48.031316, 49.89543 ], [ -48.031337, 49.897104 ], [ -48.031385, 49.900454 ], [ -48.031413, 49.902128 ], [ -48.031658, 49.915531 ], [ -48.031692, 49.917205 ], [ -48.031766, 49.920554 ], [ -48.031806, 49.922228 ], [ -48.031981, 49.928929 ], [ -48.032028, 49.930603 ], [ -48.032128, 49.933952 ], [ -48.032182, 49.935626 ], [ -48.032636, 49.949027 ], [ -48.032696, 49.9507 ], [ -48.032822, 49.954049 ], [ -48.032889, 49.955723 ], [ -48.033168, 49.962421 ], [ -48.033241, 49.964095 ], [ -48.033393, 49.967444 ], [ -48.033473, 49.969117 ], [ -48.034136, 49.982514 ], [ -48.034222, 49.984187 ], [ -48.034401, 49.987535 ], [ -48.034494, 49.989208 ], [ -48.034878, 49.995905 ], [ -48.034977, 49.997578 ], [ -48.035182, 50.000925 ], [ -48.035288, 50.002597 ], [ -48.036161, 50.01599 ], [ -48.036273, 50.017662 ], [ -48.036505, 50.021008 ], [ -48.036623, 50.022681 ], [ -48.037112, 50.029375 ], [ -48.037238, 50.031047 ], [ -48.037495, 50.034393 ], [ -48.037627, 50.036065 ], [ -48.03871, 50.04945 ], [ -48.038849, 50.051122 ], [ -48.039133, 50.054467 ], [ -48.039278, 50.056138 ], [ -48.039872, 50.062828 ], [ -48.040024, 50.0645 ], [ -48.040334, 50.067844 ], [ -48.040492, 50.069515 ], [ -48.041785, 50.082892 ], [ -48.04195, 50.084563 ], [ -48.042287, 50.087906 ], [ -48.042458, 50.089576 ], [ -48.043157, 50.096262 ], [ -48.043335, 50.097933 ], [ -48.043698, 50.101274 ], [ -48.043883, 50.102944 ], [ -48.045387, 50.116313 ], [ -48.045578, 50.117982 ], [ -48.045967, 50.121323 ], [ -48.046165, 50.122992 ], [ -48.04697, 50.129673 ], [ -48.047174, 50.131342 ], [ -48.047589, 50.134681 ], [ -48.0478, 50.13635 ], [ -48.049515, 50.149708 ], [ -48.049623, 50.150541 ], [ -48.049841, 50.152209 ], [ -48.04995, 50.153043 ], [ -48.050392, 50.156381 ], [ -48.050503, 50.157215 ], [ -48.050728, 50.158883 ], [ -48.05084, 50.159717 ], [ -48.051751, 50.166393 ], [ -48.051865, 50.167227 ], [ -48.052096, 50.168895 ], [ -48.052213, 50.169729 ], [ -48.052681, 50.173066 ], [ -48.052799, 50.1739 ], [ -48.053036, 50.175568 ], [ -48.053156, 50.176402 ], [ -48.053622, 50.179632 ], [ -48.053704, 50.180194 ], [ -48.053867, 50.18132 ], [ -48.05395, 50.181882 ], [ -48.054281, 50.184133 ], [ -48.054364, 50.184696 ], [ -48.054531, 50.185821 ], [ -48.054615, 50.186383 ], [ -48.055289, 50.190885 ], [ -48.055373, 50.191447 ], [ -48.055543, 50.192572 ], [ -48.055629, 50.193134 ], [ -48.055972, 50.195384 ], [ -48.056058, 50.195946 ], [ -48.05623, 50.19707 ], [ -48.056317, 50.197632 ], [ -48.057714, 50.206633 ], [ -48.057944, 50.208098 ], [ -48.058409, 50.211029 ], [ -48.058644, 50.212495 ], [ -48.059595, 50.218358 ], [ -48.059835, 50.219822 ], [ -48.06032, 50.222752 ], [ -48.060566, 50.224216 ], [ -48.06255, 50.235938 ], [ -48.0628, 50.237401 ], [ -48.063306, 50.24033 ], [ -48.063561, 50.241793 ], [ -48.064594, 50.24765 ], [ -48.064855, 50.249113 ], [ -48.065381, 50.25204 ], [ -48.065647, 50.253505 ], [ -48.068373, 50.268364 ], [ -48.068685, 50.270056 ], [ -48.069079, 50.272179 ], [ -48.069422, 50.274006 ], [ -48.070107, 50.277613 ], [ -48.070453, 50.279416 ], [ -48.071854, 50.286628 ], [ -48.072208, 50.288429 ], [ -48.072924, 50.292033 ], [ -48.073286, 50.293834 ], [ -48.075866, 50.306542 ], [ -48.075999, 50.307191 ], [ -48.076265, 50.308492 ], [ -48.076399, 50.309142 ], [ -48.076935, 50.311745 ], [ -48.077266, 50.313332 ], [ -48.077933, 50.316507 ], [ -48.078269, 50.318093 ], [ -48.079071, 50.32184 ], [ -48.079272, 50.322775 ], [ -48.079677, 50.324647 ], [ -48.07988, 50.325582 ], [ -48.083027, 50.339976 ], [ -48.083424, 50.341773 ], [ -48.084226, 50.345369 ], [ -48.084631, 50.347166 ], [ -48.086267, 50.354357 ], [ -48.086451, 50.355164 ], [ -48.086822, 50.356778 ], [ -48.087238, 50.358575 ], [ -48.0877, 50.360553 ], [ -48.087933, 50.361541 ], [ -48.091329, 50.375913 ], [ -48.091758, 50.377707 ], [ -48.092622, 50.381297 ], [ -48.093058, 50.383091 ], [ -48.094819, 50.39027 ], [ -48.095262, 50.392063 ], [ -48.096158, 50.39565 ], [ -48.096586, 50.397351 ], [ -48.100256, 50.411789 ], [ -48.100715, 50.41358 ], [ -48.101642, 50.417164 ], [ -48.102109, 50.418954 ], [ -48.103995, 50.42612 ], [ -48.10447, 50.42791 ], [ -48.105428, 50.431491 ], [ -48.105911, 50.433279 ], [ -48.109807, 50.447599 ], [ -48.110298, 50.449387 ], [ -48.111287, 50.452964 ], [ -48.111786, 50.454752 ], [ -48.113796, 50.461904 ], [ -48.114303, 50.46369 ], [ -48.115323, 50.467264 ], [ -48.115837, 50.469049 ], [ -48.119984, 50.48334 ], [ -48.120505, 50.485125 ], [ -48.121557, 50.488694 ], [ -48.122087, 50.490478 ], [ -48.124223, 50.497616 ], [ -48.12476, 50.499399 ], [ -48.125843, 50.502964 ], [ -48.126388, 50.504746 ], [ -48.130785, 50.519007 ], [ -48.131338, 50.520788 ], [ -48.132453, 50.52435 ], [ -48.133014, 50.52613 ], [ -48.135274, 50.533252 ], [ -48.135843, 50.535031 ], [ -48.136989, 50.538589 ], [ -48.137565, 50.540366 ], [ -48.142212, 50.554596 ], [ -48.142796, 50.556372 ], [ -48.143973, 50.559926 ], [ -48.144565, 50.561702 ], [ -48.146951, 50.568808 ], [ -48.147551, 50.570583 ], [ -48.148759, 50.574132 ], [ -48.149367, 50.575906 ], [ -48.154264, 50.590101 ], [ -48.15488, 50.591874 ], [ -48.156119, 50.595419 ], [ -48.156743, 50.597191 ], [ -48.159253, 50.604279 ], [ -48.159885, 50.60605 ], [ -48.161155, 50.609591 ], [ -48.161794, 50.611359 ], [ -48.166941, 50.62552 ], [ -48.167588, 50.627288 ], [ -48.16889, 50.630824 ], [ -48.169545, 50.632591 ], [ -48.172181, 50.639661 ], [ -48.172843, 50.641427 ], [ -48.174176, 50.644959 ], [ -48.174846, 50.646723 ], [ -48.180244, 50.660847 ], [ -48.180922, 50.66261 ], [ -48.182286, 50.666137 ], [ -48.182972, 50.667899 ], [ -48.185733, 50.67495 ], [ -48.186427, 50.676711 ], [ -48.187822, 50.680234 ], [ -48.188524, 50.681993 ], [ -48.194171, 50.696077 ], [ -48.19488, 50.697835 ], [ -48.196307, 50.701353 ], [ -48.197024, 50.70311 ], [ -48.19991, 50.710141 ], [ -48.200635, 50.711898 ], [ -48.202093, 50.71541 ], [ -48.202826, 50.717164 ], [ -48.208723, 50.731207 ], [ -48.209463, 50.732961 ], [ -48.210953, 50.736468 ], [ -48.211701, 50.73822 ], [ -48.214712, 50.74523 ], [ -48.215468, 50.746981 ], [ -48.216988, 50.750483 ], [ -48.217752, 50.752232 ], [ -48.223899, 50.766233 ], [ -48.22467, 50.767981 ], [ -48.226222, 50.771477 ], [ -48.227002, 50.773224 ], [ -48.230137, 50.780212 ], [ -48.230924, 50.781958 ], [ -48.232507, 50.785449 ], [ -48.233302, 50.787192 ], [ -48.239698, 50.801149 ], [ -48.240501, 50.802891 ], [ -48.242115, 50.806376 ], [ -48.242926, 50.808118 ], [ -48.246186, 50.815084 ], [ -48.247004, 50.816824 ], [ -48.248649, 50.820303 ], [ -48.249476, 50.822043 ], [ -48.256269, 50.836262 ], [ -48.256858, 50.837493 ], [ -48.257599, 50.839038 ], [ -48.258445, 50.840793 ], [ -48.260127, 50.844267 ], [ -48.260972, 50.846002 ], [ -48.264368, 50.852944 ], [ -48.265221, 50.854678 ], [ -48.266934, 50.858145 ], [ -48.267794, 50.859876 ], [ -48.274092, 50.872496 ], [ -48.274333, 50.872978 ], [ -48.274817, 50.873944 ], [ -48.275059, 50.874428 ], [ -48.27603, 50.876362 ], [ -48.276824, 50.877937 ], [ -48.278419, 50.881088 ], [ -48.279219, 50.882662 ], [ -48.281449, 50.887026 ], [ -48.282007, 50.888116 ], [ -48.283127, 50.890296 ], [ -48.283689, 50.891385 ], [ -48.290832, 50.905198 ], [ -48.291728, 50.906923 ], [ -48.293528, 50.910372 ], [ -48.294435, 50.912101 ], [ -48.298179, 50.919203 ], [ -48.299139, 50.921016 ], [ -48.30086, 50.92425 ], [ -48.301727, 50.925872 ], [ -48.309119, 50.939634 ], [ -48.310046, 50.941352 ], [ -48.311908, 50.944788 ], [ -48.312843, 50.946504 ], [ -48.3166, 50.953372 ], [ -48.317543, 50.955087 ], [ -48.319455, 50.958549 ], [ -48.320386, 50.960229 ], [ -48.328026, 50.973938 ], [ -48.328984, 50.975649 ], [ -48.330908, 50.979072 ], [ -48.331874, 50.980782 ], [ -48.335755, 50.987622 ], [ -48.336729, 50.989331 ], [ -48.338684, 50.992746 ], [ -48.339665, 50.994452 ], [ -48.347551, 51.008107 ], [ -48.34854, 51.009811 ], [ -48.350527, 51.01322 ], [ -48.351523, 51.014923 ], [ -48.355528, 51.021736 ], [ -48.356532, 51.023437 ], [ -48.358549, 51.026839 ], [ -48.359561, 51.028538 ], [ -48.367695, 51.042136 ], [ -48.368714, 51.043833 ], [ -48.370763, 51.047228 ], [ -48.37179, 51.048924 ], [ -48.375918, 51.055708 ], [ -48.376953, 51.057402 ], [ -48.379032, 51.060789 ], [ -48.380074, 51.062481 ], [ -48.388454, 51.076021 ], [ -48.389505, 51.077711 ], [ -48.391615, 51.081091 ], [ -48.392673, 51.082779 ], [ -48.396924, 51.089534 ], [ -48.39799, 51.09122 ], [ -48.40013, 51.094593 ], [ -48.401204, 51.096277 ], [ -48.40983, 51.109757 ], [ -48.410911, 51.11144 ], [ -48.413082, 51.114804 ], [ -48.414171, 51.116485 ], [ -48.418545, 51.123209 ], [ -48.419642, 51.124888 ], [ -48.421843, 51.128246 ], [ -48.422947, 51.129922 ], [ -48.431818, 51.143341 ], [ -48.43293, 51.145015 ], [ -48.435163, 51.148365 ], [ -48.436282, 51.150038 ], [ -48.440779, 51.15673 ], [ -48.441906, 51.158402 ], [ -48.444169, 51.161743 ], [ -48.445303, 51.163412 ], [ -48.45442, 51.176767 ], [ -48.455562, 51.178434 ], [ -48.457856, 51.181767 ], [ -48.459006, 51.183432 ], [ -48.463624, 51.190093 ], [ -48.464782, 51.191756 ], [ -48.467106, 51.195081 ], [ -48.468271, 51.196742 ], [ -48.477631, 51.210032 ], [ -48.478804, 51.21169 ], [ -48.481159, 51.215007 ], [ -48.48234, 51.216664 ], [ -48.48708, 51.223292 ], [ -48.488269, 51.224947 ], [ -48.490653, 51.228255 ], [ -48.491849, 51.229908 ], [ -48.501452, 51.243131 ], [ -48.502656, 51.244781 ], [ -48.505071, 51.248081 ], [ -48.506282, 51.24973 ], [ -48.511144, 51.256323 ], [ -48.512363, 51.25797 ], [ -48.514808, 51.261261 ], [ -48.516034, 51.262905 ], [ -48.525881, 51.27606 ], [ -48.527114, 51.277701 ], [ -48.52959, 51.280984 ], [ -48.530832, 51.282624 ], [ -48.535815, 51.289183 ], [ -48.537064, 51.290821 ], [ -48.53957, 51.294095 ], [ -48.540826, 51.29573 ], [ -48.550915, 51.308814 ], [ -48.552178, 51.310447 ], [ -48.554715, 51.313712 ], [ -48.555987, 51.315343 ], [ -48.561091, 51.321867 ], [ -48.56237, 51.323496 ], [ -48.564936, 51.326752 ], [ -48.566222, 51.328378 ], [ -48.576552, 51.34139 ], [ -48.577846, 51.343014 ], [ -48.580443, 51.346261 ], [ -48.581744, 51.347883 ], [ -48.586969, 51.35437 ], [ -48.588279, 51.355991 ], [ -48.590906, 51.35923 ], [ -48.592224, 51.360849 ], [ -48.603096, 51.374156 ], [ -48.603845, 51.375072 ], [ -48.605197, 51.37672 ], [ -48.60788, 51.379976 ], [ -48.609225, 51.381603 ], [ -48.614575, 51.388052 ], [ -48.615916, 51.389662 ], [ -48.618605, 51.392881 ], [ -48.619952, 51.394489 ], [ -48.63041, 51.406917 ], [ -48.63098, 51.407594 ], [ -48.631838, 51.408612 ], [ -48.633139, 51.41015 ], [ -48.635747, 51.413223 ], [ -48.637054, 51.414758 ], [ -48.641526, 51.419993 ], [ -48.642646, 51.4213 ], [ -48.644891, 51.423913 ], [ -48.646016, 51.425218 ], [ -48.657064, 51.438004 ], [ -48.657863, 51.438927 ], [ -48.659465, 51.440773 ], [ -48.660854, 51.442368 ], [ -48.662028, 51.443712 ], [ -48.662615, 51.444384 ], [ -48.668198, 51.450757 ], [ -48.669597, 51.452348 ], [ -48.672403, 51.455528 ], [ -48.673808, 51.457116 ], [ -48.684617, 51.469129 ], [ -48.68517, 51.469757 ], [ -48.686576, 51.47135 ], [ -48.689394, 51.474535 ], [ -48.690239, 51.47549 ], [ -48.690805, 51.476128 ], [ -48.695854, 51.481817 ], [ -48.696466, 51.482496 ], [ -48.697903, 51.48407 ], [ -48.700782, 51.487217 ], [ -48.702224, 51.488789 ], [ -48.707971, 51.495049 ], [ -48.713717, 51.501443 ], [ -48.71516, 51.503019 ], [ -48.718054, 51.506169 ], [ -48.719505, 51.507743 ], [ -48.725324, 51.514035 ], [ -48.726782, 51.515606 ], [ -48.729706, 51.518746 ], [ -48.731171, 51.520314 ], [ -48.742929, 51.532859 ], [ -48.744401, 51.534425 ], [ -48.747355, 51.537554 ], [ -48.748835, 51.539118 ], [ -48.754772, 51.545368 ], [ -48.756259, 51.546929 ], [ -48.759241, 51.550048 ], [ -48.760735, 51.551606 ], [ -48.772729, 51.564067 ], [ -48.77423, 51.565622 ], [ -48.777242, 51.568731 ], [ -48.778751, 51.570283 ], [ -48.784806, 51.576492 ], [ -48.786322, 51.578042 ], [ -48.789363, 51.58114 ], [ -48.790886, 51.582687 ], [ -48.803113, 51.595063 ], [ -48.804643, 51.596607 ], [ -48.807714, 51.599694 ], [ -48.809252, 51.601236 ], [ -48.815423, 51.607402 ], [ -48.816968, 51.608941 ], [ -48.820067, 51.612018 ], [ -48.821619, 51.613554 ], [ -48.834078, 51.625842 ], [ -48.835638, 51.627376 ], [ -48.838766, 51.630441 ], [ -48.840333, 51.631972 ], [ -48.84662, 51.638094 ], [ -48.848195, 51.639622 ], [ -49.804834, 52.323054 ], [ -49.807075, 52.324246 ], [ -49.811554, 52.326624 ], [ -49.813795, 52.32781 ], [ -49.831766, 52.337292 ], [ -49.834014, 52.338474 ], [ -49.838634, 52.340897 ], [ -49.840771, 52.342014 ], [ -49.849802, 52.346723 ], [ -49.852062, 52.347897 ], [ -49.856587, 52.350243 ], [ -49.858852, 52.351413 ], [ -49.87701, 52.360768 ], [ -49.879281, 52.361934 ], [ -49.88383, 52.364263 ], [ -49.886107, 52.365426 ], [ -49.886791, 52.365774 ], [ -49.886963, 52.367272 ], [ -49.887175, 52.369082 ], [ -49.88804, 52.376327 ], [ -49.88826, 52.378137 ], [ -49.888709, 52.381757 ], [ -49.888937, 52.383566 ], [ -49.890797, 52.398051 ], [ -49.891034, 52.39986 ], [ -49.891515, 52.403479 ], [ -49.89176, 52.405288 ], [ -49.892755, 52.412526 ], [ -49.893008, 52.414335 ], [ -49.893522, 52.417952 ], [ -49.893783, 52.41976 ], [ -49.895904, 52.434231 ], [ -49.896173, 52.436038 ], [ -49.89672, 52.439654 ], [ -49.896997, 52.441461 ], [ -49.898123, 52.448692 ], [ -49.898408, 52.450499 ], [ -49.898987, 52.454112 ], [ -49.899281, 52.455918 ], [ -49.901664, 52.470374 ], [ -49.901966, 52.472179 ], [ -49.902578, 52.475791 ], [ -49.902887, 52.477596 ], [ -49.904144, 52.484819 ], [ -49.904462, 52.486624 ], [ -49.905107, 52.490233 ], [ -49.905433, 52.492037 ], [ -49.908106, 52.506629 ], [ -49.908275, 52.507547 ], [ -49.908558, 52.509079 ], [ -49.908728, 52.509998 ], [ -49.909214, 52.512605 ], [ -49.909554, 52.514409 ], [ -49.910243, 52.518017 ], [ -49.910592, 52.51982 ], [ -49.912002, 52.527034 ], [ -49.912358, 52.528836 ], [ -49.91308, 52.532441 ], [ -49.913444, 52.534242 ], [ -49.915894, 52.546209 ], [ -49.916085, 52.547139 ], [ -49.916471, 52.549002 ], [ -49.916665, 52.549933 ], [ -49.917446, 52.553658 ], [ -49.917762, 52.555153 ], [ -49.918399, 52.558142 ], [ -49.918721, 52.559637 ], [ -49.91921, 52.56189 ], [ -49.919333, 52.562452 ], [ -49.919579, 52.563578 ], [ -49.919702, 52.56414 ], [ -49.922871, 52.57854 ], [ -49.923271, 52.580338 ], [ -49.92408, 52.583935 ], [ -49.924488, 52.585733 ], [ -49.926138, 52.592927 ], [ -49.926555, 52.594724 ], [ -49.927396, 52.598319 ], [ -49.927821, 52.600116 ], [ -49.93128, 52.614607 ], [ -49.931726, 52.616456 ], [ -49.932573, 52.619934 ], [ -49.933, 52.621675 ], [ -49.934782, 52.628857 ], [ -49.935231, 52.630651 ], [ -49.936138, 52.63424 ], [ -49.936595, 52.636033 ], [ -49.94029, 52.650387 ], [ -49.940757, 52.652181 ], [ -49.941698, 52.655771 ], [ -49.941954, 52.656743 ], [ -49.942172, 52.657565 ], [ -49.944087, 52.664743 ], [ -49.94457, 52.666537 ], [ -49.945544, 52.670123 ], [ -49.946035, 52.671915 ], [ -49.949998, 52.68626 ], [ -49.950497, 52.688052 ], [ -49.951505, 52.691638 ], [ -49.952012, 52.693429 ], [ -49.954061, 52.700598 ], [ -49.954578, 52.702393 ], [ -49.95562, 52.705982 ], [ -49.956147, 52.707781 ], [ -49.956823, 52.71007 ], [ -49.957014, 52.710739 ], [ -49.957536, 52.712551 ], [ -49.958585, 52.716164 ], [ -49.959114, 52.717969 ], [ -49.963335, 52.73227 ], [ -49.963867, 52.734055 ], [ -49.964938, 52.737627 ], [ -49.965478, 52.739413 ], [ -49.967655, 52.746555 ], [ -49.968202, 52.748339 ], [ -49.969307, 52.751908 ], [ -49.969863, 52.75369 ], [ -49.974348, 52.767962 ], [ -49.974912, 52.769744 ], [ -49.97605, 52.773308 ], [ -49.976622, 52.77509 ], [ -49.978931, 52.782217 ], [ -49.979511, 52.783997 ], [ -49.980682, 52.787558 ], [ -49.98127, 52.789337 ], [ -49.986019, 52.803578 ], [ -49.986616, 52.805356 ], [ -49.98782, 52.808912 ], [ -49.988425, 52.81069 ], [ -49.990865, 52.817801 ], [ -49.991479, 52.819578 ], [ -49.992715, 52.82313 ], [ -49.993337, 52.824905 ], [ -49.998349, 52.839113 ], [ -49.999106, 52.841241 ], [ -50.000633, 52.845499 ], [ -50.001402, 52.847626 ], [ -50.004504, 52.856136 ], [ -50.005285, 52.858262 ], [ -50.006859, 52.862514 ], [ -50.007652, 52.86464 ], [ -50.010615, 52.872519 ], [ -50.010991, 52.873517 ], [ -50.013547, 52.880287 ], [ -50.01381, 52.880982 ], [ -50.014336, 52.882367 ], [ -50.014599, 52.88306 ], [ -50.015656, 52.885831 ], [ -50.015921, 52.886523 ], [ -50.016452, 52.887908 ], [ -50.016717, 52.8886 ], [ -50.021017, 52.89976 ], [ -50.021553, 52.901144 ], [ -50.02263, 52.903912 ], [ -50.023172, 52.905296 ], [ -50.025347, 52.910832 ], [ -50.025893, 52.912215 ], [ -50.026991, 52.914981 ], [ -50.027542, 52.916364 ], [ -50.028741, 52.919357 ], [ -50.029265, 52.920658 ], [ -50.030317, 52.92326 ], [ -50.030845, 52.924561 ], [ -50.032967, 52.929764 ], [ -50.033501, 52.931067 ], [ -50.034574, 52.933675 ], [ -50.035116, 52.934986 ], [ -50.035971, 52.937045 ], [ -50.036874, 52.939262 ], [ -50.038898, 52.94419 ], [ -50.039918, 52.946652 ], [ -50.044024, 52.956483 ], [ -50.045058, 52.958938 ], [ -50.047142, 52.963848 ], [ -50.048192, 52.9663 ], [ -50.054259, 52.980359 ], [ -50.055021, 52.982114 ], [ -50.056553, 52.985625 ], [ -50.057323, 52.987379 ], [ -50.060422, 52.994398 ], [ -50.061201, 52.996151 ], [ -50.062766, 52.999656 ], [ -50.063552, 53.001408 ], [ -50.069883, 53.015425 ], [ -50.070677, 53.017175 ], [ -50.072276, 53.020675 ], [ -50.073079, 53.022424 ], [ -50.07631, 53.029421 ], [ -50.077121, 53.031169 ], [ -50.078752, 53.034664 ], [ -50.079571, 53.03641 ], [ -50.086165, 53.050384 ], [ -50.086992, 53.052128 ], [ -50.088367, 53.055009 ], [ -50.080604, 53.08634 ], [ -50.072342, 53.122309 ], [ -50.064719, 53.158328 ], [ -50.057736, 53.194395 ], [ -50.051397, 53.230505 ], [ -50.045703, 53.266653 ], [ -50.040657, 53.302836 ], [ -50.036261, 53.33905 ], [ -50.032517, 53.37529 ], [ -50.029427, 53.411551 ], [ -50.026994, 53.44783 ], [ -50.02522, 53.484123 ], [ -50.024105, 53.520425 ], [ -50.023653, 53.556732 ], [ -50.023864, 53.593039 ], [ -50.024741, 53.629342 ], [ -50.026285, 53.665638 ], [ -50.028498, 53.701921 ], [ -50.031381, 53.738187 ], [ -50.034935, 53.774433 ], [ -50.039162, 53.810652 ], [ -50.044064, 53.846842 ], [ -50.04964, 53.882998 ], [ -50.055893, 53.919115 ], [ -50.062823, 53.95519 ], [ -50.070431, 53.991217 ], [ -50.078718, 54.027192 ], [ -50.087685, 54.063111 ], [ -50.097332, 54.098969 ], [ -50.10766, 54.134763 ], [ -50.11867, 54.170487 ], [ -50.130362, 54.206137 ], [ -50.142736, 54.241709 ], [ -50.155792, 54.277199 ], [ -50.169531, 54.312601 ], [ -50.183953, 54.347912 ], [ -50.199058, 54.383127 ], [ -50.214844, 54.418242 ], [ -50.231313, 54.453251 ], [ -50.248464, 54.488152 ], [ -50.266297, 54.522939 ], [ -50.28481, 54.557608 ], [ -50.304004, 54.592154 ], [ -50.323878, 54.626574 ], [ -50.34443, 54.660862 ], [ -50.365661, 54.695014 ], [ -50.387568, 54.729027 ], [ -50.410151, 54.762895 ], [ -50.433409, 54.796614 ], [ -50.45734, 54.83018 ], [ -50.481943, 54.863588 ], [ -50.507216, 54.896835 ], [ -50.533158, 54.929915 ], [ -50.546564, 54.946496 ], [ -50.546687, 54.946649 ], [ -50.549107, 54.94965 ], [ -50.55032, 54.951149 ], [ -50.551965, 54.953176 ], [ -50.559767, 54.962824 ], [ -50.564818, 54.968887 ], [ -50.569933, 54.975101 ], [ -50.571227, 54.976667 ], [ -50.573823, 54.979799 ], [ -50.575124, 54.981363 ], [ -50.580347, 54.98762 ], [ -50.581656, 54.989182 ], [ -50.584282, 54.992305 ], [ -50.585598, 54.993865 ], [ -50.596168, 55.006347 ], [ -50.597491, 55.007905 ], [ -50.600148, 55.01102 ], [ -50.60148, 55.012576 ], [ -50.606824, 55.0188 ], [ -50.608163, 55.020354 ], [ -50.61085, 55.023461 ], [ -50.612196, 55.025012 ], [ -50.62359, 55.038097 ], [ -50.624094, 55.038674 ], [ -50.624936, 55.039639 ], [ -50.625441, 55.040218 ], [ -50.626876, 55.04186 ], [ -50.628298, 55.043481 ], [ -50.631151, 55.046722 ], [ -50.632581, 55.04834 ], [ -50.638318, 55.054812 ], [ -50.639756, 55.056428 ], [ -50.64264, 55.059658 ], [ -50.644085, 55.061272 ], [ -50.654309, 55.072641 ], [ -50.654853, 55.073244 ], [ -50.655942, 55.074452 ], [ -50.656487, 55.075056 ], [ -50.658672, 55.077472 ], [ -50.659959, 55.07889 ], [ -50.662538, 55.081725 ], [ -50.663831, 55.083142 ], [ -50.666808, 55.086395 ], [ -50.667553, 55.087207 ], [ -50.669045, 55.088831 ], [ -50.669791, 55.089642 ], [ -50.681629, 55.102481 ], [ -50.683112, 55.104083 ], [ -50.686087, 55.107286 ], [ -50.687578, 55.108887 ], [ -50.693562, 55.115286 ], [ -50.694318, 55.116092 ], [ -50.695831, 55.117705 ], [ -50.697335, 55.119302 ], [ -50.698829, 55.120883 ], [ -50.699576, 55.121672 ], [ -50.711676, 55.134433 ], [ -50.713192, 55.136026 ], [ -50.716232, 55.13921 ], [ -50.717756, 55.1408 ], [ -50.723871, 55.14716 ], [ -50.725403, 55.148748 ], [ -50.728476, 55.151922 ], [ -50.730015, 55.153507 ], [ -50.742393, 55.166205 ], [ -50.743925, 55.167771 ], [ -50.747031, 55.170935 ], [ -50.748587, 55.172515 ], [ -50.754833, 55.178835 ], [ -50.756397, 55.180413 ], [ -50.759535, 55.183567 ], [ -50.761107, 55.185142 ], [ -50.773729, 55.197742 ], [ -50.774065, 55.198077 ], [ -51.018982, 55.448416 ], [ -51.06159, 55.490824 ], [ -51.10538, 55.532857 ], [ -51.150345, 55.574505 ], [ -51.196478, 55.615758 ], [ -51.243771, 55.656605 ], [ -51.292217, 55.697037 ], [ -51.341806, 55.737043 ], [ -51.392531, 55.776614 ], [ -51.430966, 55.80574 ], [ -51.470019, 55.834617 ], [ -51.509687, 55.863239 ], [ -51.549965, 55.891604 ], [ -51.59085, 55.919706 ], [ -51.632336, 55.947543 ], [ -51.669937, 55.972174 ], [ -51.674242, 55.977401 ], [ -51.702063, 56.010173 ], [ -51.730567, 56.042767 ], [ -51.759752, 56.075179 ], [ -51.789616, 56.107403 ], [ -51.820156, 56.139436 ], [ -51.851371, 56.171274 ], [ -51.883256, 56.202911 ], [ -51.915811, 56.234344 ], [ -51.949032, 56.265569 ], [ -51.982917, 56.296582 ], [ -52.017462, 56.327377 ], [ -52.052664, 56.357952 ], [ -52.088521, 56.388302 ], [ -52.125028, 56.418422 ], [ -52.162183, 56.448309 ], [ -52.199982, 56.477958 ], [ -52.238421, 56.507366 ], [ -52.27593, 56.535372 ], [ -52.314022, 56.563149 ], [ -52.352693, 56.590691 ], [ -52.391941, 56.617997 ], [ -52.431761, 56.645062 ], [ -52.47215, 56.671883 ], [ -52.513103, 56.698456 ], [ -52.554617, 56.724779 ], [ -52.940194, 56.963877 ], [ -52.948064, 56.968982 ], [ -52.950207, 56.970367 ], [ -52.954501, 56.973135 ], [ -52.956651, 56.974518 ], [ -52.965272, 56.980042 ], [ -52.96743, 56.981421 ], [ -52.971755, 56.984176 ], [ -52.973919, 56.985551 ], [ -52.991286, 56.996547 ], [ -52.993459, 56.997919 ], [ -52.997815, 57.00066 ], [ -52.999996, 57.002028 ], [ -53.00874, 57.007498 ], [ -53.010928, 57.008863 ], [ -53.015314, 57.011591 ], [ -53.017509, 57.012952 ], [ -53.03512, 57.023838 ], [ -53.037323, 57.025196 ], [ -53.04174, 57.02791 ], [ -53.043951, 57.029264 ], [ -53.052816, 57.034679 ], [ -53.055035, 57.03603 ], [ -53.059481, 57.03873 ], [ -53.061707, 57.040077 ], [ -53.07956, 57.050852 ], [ -53.081794, 57.052196 ], [ -53.086271, 57.054881 ], [ -53.088512, 57.056222 ], [ -53.097498, 57.06158 ], [ -53.099747, 57.062917 ], [ -53.104253, 57.065589 ], [ -53.106508, 57.066922 ], [ -53.124602, 57.077584 ], [ -53.126865, 57.078913 ], [ -53.131402, 57.08157 ], [ -53.133674, 57.082897 ], [ -53.142779, 57.088198 ], [ -53.145057, 57.089521 ], [ -53.149623, 57.092164 ], [ -53.151909, 57.093483 ], [ -53.17024, 57.10403 ], [ -53.172533, 57.105345 ], [ -53.177129, 57.107974 ], [ -53.17943, 57.109286 ], [ -53.188654, 57.11453 ], [ -53.190963, 57.115838 ], [ -53.195588, 57.118452 ], [ -53.197902, 57.119757 ], [ -53.21647, 57.130187 ], [ -53.218792, 57.131488 ], [ -53.223447, 57.134087 ], [ -53.225778, 57.135385 ], [ -53.235119, 57.14057 ], [ -53.237457, 57.141864 ], [ -53.24214, 57.144449 ], [ -53.244484, 57.145739 ], [ -53.263285, 57.156052 ], [ -53.265637, 57.157338 ], [ -53.270351, 57.159907 ], [ -53.27271, 57.16119 ], [ -53.282168, 57.166316 ], [ -53.284534, 57.167595 ], [ -53.289276, 57.17015 ], [ -53.291649, 57.171425 ], [ -53.310682, 57.181619 ], [ -53.313063, 57.18289 ], [ -53.317834, 57.18543 ], [ -53.320222, 57.186698 ], [ -53.329795, 57.191764 ], [ -53.33219, 57.193029 ], [ -53.336989, 57.195554 ], [ -53.339391, 57.196814 ], [ -53.358653, 57.206887 ], [ -53.361052, 57.208137 ], [ -53.365859, 57.210636 ], [ -53.368264, 57.211883 ], [ -53.377908, 57.216866 ], [ -53.385371, 57.22069 ], [ -53.400364, 57.228302 ], [ -53.407952, 57.232121 ], [ -53.414644, 57.235458 ], [ -53.415214, 57.23575 ], [ -53.416418, 57.236366 ], [ -53.425909, 57.24121 ], [ -53.431071, 57.243829 ], [ -53.441426, 57.24905 ], [ -53.446618, 57.251651 ], [ -53.456878, 57.256762 ], [ -53.457511, 57.257077 ], [ -53.458781, 57.257708 ], [ -53.459415, 57.258024 ], [ -53.468882, 57.262723 ], [ -53.47597, 57.266213 ], [ -53.489575, 57.272857 ], [ -53.49276, 57.274406 ], [ -53.493859, 57.274939 ], [ -53.496766, 57.276344 ], [ -53.505816, 57.2807 ], [ -53.506548, 57.28106 ], [ -53.51361, 57.284505 ], [ -53.527699, 57.291319 ], [ -53.535082, 57.29486 ], [ -53.535864, 57.295232 ], [ -53.556177, 57.304883 ], [ -53.558698, 57.306077 ], [ -53.563749, 57.308462 ], [ -53.566278, 57.309653 ], [ -53.576409, 57.314409 ], [ -53.578944, 57.315595 ], [ -53.584022, 57.317965 ], [ -53.5858, 57.318793 ], [ -53.586563, 57.319147 ], [ -53.606938, 57.328596 ], [ -53.609486, 57.329774 ], [ -53.614591, 57.332128 ], [ -53.617147, 57.333302 ], [ -53.627386, 57.337994 ], [ -53.629948, 57.339164 ], [ -53.63508, 57.341502 ], [ -53.637648, 57.342668 ], [ -53.658238, 57.351988 ], [ -53.660813, 57.35315 ], [ -53.665972, 57.355471 ], [ -53.668554, 57.356629 ], [ -53.6789, 57.361256 ], [ -53.681489, 57.36241 ], [ -53.686674, 57.364715 ], [ -53.689268, 57.365865 ], [ -53.710071, 57.375055 ], [ -53.712672, 57.3762 ], [ -53.717884, 57.378489 ], [ -53.720493, 57.37963 ], [ -53.730945, 57.384192 ], [ -53.73356, 57.38533 ], [ -53.738798, 57.387602 ], [ -53.741418, 57.388735 ], [ -53.76243, 57.397794 ], [ -53.765058, 57.398923 ], [ -53.770322, 57.401178 ], [ -53.772957, 57.402303 ], [ -53.783514, 57.406799 ], [ -53.786155, 57.40792 ], [ -53.791444, 57.410159 ], [ -53.794091, 57.411276 ], [ -53.81531, 57.420201 ], [ -53.817964, 57.421313 ], [ -53.82328, 57.423535 ], [ -53.82594, 57.424644 ], [ -53.8366, 57.429073 ], [ -53.839266, 57.430177 ], [ -53.844607, 57.432383 ], [ -53.847279, 57.433483 ], [ -53.868703, 57.442274 ], [ -53.871382, 57.443369 ], [ -53.876749, 57.445558 ], [ -53.879435, 57.446649 ], [ -53.890196, 57.451011 ], [ -53.892888, 57.452098 ], [ -53.89828, 57.45427 ], [ -53.900977, 57.455353 ], [ -53.922603, 57.464008 ], [ -53.925307, 57.465087 ], [ -53.930724, 57.467241 ], [ -53.933435, 57.468316 ], [ -53.944296, 57.472609 ], [ -53.947013, 57.47368 ], [ -53.952455, 57.475817 ], [ -53.955177, 57.476883 ], [ -53.977002, 57.485402 ], [ -53.979731, 57.486464 ], [ -53.985198, 57.488584 ], [ -53.987933, 57.489641 ], [ -53.998893, 57.493866 ], [ -54.001635, 57.494919 ], [ -54.007126, 57.497022 ], [ -54.009872, 57.498071 ], [ -54.031893, 57.506451 ], [ -54.034647, 57.507496 ], [ -54.040162, 57.509581 ], [ -54.042922, 57.510622 ], [ -54.05398, 57.514777 ], [ -54.056746, 57.515813 ], [ -54.062285, 57.517881 ], [ -54.065056, 57.518912 ], [ -54.08727, 57.527154 ], [ -54.090048, 57.52818 ], [ -54.095612, 57.530231 ], [ -54.098396, 57.531254 ], [ -54.109549, 57.535339 ], [ -54.112339, 57.536357 ], [ -54.117926, 57.538391 ], [ -54.120721, 57.539405 ], [ -54.143125, 57.547505 ], [ -54.145927, 57.548515 ], [ -54.151538, 57.55053 ], [ -54.154345, 57.551535 ], [ -54.165593, 57.55555 ], [ -54.168407, 57.556551 ], [ -54.174041, 57.558548 ], [ -54.176859, 57.559545 ], [ -54.199451, 57.567504 ], [ -54.201944, 57.568379 ], [ -54.206936, 57.570127 ], [ -54.209434, 57.571 ], [ -54.21944, 57.574484 ], [ -54.221943, 57.575353 ], [ -54.226953, 57.577088 ], [ -54.229459, 57.577953 ], [ -54.249545, 57.584866 ], [ -54.252391, 57.585843 ], [ -54.25809, 57.587791 ], [ -54.260941, 57.588763 ], [ -54.272365, 57.592644 ], [ -54.275223, 57.593611 ], [ -54.280945, 57.595542 ], [ -54.283809, 57.596506 ], [ -54.286667, 57.597464 ], [ -54.287674, 57.597802 ], [ -54.289354, 57.598364 ], [ -54.290359, 57.598701 ], [ -54.313484, 57.606428 ], [ -54.31496, 57.60692 ], [ -54.317915, 57.607904 ], [ -54.319393, 57.608396 ], [ -54.325313, 57.61036 ], [ -54.328191, 57.611312 ], [ -54.333953, 57.613211 ], [ -54.336836, 57.614158 ], [ -54.342438, 57.615993 ], [ -54.343838, 57.616451 ], [ -54.34664, 57.617366 ], [ -54.34804, 57.617822 ], [ -54.371176, 57.625349 ], [ -54.372293, 57.625711 ], [ -54.801157, 57.773625 ], [ -54.902621, 57.8074 ], [ -54.927129, 57.81532 ], [ -54.942057, 57.844269 ], [ -54.960845, 57.879142 ], [ -54.980381, 57.913901 ], [ -55.000666, 57.948541 ], [ -55.021699, 57.983057 ], [ -55.043479, 58.017447 ], [ -55.066006, 58.051704 ], [ -55.089279, 58.085824 ], [ -55.113298, 58.119804 ], [ -55.13806, 58.153638 ], [ -55.163566, 58.187322 ], [ -55.169636, 58.195077 ], [ -55.176092, 58.218624 ], [ -55.186697, 58.25447 ], [ -55.198065, 58.290252 ], [ -55.210196, 58.325965 ], [ -55.22309, 58.361605 ], [ -55.236749, 58.397168 ], [ -55.251173, 58.432649 ], [ -55.266362, 58.468043 ], [ -55.282318, 58.503346 ], [ -55.299039, 58.538554 ], [ -55.316527, 58.573661 ], [ -55.331883, 58.603209 ], [ -55.347784, 58.632679 ], [ -55.364231, 58.66207 ], [ -55.381223, 58.691378 ], [ -55.398762, 58.720601 ], [ -55.416845, 58.749737 ], [ -55.435474, 58.778782 ], [ -55.454647, 58.807734 ], [ -55.474365, 58.83659 ], [ -55.494627, 58.865348 ], [ -55.515432, 58.894004 ], [ -55.53678, 58.922557 ], [ -55.55867, 58.951004 ], [ -55.581101, 58.979341 ], [ -55.604073, 59.007566 ], [ -55.627584, 59.035677 ], [ -55.868156, 59.316341 ], [ -55.868597, 59.316886 ], [ -55.879493, 59.330289 ], [ -55.880859, 59.331961 ], [ -55.883602, 59.335307 ], [ -55.884977, 59.336978 ], [ -55.890501, 59.343662 ], [ -55.891886, 59.345332 ], [ -55.894666, 59.348669 ], [ -55.89606, 59.350336 ], [ -55.907263, 59.363674 ], [ -55.908667, 59.365339 ], [ -55.911486, 59.368668 ], [ -55.9129, 59.370331 ], [ -55.918577, 59.376983 ], [ -55.92, 59.378644 ], [ -55.922857, 59.381966 ], [ -55.924289, 59.383624 ], [ -55.935798, 59.396897 ], [ -55.93724, 59.398553 ], [ -55.940136, 59.401866 ], [ -55.941588, 59.403521 ], [ -55.947418, 59.41014 ], [ -55.948879, 59.411793 ], [ -55.951812, 59.415097 ], [ -55.953283, 59.416747 ], [ -55.965097, 59.429953 ], [ -55.966472, 59.431483 ], [ -55.96923, 59.434544 ], [ -55.970613, 59.436073 ], [ -55.976163, 59.442188 ], [ -55.977554, 59.443716 ], [ -55.980345, 59.446769 ], [ -55.981744, 59.448294 ], [ -55.992978, 59.460497 ], [ -55.994385, 59.46202 ], [ -55.997209, 59.465065 ], [ -55.998625, 59.466587 ], [ -56.004307, 59.472673 ], [ -56.005731, 59.474192 ], [ -56.008587, 59.477231 ], [ -56.010019, 59.478748 ], [ -56.020631, 59.489957 ], [ -56.021103, 59.490455 ], [ -56.02205, 59.491453 ], [ -56.022524, 59.491951 ], [ -56.024424, 59.493948 ], [ -56.024899, 59.494447 ], [ -56.02585, 59.495444 ], [ -56.026326, 59.495943 ], [ -56.03014, 59.499934 ], [ -56.03148, 59.501331 ], [ -56.034167, 59.504125 ], [ -56.035513, 59.505521 ], [ -56.040915, 59.511103 ], [ -56.042269, 59.512496 ], [ -56.044983, 59.515283 ], [ -56.046343, 59.516676 ], [ -56.053363, 59.52384 ], [ -56.054242, 59.524734 ], [ -56.056002, 59.526523 ], [ -56.056883, 59.527417 ], [ -56.060416, 59.530992 ], [ -56.0613, 59.531885 ], [ -56.063071, 59.533671 ], [ -56.063957, 59.534563 ], [ -56.075015, 59.545664 ], [ -56.07562, 59.54627 ], [ -56.076832, 59.547484 ], [ -56.077439, 59.54809 ], [ -56.079871, 59.550517 ], [ -56.081262, 59.551902 ], [ -56.084053, 59.554671 ], [ -56.085451, 59.556054 ], [ -56.088603, 59.559163 ], [ -56.089391, 59.559939 ], [ -56.090971, 59.561492 ], [ -56.091761, 59.562267 ], [ -56.103041, 59.573313 ], [ -56.104453, 59.574691 ], [ -56.107286, 59.577448 ], [ -56.108706, 59.578825 ], [ -56.1144, 59.584333 ], [ -56.115826, 59.585709 ], [ -56.118687, 59.588459 ], [ -56.120119, 59.589832 ], [ -56.13162, 59.600821 ], [ -56.132094, 59.601273 ], [ -56.133044, 59.602179 ], [ -56.134492, 59.603556 ], [ -56.136441, 59.605403 ], [ -56.137416, 59.606325 ], [ -56.143243, 59.611825 ], [ -56.144702, 59.613198 ], [ -56.147628, 59.615943 ], [ -56.149093, 59.617314 ], [ -56.160858, 59.628285 ], [ -56.162353, 59.629675 ], [ -56.165352, 59.632453 ], [ -56.165839, 59.632904 ], [ -56.171455, 59.63816 ], [ -56.173194, 59.639783 ], [ -56.176649, 59.642994 ], [ -56.17838, 59.644597 ], [ -56.185285, 59.650971 ], [ -56.187015, 59.652562 ], [ -56.190485, 59.655743 ], [ -56.191753, 59.656902 ], [ -56.192224, 59.657332 ], [ -56.206159, 59.670016 ], [ -56.207905, 59.671599 ], [ -56.211406, 59.674764 ], [ -56.213161, 59.676344 ], [ -56.220203, 59.682666 ], [ -56.221967, 59.684244 ], [ -56.225505, 59.687399 ], [ -56.227278, 59.688974 ], [ -56.241513, 59.701577 ], [ -56.243295, 59.70315 ], [ -56.246872, 59.706294 ], [ -56.248664, 59.707865 ], [ -56.255855, 59.714145 ], [ -56.257656, 59.715713 ], [ -56.261269, 59.718847 ], [ -56.263079, 59.720412 ], [ -56.277611, 59.732932 ], [ -56.279431, 59.734494 ], [ -56.283081, 59.737617 ], [ -56.284911, 59.739177 ], [ -56.29225, 59.745416 ], [ -56.294089, 59.746973 ], [ -56.297775, 59.750086 ], [ -56.299622, 59.75164 ], [ -56.314451, 59.764075 ], [ -56.316308, 59.765627 ], [ -56.320033, 59.768729 ], [ -56.321899, 59.770279 ], [ -56.329386, 59.776474 ], [ -56.331262, 59.77802 ], [ -56.335023, 59.781112 ], [ -56.336906, 59.782656 ], [ -56.352031, 59.795004 ], [ -56.353924, 59.796545 ], [ -56.357723, 59.799625 ], [ -56.359626, 59.801164 ], [ -56.36726, 59.807315 ], [ -56.369173, 59.808851 ], [ -56.373007, 59.811921 ], [ -56.374928, 59.813453 ], [ -56.390346, 59.825713 ], [ -56.392276, 59.827243 ], [ -56.396148, 59.830301 ], [ -56.398088, 59.831829 ], [ -56.405869, 59.837936 ], [ -56.407818, 59.83946 ], [ -56.411726, 59.842507 ], [ -56.413683, 59.844029 ], [ -56.429394, 59.856199 ], [ -56.431361, 59.857718 ], [ -56.435306, 59.860753 ], [ -56.437282, 59.862269 ], [ -56.44521, 59.868331 ], [ -56.447195, 59.869844 ], [ -56.451175, 59.872868 ], [ -56.453169, 59.874378 ], [ -56.469171, 59.886457 ], [ -56.471175, 59.887964 ], [ -56.475192, 59.890977 ], [ -56.477205, 59.892481 ], [ -56.485278, 59.898497 ], [ -56.487299, 59.899998 ], [ -56.491352, 59.902999 ], [ -56.493382, 59.904498 ], [ -56.509675, 59.916483 ], [ -56.511714, 59.917978 ], [ -56.515804, 59.920967 ], [ -56.517853, 59.92246 ], [ -56.52607, 59.928428 ], [ -56.526961, 59.929074 ], [ -56.714701, 60.071725 ], [ -56.726402, 60.081216 ], [ -56.728309, 60.082757 ], [ -56.732135, 60.08584 ], [ -56.734051, 60.087379 ], [ -56.741741, 60.093534 ], [ -56.743667, 60.09507 ], [ -56.747529, 60.098141 ], [ -56.749463, 60.099675 ], [ -56.764992, 60.111942 ], [ -56.766936, 60.113472 ], [ -56.770836, 60.116532 ], [ -56.77279, 60.11806 ], [ -56.780627, 60.124171 ], [ -56.78259, 60.125696 ], [ -56.786526, 60.128745 ], [ -56.788497, 60.130267 ], [ -56.804322, 60.142444 ], [ -56.806304, 60.143964 ], [ -56.810277, 60.147001 ], [ -56.812268, 60.148518 ], [ -56.820253, 60.154583 ], [ -56.822253, 60.156097 ], [ -56.826262, 60.159123 ], [ -56.82827, 60.160634 ], [ -56.844389, 60.172719 ], [ -56.846407, 60.174227 ], [ -56.850454, 60.177241 ], [ -56.852482, 60.178747 ], [ -56.860614, 60.184766 ], [ -56.86265, 60.186268 ], [ -56.866733, 60.189271 ], [ -56.868778, 60.19077 ], [ -56.88519, 60.202762 ], [ -56.887244, 60.204258 ], [ -56.891364, 60.207249 ], [ -56.893428, 60.208743 ], [ -56.901706, 60.214715 ], [ -56.903779, 60.216205 ], [ -56.907935, 60.219185 ], [ -56.910016, 60.220672 ], [ -56.92672, 60.232569 ], [ -56.928811, 60.234053 ], [ -56.933004, 60.237021 ], [ -56.935104, 60.238502 ], [ -56.943527, 60.244426 ], [ -56.945637, 60.245905 ], [ -56.949865, 60.24886 ], [ -56.951982, 60.250335 ], [ -56.968976, 60.262136 ], [ -56.971103, 60.263608 ], [ -56.975368, 60.266551 ], [ -56.977505, 60.268021 ], [ -56.977554, 60.268055 ], [ -56.984236, 60.290454 ], [ -56.99575, 60.326269 ], [ -57.008075, 60.362019 ], [ -57.021214, 60.397699 ], [ -57.035166, 60.433304 ], [ -57.049934, 60.468831 ], [ -57.065517, 60.504273 ], [ -57.081917, 60.539628 ], [ -57.099134, 60.574891 ], [ -57.117169, 60.610056 ], [ -57.136021, 60.64512 ], [ -57.155692, 60.680078 ], [ -57.176182, 60.714925 ], [ -57.19749, 60.749658 ], [ -57.219616, 60.784271 ], [ -57.24256, 60.81876 ], [ -57.266323, 60.853121 ], [ -57.290902, 60.887349 ], [ -57.316299, 60.921439 ], [ -57.342511, 60.955387 ], [ -57.369539, 60.98919 ], [ -57.397381, 61.022841 ], [ -57.426036, 61.056337 ], [ -57.455503, 61.089673 ], [ -57.485781, 61.122844 ], [ -57.516868, 61.155848 ] ] ] } }
]
}
