{
"type": "FeatureCollection",
"name": "greatlakes",
"features": [
{ "type": "Feature", "properties": { "hub_id": "greatlakes", "name": "Great Lakes" }, "geometry": { "type": "Polygon", "coordinates": [ [ [ -88.96077, 45.809238 ], [ -88.960816, 45.804207 ], [ -88.964111, 45.800102 ], [ -88.966744, 45.796909 ], [ -88.974029, 45.78413 ], [ -88.977396, 45.774541 ], [ -88.972409, 45.770228 ], [ -88.968953, 45.767258 ], [ -88.968964, 45.767243 ], [ -88.980812, 45.751225 ], [ -88.986786, 45.737984 ], [ -88.994072, 45.723831 ], [ -89.00135, 45.709683 ], [ -89.006668, 45.695984 ], [ -89.013939, 45.682293 ], [ -89.021858, 45.668598 ], [ -89.022529, 45.665855 ], [ -89.024528, 45.659462 ], [ -89.028565, 45.641186 ], [ -89.033821, 45.634346 ], [ -89.048241, 45.620682 ], [ -89.05088, 45.615658 ], [ -89.060097, 45.600601 ], [ -89.073211, 45.585556 ], [ -89.079742, 45.582375 ], [ -89.085617, 45.579651 ], [ -89.086929, 45.576912 ], [ -89.088887, 45.574169 ], [ -89.094093, 45.576473 ], [ -89.097328, 45.579227 ], [ -89.101875, 45.580158 ], [ -89.109047, 45.577892 ], [ -89.111679, 45.572868 ], [ -89.121521, 45.559639 ], [ -89.126732, 45.557823 ], [ -89.141075, 45.551006 ], [ -89.143043, 45.548725 ], [ -89.143707, 45.545528 ], [ -89.143082, 45.54187 ], [ -89.140496, 45.538662 ], [ -89.134697, 45.528133 ], [ -89.140586, 45.522205 ], [ -89.145813, 45.517193 ], [ -89.149765, 45.507603 ], [ -89.155929, 45.499598 ], [ -89.173357, 45.479107 ], [ -89.201332, 45.45974 ], [ -89.205887, 45.457005 ], [ -89.213058, 45.451534 ], [ -89.218277, 45.445148 ], [ -89.230034, 45.429634 ], [ -89.234604, 45.422787 ], [ -89.242429, 45.41686 ], [ -89.239845, 45.410915 ], [ -89.233003, 45.398863 ], [ -89.201794, 45.386536 ], [ -89.175117, 45.371021 ], [ -89.164779, 45.363228 ], [ -89.159599, 45.362301 ], [ -89.155708, 45.361378 ], [ -89.15181, 45.362739 ], [ -89.145317, 45.364094 ], [ -89.14077, 45.365906 ], [ -89.131676, 45.368168 ], [ -89.125855, 45.36541 ], [ -89.122612, 45.364029 ], [ -89.118744, 45.360821 ], [ -89.114876, 45.356239 ], [ -89.108398, 45.354858 ], [ -89.101265, 45.354378 ], [ -89.085709, 45.35342 ], [ -89.081825, 45.352489 ], [ -89.077309, 45.348366 ], [ -89.071534, 45.338753 ], [ -89.070908, 45.335552 ], [ -89.068337, 45.33189 ], [ -89.061234, 45.328209 ], [ -89.052818, 45.325443 ], [ -89.041159, 45.324498 ], [ -89.039238, 45.321281 ], [ -89.036667, 45.317619 ], [ -89.036526, 45.316897 ], [ -89.025805, 45.310099 ], [ -89.005792, 45.30952 ], [ -88.981075, 45.308484 ], [ -88.94818, 45.29055 ], [ -88.920036, 45.277763 ], [ -88.907592, 45.263136 ], [ -88.900661, 45.249714 ], [ -88.906237, 45.240861 ], [ -88.932443, 45.229311 ], [ -88.965434, 45.212371 ], [ -88.997208, 45.196649 ], [ -89.030287, 45.179031 ], [ -89.058457, 45.159187 ], [ -89.06562, 45.150536 ], [ -89.071503, 45.14188 ], [ -89.080604, 45.132778 ], [ -89.087089, 45.130054 ], [ -89.098106, 45.125065 ], [ -89.111068, 45.11871 ], [ -89.117569, 45.112339 ], [ -89.126015, 45.103687 ], [ -89.137055, 45.093212 ], [ -89.14354, 45.089119 ], [ -89.148071, 45.087761 ], [ -89.159721, 45.082314 ], [ -89.168137, 45.078678 ], [ -89.175262, 45.074589 ], [ -89.180458, 45.068211 ], [ -89.18113, 45.062733 ], [ -89.182442, 45.059536 ], [ -89.186348, 45.052696 ], [ -89.19152, 45.049969 ], [ -89.203179, 45.040867 ], [ -89.212257, 45.031296 ], [ -89.213562, 45.028561 ], [ -89.208428, 45.021694 ], [ -89.200729, 45.01255 ], [ -89.205894, 45.010284 ], [ -89.217514, 45.009392 ], [ -89.218819, 45.006203 ], [ -89.218834, 45.003006 ], [ -89.220146, 44.998444 ], [ -89.222092, 44.995255 ], [ -89.225967, 44.993431 ], [ -89.232422, 44.992077 ], [ -89.248561, 44.992569 ], [ -89.253082, 44.987099 ], [ -89.254386, 44.98436 ], [ -89.256981, 44.979797 ], [ -89.258286, 44.975693 ], [ -89.258301, 44.970673 ], [ -89.257667, 44.967476 ], [ -89.254494, 44.953774 ], [ -89.270622, 44.950607 ], [ -89.275154, 44.946507 ], [ -89.2771, 44.94286 ], [ -89.277756, 44.939209 ], [ -89.279053, 44.936474 ], [ -89.284859, 44.934196 ], [ -89.288086, 44.932838 ], [ -89.293251, 44.930103 ], [ -89.302292, 44.924183 ], [ -89.304237, 44.920078 ], [ -89.303597, 44.916882 ], [ -89.300407, 44.906837 ], [ -89.300438, 44.897251 ], [ -89.305611, 44.889504 ], [ -89.313362, 44.88221 ], [ -89.317871, 44.880848 ], [ -89.329483, 44.873104 ], [ -89.332721, 44.869004 ], [ -89.328857, 44.865803 ], [ -89.324356, 44.862602 ], [ -89.323082, 44.859863 ], [ -89.318596, 44.850727 ], [ -89.305756, 44.839756 ], [ -89.306412, 44.835194 ], [ -89.307056, 44.832449 ], [ -89.311569, 44.830635 ], [ -89.315445, 44.826534 ], [ -89.314819, 44.821518 ], [ -89.313537, 44.818779 ], [ -89.314194, 44.813305 ], [ -89.316772, 44.811024 ], [ -89.325157, 44.802822 ], [ -89.334183, 44.794163 ], [ -89.339989, 44.787327 ], [ -89.338707, 44.784588 ], [ -89.336784, 44.782303 ], [ -89.33551, 44.779568 ], [ -89.336807, 44.774094 ], [ -89.343254, 44.766342 ], [ -89.355491, 44.754494 ], [ -89.361939, 44.744923 ], [ -89.364517, 44.740364 ], [ -89.364525, 44.737621 ], [ -89.366471, 44.728043 ], [ -89.369065, 44.717095 ], [ -89.372292, 44.70752 ], [ -89.37487, 44.702049 ], [ -89.37809, 44.700222 ], [ -89.381942, 44.69886 ], [ -89.388367, 44.697494 ], [ -89.396073, 44.697502 ], [ -89.401214, 44.695225 ], [ -89.403145, 44.692944 ], [ -89.406365, 44.686104 ], [ -89.406372, 44.682907 ], [ -89.405098, 44.676521 ], [ -89.403175, 44.673325 ], [ -89.3974, 44.670132 ], [ -89.383293, 44.662365 ], [ -89.38073, 44.659626 ], [ -89.376244, 44.655518 ], [ -89.365347, 44.644563 ], [ -89.383332, 44.638645 ], [ -89.398094, 44.635464 ], [ -89.401306, 44.634094 ], [ -89.405159, 44.631813 ], [ -89.408371, 44.627712 ], [ -89.410301, 44.624977 ], [ -89.41288, 44.616768 ], [ -89.414177, 44.603542 ], [ -89.416756, 44.59351 ], [ -89.419975, 44.581654 ], [ -89.423195, 44.571167 ], [ -89.422554, 44.568432 ], [ -89.416801, 44.55611 ], [ -89.409126, 44.545162 ], [ -89.403373, 44.535583 ], [ -89.401458, 44.529655 ], [ -89.401467, 44.526459 ], [ -89.402123, 44.514153 ], [ -89.404701, 44.503662 ], [ -89.407272, 44.493175 ], [ -89.41433, 44.481323 ], [ -89.418823, 44.47266 ], [ -89.419472, 44.466282 ], [ -89.422691, 44.452602 ], [ -89.420128, 44.450321 ], [ -89.416931, 44.448952 ], [ -89.403504, 44.440735 ], [ -89.400955, 44.438 ], [ -89.395843, 44.431156 ], [ -89.396492, 44.427509 ], [ -89.399055, 44.421127 ], [ -89.402275, 44.410645 ], [ -89.40036, 44.407909 ], [ -89.398445, 44.402431 ], [ -89.396546, 44.392861 ], [ -89.39463, 44.389213 ], [ -89.390816, 44.378723 ], [ -89.385078, 44.369144 ], [ -89.3787, 44.360474 ], [ -89.376793, 44.355919 ], [ -89.37616, 44.352272 ], [ -89.376167, 44.349079 ], [ -89.376823, 44.33905 ], [ -89.378105, 44.335861 ], [ -89.377472, 44.332668 ], [ -89.37429, 44.32674 ], [ -89.364731, 44.314419 ], [ -89.358368, 44.305756 ], [ -89.351364, 44.29435 ], [ -89.34755, 44.288422 ], [ -89.349472, 44.285232 ], [ -89.353966, 44.274754 ], [ -89.353974, 44.271565 ], [ -89.352715, 44.261993 ], [ -89.352097, 44.251507 ], [ -89.35466, 44.248321 ], [ -89.35466, 44.245586 ], [ -89.35212, 44.24194 ], [ -89.352127, 44.238293 ], [ -89.352775, 44.2351 ], [ -89.354058, 44.231915 ], [ -89.355972, 44.229179 ], [ -89.35981, 44.228271 ], [ -89.364922, 44.224178 ], [ -89.361732, 44.222351 ], [ -89.359192, 44.22007 ], [ -89.34964, 44.21368 ], [ -89.347733, 44.210945 ], [ -89.34774, 44.207302 ], [ -89.348404, 44.19545 ], [ -89.348418, 44.179041 ], [ -89.35228, 44.178579 ], [ -89.357994, 44.181789 ], [ -89.362457, 44.17997 ], [ -89.366287, 44.178608 ], [ -89.369476, 44.174969 ], [ -89.377152, 44.161755 ], [ -89.382897, 44.155376 ], [ -89.387359, 44.152191 ], [ -89.398841, 44.143535 ], [ -89.402665, 44.143551 ], [ -89.407761, 44.144463 ], [ -89.411583, 44.144924 ], [ -89.416039, 44.14447 ], [ -89.420502, 44.143105 ], [ -89.421776, 44.139004 ], [ -89.423691, 44.134907 ], [ -89.432617, 44.128986 ], [ -89.448547, 44.119881 ], [ -89.468293, 44.108498 ], [ -89.47593, 44.102573 ], [ -89.479118, 44.097107 ], [ -89.489304, 44.078884 ], [ -89.495667, 44.076607 ], [ -89.512848, 44.066582 ], [ -89.531295, 44.056103 ], [ -89.547196, 44.042881 ], [ -89.554817, 44.030579 ], [ -89.561172, 44.027386 ], [ -89.573234, 44.012806 ], [ -89.574509, 44.010071 ], [ -89.579574, 43.991386 ], [ -89.583374, 43.986378 ], [ -89.592903, 43.979538 ], [ -89.594803, 43.977257 ], [ -89.593506, 43.959038 ], [ -89.598596, 43.954939 ], [ -89.597946, 43.949925 ], [ -89.598572, 43.944912 ], [ -89.609986, 43.933063 ], [ -89.620758, 43.919842 ], [ -89.63025, 43.906621 ], [ -89.634697, 43.907078 ], [ -89.640412, 43.906162 ], [ -89.644852, 43.904335 ], [ -89.661964, 43.895203 ], [ -89.665772, 43.892467 ], [ -89.667664, 43.89019 ], [ -89.669563, 43.886997 ], [ -89.667015, 43.882442 ], [ -89.663834, 43.880173 ], [ -89.661293, 43.877899 ], [ -89.661278, 43.873344 ], [ -89.66317, 43.867874 ], [ -89.670113, 43.854206 ], [ -89.678322, 43.837803 ], [ -89.687802, 43.82276 ], [ -89.683334, 43.817757 ], [ -89.681427, 43.813663 ], [ -89.682045, 43.807289 ], [ -89.686463, 43.800449 ], [ -89.689613, 43.795437 ], [ -89.685173, 43.792713 ], [ -89.681991, 43.790442 ], [ -89.690178, 43.770847 ], [ -89.695839, 43.75581 ], [ -89.696464, 43.752625 ], [ -89.694549, 43.748074 ], [ -89.684995, 43.732148 ], [ -89.68753, 43.728508 ], [ -89.69825, 43.713005 ], [ -89.701386, 43.704353 ], [ -89.702637, 43.698887 ], [ -89.703224, 43.683865 ], [ -89.701317, 43.678856 ], [ -89.69178, 43.663391 ], [ -89.687973, 43.66021 ], [ -89.662066, 43.644618 ], [ -89.637818, 43.639698 ], [ -89.625363, 43.631173 ], [ -89.625276, 43.615749 ], [ -89.635994, 43.602467 ], [ -89.636619, 43.599735 ], [ -89.640404, 43.595634 ], [ -89.640396, 43.589714 ], [ -89.635964, 43.585621 ], [ -89.629005, 43.581989 ], [ -89.625847, 43.580624 ], [ -89.618889, 43.578812 ], [ -89.597404, 43.571548 ], [ -89.579712, 43.566097 ], [ -89.559494, 43.560642 ], [ -89.55191, 43.558372 ], [ -89.5317, 43.556099 ], [ -89.527908, 43.557014 ], [ -89.506439, 43.561565 ], [ -89.497597, 43.562477 ], [ -89.491913, 43.561565 ], [ -89.487496, 43.559292 ], [ -89.484337, 43.55656 ], [ -89.47802, 43.553371 ], [ -89.473603, 43.55246 ], [ -89.454033, 43.541981 ], [ -89.444565, 43.538342 ], [ -89.437615, 43.539707 ], [ -89.433197, 43.540157 ], [ -89.426888, 43.536968 ], [ -89.414276, 43.526489 ], [ -89.413673, 43.523889 ], [ -89.413642, 43.523762 ], [ -89.391541, 43.528751 ], [ -89.364377, 43.537997 ], [ -89.348289, 43.536467 ], [ -89.344687, 43.535362 ], [ -89.332868, 43.531736 ], [ -89.332781, 43.531709 ], [ -89.313353, 43.528543 ], [ -89.303523, 43.527604 ], [ -89.298384, 43.529847 ], [ -89.293657, 43.53191 ], [ -89.28903, 43.536679 ], [ -89.285273, 43.540549 ], [ -89.280253, 43.54572 ], [ -89.243072, 43.557678 ], [ -89.228994, 43.557386 ], [ -89.219078, 43.557178 ], [ -89.215904, 43.560356 ], [ -89.213375, 43.563552 ], [ -89.208946, 43.56398 ], [ -89.20137, 43.563053 ], [ -89.196945, 43.563499 ], [ -89.193154, 43.5644 ], [ -89.183647, 43.571209 ], [ -89.180481, 43.573475 ], [ -89.164696, 43.572071 ], [ -89.148903, 43.57066 ], [ -89.134376, 43.571533 ], [ -89.129318, 43.571976 ], [ -89.125526, 43.572422 ], [ -89.12046, 43.575134 ], [ -89.117904, 43.579224 ], [ -89.110946, 43.581936 ], [ -89.105881, 43.58374 ], [ -89.099541, 43.587364 ], [ -89.086265, 43.587776 ], [ -89.079949, 43.587307 ], [ -89.074902, 43.585928 ], [ -89.074928, 43.582279 ], [ -89.073051, 43.579998 ], [ -89.069901, 43.578167 ], [ -89.066124, 43.575878 ], [ -89.059822, 43.573582 ], [ -89.050999, 43.569454 ], [ -89.050997, 43.569474 ], [ -89.04776, 43.582191 ], [ -89.044587, 43.584454 ], [ -89.042671, 43.587635 ], [ -89.043281, 43.59082 ], [ -89.041366, 43.594006 ], [ -89.039452, 43.596729 ], [ -89.03373, 43.601715 ], [ -89.021683, 43.60759 ], [ -89.008362, 43.614369 ], [ -89.001396, 43.616165 ], [ -88.98809, 43.620663 ], [ -88.980492, 43.622002 ], [ -88.974815, 43.620159 ], [ -88.972939, 43.617874 ], [ -88.959715, 43.612351 ], [ -88.95401, 43.613701 ], [ -88.952088, 43.616425 ], [ -88.950147, 43.620965 ], [ -88.952034, 43.623249 ], [ -88.951958, 43.633266 ], [ -88.952568, 43.635998 ], [ -88.951904, 43.639183 ], [ -88.948677, 43.647823 ], [ -88.95179, 43.653755 ], [ -88.950501, 43.656933 ], [ -88.947281, 43.66375 ], [ -88.942833, 43.666462 ], [ -88.928231, 43.673229 ], [ -88.916794, 43.678184 ], [ -88.91362, 43.679993 ], [ -88.911698, 43.682262 ], [ -88.908447, 43.692719 ], [ -88.90329, 43.703621 ], [ -88.898148, 43.71225 ], [ -88.895586, 43.717246 ], [ -88.881638, 43.718094 ], [ -88.873398, 43.718964 ], [ -88.868301, 43.72258 ], [ -88.865089, 43.728027 ], [ -88.862511, 43.732571 ], [ -88.859321, 43.73529 ], [ -88.857391, 43.738473 ], [ -88.844726, 43.738403 ], [ -88.839668, 43.737923 ], [ -88.827629, 43.738316 ], [ -88.823822, 43.73875 ], [ -88.819313, 43.746929 ], [ -88.819214, 43.756489 ], [ -88.818542, 43.760582 ], [ -88.815956, 43.765579 ], [ -88.815925, 43.769222 ], [ -88.803863, 43.771435 ], [ -88.787987, 43.77454 ], [ -88.783546, 43.774971 ], [ -88.779113, 43.774944 ], [ -88.774032, 43.775829 ], [ -88.765779, 43.776245 ], [ -88.757507, 43.780743 ], [ -88.75055, 43.779797 ], [ -88.72519, 43.781017 ], [ -88.706192, 43.779991 ], [ -88.702392, 43.779514 ], [ -88.698616, 43.77721 ], [ -88.690438, 43.77261 ], [ -88.686043, 43.76894 ], [ -88.683548, 43.76619 ], [ -88.674773, 43.757934 ], [ -88.670967, 43.758373 ], [ -88.663345, 43.760147 ], [ -88.660156, 43.761948 ], [ -88.655075, 43.763283 ], [ -88.651268, 43.763714 ], [ -88.647476, 43.762779 ], [ -88.643708, 43.760021 ], [ -88.641213, 43.757275 ], [ -88.638733, 43.752705 ], [ -88.636879, 43.74905 ], [ -88.636925, 43.745407 ], [ -88.637634, 43.739494 ], [ -88.642273, 43.723133 ], [ -88.642395, 43.713573 ], [ -88.640541, 43.709919 ], [ -88.638234, 43.692138 ], [ -88.63382, 43.69075 ], [ -88.629387, 43.690723 ], [ -88.624344, 43.689323 ], [ -88.621849, 43.686577 ], [ -88.616256, 43.678795 ], [ -88.615685, 43.67424 ], [ -88.611954, 43.669205 ], [ -88.606941, 43.665531 ], [ -88.600616, 43.665035 ], [ -88.577865, 43.663509 ], [ -88.574089, 43.662575 ], [ -88.55452, 43.659244 ], [ -88.549462, 43.65921 ], [ -88.529885, 43.657253 ], [ -88.526115, 43.655403 ], [ -88.513527, 43.651214 ], [ -88.50972, 43.651642 ], [ -88.505287, 43.652061 ], [ -88.483902, 43.64415 ], [ -88.480118, 43.643673 ], [ -88.476311, 43.644554 ], [ -88.471855, 43.646339 ], [ -88.468033, 43.648132 ], [ -88.46296, 43.649006 ], [ -88.459167, 43.648972 ], [ -88.455562, 43.645506 ], [ -88.452935, 43.643005 ], [ -88.452996, 43.638908 ], [ -88.451149, 43.635708 ], [ -88.449311, 43.63205 ], [ -88.446846, 43.627026 ], [ -88.442467, 43.624256 ], [ -88.437439, 43.622394 ], [ -88.433037, 43.620995 ], [ -88.428612, 43.620956 ], [ -88.423584, 43.619095 ], [ -88.409798, 43.611244 ], [ -88.404167, 43.607555 ], [ -88.387848, 43.60059 ], [ -88.370956, 43.590431 ], [ -88.366562, 43.58857 ], [ -88.362152, 43.587624 ], [ -88.357727, 43.588039 ], [ -88.350784, 43.587528 ], [ -88.345154, 43.583839 ], [ -88.343322, 43.580181 ], [ -88.342102, 43.577438 ], [ -88.342804, 43.573345 ], [ -88.349182, 43.569763 ], [ -88.352997, 43.568428 ], [ -88.357453, 43.566647 ], [ -88.360657, 43.563488 ], [ -88.358177, 43.560738 ], [ -88.338768, 43.550552 ], [ -88.3219, 43.539932 ], [ -88.320061, 43.536728 ], [ -88.318855, 43.533535 ], [ -88.318276, 43.530342 ], [ -88.319657, 43.523525 ], [ -88.321213, 43.506695 ], [ -88.322082, 43.492596 ], [ -88.321538, 43.488029 ], [ -88.314003, 43.485695 ], [ -88.29071, 43.481395 ], [ -88.288894, 43.478184 ], [ -88.287147, 43.469975 ], [ -88.283424, 43.466755 ], [ -88.26783, 43.457054 ], [ -88.262191, 43.454281 ], [ -88.262291, 43.449268 ], [ -88.263725, 43.439724 ], [ -88.265671, 43.436558 ], [ -88.266998, 43.432926 ], [ -88.266426, 43.429733 ], [ -88.266526, 43.424275 ], [ -88.268478, 43.420654 ], [ -88.273163, 43.405682 ], [ -88.278511, 43.388436 ], [ -88.282532, 43.374821 ], [ -88.282784, 43.360718 ], [ -88.280527, 43.347044 ], [ -88.274796, 43.348808 ], [ -88.269134, 43.348759 ], [ -88.262214, 43.348248 ], [ -88.260391, 43.344582 ], [ -88.258583, 43.340015 ], [ -88.258698, 43.333649 ], [ -88.260673, 43.329117 ], [ -88.262726, 43.320038 ], [ -88.26152, 43.316837 ], [ -88.25972, 43.312271 ], [ -88.252266, 43.30674 ], [ -88.247238, 43.306236 ], [ -88.242844, 43.30574 ], [ -88.237205, 43.304321 ], [ -88.232239, 43.300636 ], [ -88.231024, 43.297892 ], [ -88.235489, 43.295204 ], [ -88.2362, 43.291116 ], [ -88.228119, 43.285126 ], [ -88.222519, 43.281887 ], [ -88.218178, 43.278656 ], [ -88.215744, 43.274082 ], [ -88.216484, 43.268173 ], [ -88.224167, 43.260971 ], [ -88.226113, 43.257805 ], [ -88.226159, 43.255077 ], [ -88.224328, 43.252317 ], [ -88.21177, 43.251293 ], [ -88.206734, 43.251698 ], [ -88.202942, 43.252575 ], [ -88.199142, 43.253899 ], [ -88.19474, 43.253857 ], [ -88.190972, 43.253822 ], [ -88.189804, 43.249256 ], [ -88.191841, 43.241089 ], [ -88.189385, 43.238335 ], [ -88.186279, 43.236027 ], [ -88.172671, 43.224075 ], [ -88.179695, 43.218678 ], [ -88.184745, 43.217815 ], [ -88.192943, 43.21699 ], [ -88.194893, 43.212914 ], [ -88.193199, 43.202888 ], [ -88.194537, 43.198374 ], [ -88.194541, 43.198357 ], [ -88.183265, 43.196419 ], [ -88.170792, 43.19175 ], [ -88.163903, 43.190765 ], [ -88.159515, 43.190266 ], [ -88.150062, 43.191536 ], [ -88.146271, 43.19286 ], [ -88.139359, 43.1928 ], [ -88.13752, 43.190495 ], [ -88.122055, 43.178505 ], [ -88.111564, 43.169296 ], [ -88.109123, 43.165634 ], [ -88.103058, 43.155105 ], [ -88.101227, 43.152351 ], [ -88.101341, 43.146896 ], [ -88.102028, 43.143723 ], [ -88.103363, 43.140095 ], [ -88.109238, 43.128784 ], [ -88.114487, 43.117474 ], [ -88.119705, 43.107521 ], [ -88.119797, 43.10297 ], [ -88.118637, 43.098412 ], [ -88.115104, 43.087002 ], [ -88.115173, 43.086521 ], [ -88.11583, 43.082005 ], [ -88.11715, 43.078835 ], [ -88.119766, 43.073406 ], [ -88.119201, 43.070213 ], [ -88.121285, 43.06023 ], [ -88.126548, 43.04755 ], [ -88.127235, 43.04483 ], [ -88.125442, 43.040264 ], [ -88.122368, 43.037498 ], [ -88.116142, 43.03516 ], [ -88.103661, 43.032295 ], [ -88.091778, 43.030823 ], [ -88.092682, 43.017628 ], [ -88.094162, 43.006271 ], [ -88.093666, 42.999905 ], [ -88.092491, 42.996254 ], [ -88.088325, 42.985294 ], [ -88.087135, 42.982555 ], [ -88.082924, 42.973866 ], [ -88.082359, 42.97113 ], [ -88.083679, 42.967506 ], [ -88.084374, 42.964333 ], [ -88.086311, 42.961624 ], [ -88.089477, 42.959839 ], [ -88.101479, 42.95451 ], [ -88.114746, 42.948738 ], [ -88.11734, 42.944218 ], [ -88.116768, 42.941483 ], [ -88.112496, 42.935978 ], [ -88.10566, 42.933636 ], [ -88.094526, 42.925785 ], [ -88.09462, 42.9226 ], [ -88.092896, 42.914852 ], [ -88.090459, 42.912545 ], [ -88.084175, 42.912483 ], [ -88.074166, 42.912376 ], [ -88.067314, 42.910938 ], [ -88.065521, 42.906826 ], [ -88.068123, 42.902306 ], [ -88.074555, 42.893738 ], [ -88.074608, 42.891007 ], [ -88.073548, 42.881905 ], [ -88.07058, 42.874142 ], [ -88.065033, 42.870441 ], [ -88.056414, 42.863529 ], [ -88.059631, 42.85947 ], [ -88.067306, 42.850914 ], [ -88.067993, 42.848194 ], [ -88.070979, 42.835419 ], [ -88.062144, 42.824435 ], [ -88.060131, 42.821932 ], [ -88.061083, 42.805914 ], [ -88.061101, 42.805611 ], [ -88.05783, 42.782262 ], [ -88.058946, 42.776603 ], [ -88.061793, 42.762158 ], [ -88.069886, 42.757039 ], [ -88.071175, 42.75457 ], [ -88.077621, 42.74464 ], [ -88.079597, 42.739662 ], [ -88.079682, 42.735573 ], [ -88.079803, 42.72966 ], [ -88.084346, 42.704636 ], [ -88.090032, 42.690424 ], [ -88.09096, 42.688102 ], [ -88.063621, 42.684335 ], [ -88.033678, 42.683614 ], [ -88.024797, 42.683399 ], [ -88.024495, 42.683392 ], [ -88.007853, 42.676661 ], [ -88.003143, 42.667431 ], [ -87.997772, 42.656006 ], [ -87.990547, 42.644558 ], [ -87.984352, 42.64267 ], [ -87.97937, 42.642609 ], [ -87.97435, 42.643917 ], [ -87.969307, 42.64658 ], [ -87.966705, 42.65155 ], [ -87.96785, 42.656113 ], [ -87.971366, 42.666153 ], [ -87.971306, 42.66888 ], [ -87.971077, 42.679333 ], [ -87.96962, 42.688862 ], [ -87.967659, 42.692928 ], [ -87.965729, 42.695633 ], [ -87.963181, 42.69788 ], [ -87.957458, 42.702812 ], [ -87.953667, 42.70504 ], [ -87.949906, 42.705902 ], [ -87.939903, 42.706696 ], [ -87.934342, 42.704357 ], [ -87.930626, 42.702946 ], [ -87.926308, 42.700623 ], [ -87.923866, 42.698318 ], [ -87.92025, 42.692818 ], [ -87.916718, 42.683685 ], [ -87.916176, 42.680042 ], [ -87.916886, 42.676415 ], [ -87.917709, 42.667332 ], [ -87.918587, 42.656433 ], [ -87.920242, 42.638271 ], [ -87.923691, 42.623764 ], [ -87.925178, 42.613327 ], [ -87.924186, 42.601952 ], [ -87.922523, 42.592842 ], [ -87.917801, 42.581421 ], [ -87.913521, 42.578186 ], [ -87.903051, 42.573498 ], [ -87.896141, 42.575703 ], [ -87.892952, 42.578842 ], [ -87.888519, 42.58197 ], [ -87.880966, 42.58551 ], [ -87.877243, 42.585014 ], [ -87.872955, 42.581776 ], [ -87.869919, 42.578556 ], [ -87.865219, 42.566681 ], [ -87.863579, 42.557114 ], [ -87.864319, 42.55212 ], [ -87.863357, 42.539837 ], [ -87.86158, 42.536179 ], [ -87.857452, 42.526581 ], [ -87.85569, 42.522018 ], [ -87.857674, 42.517044 ], [ -87.860863, 42.513904 ], [ -87.866554, 42.509884 ], [ -87.871597, 42.507217 ], [ -87.877296, 42.502747 ], [ -87.879287, 42.497318 ], [ -87.879692, 42.496574 ], [ -87.881251, 42.493709 ], [ -87.874473, 42.49044 ], [ -87.870849, 42.485973 ], [ -87.868743, 42.469582 ], [ -87.870324, 42.455517 ], [ -87.873802, 42.439659 ], [ -87.877266, 42.424252 ], [ -87.880699, 42.410206 ], [ -87.881668, 42.395222 ], [ -87.882042, 42.379318 ], [ -87.883354, 42.376156 ], [ -87.87965, 42.37521 ], [ -87.876297, 42.359257 ], [ -87.872162, 42.350567 ], [ -87.870354, 42.34782 ], [ -87.863892, 42.332291 ], [ -87.862396, 42.316822 ], [ -87.861474, 42.303181 ], [ -87.862427, 42.289108 ], [ -87.86132, 42.283188 ], [ -87.859528, 42.280434 ], [ -87.855347, 42.273567 ], [ -87.853546, 42.271275 ], [ -87.844551, 42.258438 ], [ -87.844048, 42.253429 ], [ -87.842888, 42.250237 ], [ -87.839936, 42.243835 ], [ -87.832191, 42.231022 ], [ -87.821945, 42.219067 ], [ -87.820846, 42.21315 ], [ -87.816765, 42.202652 ], [ -87.810143, 42.194843 ], [ -87.80648, 42.192528 ], [ -87.801651, 42.187462 ], [ -87.790825, 42.174149 ], [ -87.781273, 42.159481 ], [ -87.77108, 42.146175 ], [ -87.762131, 42.132877 ], [ -87.748245, 42.119061 ], [ -87.73452, 42.099342 ], [ -87.733376, 42.095692 ], [ -87.730957, 42.093388 ], [ -87.717682, 42.08049 ], [ -87.70546, 42.074867 ], [ -87.699921, 42.073883 ], [ -87.694367, 42.073353 ], [ -87.688179, 42.073719 ], [ -87.68461, 42.074863 ], [ -87.682612, 42.072494 ], [ -87.683607, 42.065339 ], [ -87.690952, 42.047202 ], [ -87.676878, 41.997157 ], [ -87.671462, 41.99175 ], [ -87.669148, 41.967496 ], [ -87.630039, 41.893506 ], [ -87.615357, 41.887722 ], [ -87.618637, 41.875902 ], [ -87.615508, 41.839555 ], [ -87.618675, 41.794323 ], [ -87.621045, 41.775875 ], [ -87.576458, 41.746345 ], [ -87.559447, 41.727847 ], [ -87.561958, 41.720364 ], [ -87.563866, 41.718117 ], [ -87.566971, 41.716808 ], [ -87.588089, 41.7094 ], [ -87.608032, 41.699707 ], [ -87.613678, 41.695702 ], [ -87.615593, 41.693005 ], [ -87.616905, 41.689842 ], [ -87.617691, 41.683502 ], [ -87.61718, 41.679855 ], [ -87.616646, 41.676674 ], [ -87.613723, 41.671184 ], [ -87.610206, 41.664772 ], [ -87.607193, 41.66246 ], [ -87.604187, 41.660145 ], [ -87.60051, 41.659633 ], [ -87.579621, 41.659328 ], [ -87.568604, 41.657799 ], [ -87.564339, 41.656372 ], [ -87.561325, 41.65406 ], [ -87.546272, 41.642933 ], [ -87.535972, 41.637783 ], [ -87.524477, 41.63547 ], [ -87.520471, 41.634664 ], [ -87.485173, 41.627553 ], [ -87.473549, 41.625582 ], [ -87.448454, 41.621323 ], [ -87.393369, 41.621026 ], [ -87.335107, 41.60958 ], [ -87.301543, 41.605681 ], [ -87.29316, 41.597984 ], [ -87.300239, 41.585365 ], [ -87.33415, 41.578551 ], [ -87.349646, 41.568923 ], [ -87.343811, 41.552071 ], [ -87.336792, 41.541058 ], [ -87.336884, 41.537884 ], [ -87.341904, 41.534332 ], [ -87.346223, 41.533497 ], [ -87.368888, 41.534786 ], [ -87.372597, 41.533939 ], [ -87.391151, 41.52879 ], [ -87.40847, 41.524078 ], [ -87.414726, 41.520096 ], [ -87.42855, 41.508968 ], [ -87.44178, 41.496925 ], [ -87.45382, 41.483498 ], [ -87.469604, 41.467857 ], [ -87.475766, 41.46173 ], [ -87.475713, 41.461718 ], [ -87.469215, 41.460136 ], [ -87.464966, 41.458706 ], [ -87.461395, 41.455017 ], [ -87.459663, 41.451359 ], [ -87.459205, 41.445904 ], [ -87.454765, 41.429943 ], [ -87.448936, 41.419865 ], [ -87.445953, 41.417091 ], [ -87.442955, 41.414776 ], [ -87.433479, 41.403728 ], [ -87.431129, 41.400509 ], [ -87.417993, 41.389395 ], [ -87.414879, 41.390717 ], [ -87.396332, 41.396767 ], [ -87.384621, 41.3993 ], [ -87.380348, 41.398773 ], [ -87.377342, 41.396908 ], [ -87.371346, 41.392723 ], [ -87.355698, 41.383839 ], [ -87.351455, 41.382404 ], [ -87.347794, 41.381889 ], [ -87.340454, 41.381763 ], [ -87.317193, 41.381828 ], [ -87.311096, 41.380817 ], [ -87.290969, 41.3782 ], [ -87.286117, 41.376755 ], [ -87.282486, 41.375332 ], [ -87.269195, 41.369652 ], [ -87.267251, 41.373253 ], [ -87.264687, 41.376839 ], [ -87.259674, 41.380382 ], [ -87.251709, 41.380695 ], [ -87.248573, 41.382912 ], [ -87.245369, 41.387394 ], [ -87.243957, 41.393273 ], [ -87.239334, 41.403629 ], [ -87.235489, 41.409008 ], [ -87.231629, 41.414845 ], [ -87.227883, 41.417049 ], [ -87.222237, 41.421032 ], [ -87.204155, 41.430698 ], [ -87.186104, 41.439453 ], [ -87.183578, 41.441681 ], [ -87.181625, 41.445274 ], [ -87.179084, 41.447952 ], [ -87.17403, 41.45286 ], [ -87.167298, 41.452278 ], [ -87.162453, 41.450375 ], [ -87.141831, 41.444096 ], [ -87.115738, 41.436352 ], [ -87.107232, 41.434376 ], [ -87.098641, 41.434669 ], [ -87.080383, 41.431149 ], [ -87.075653, 41.426064 ], [ -87.060142, 41.413967 ], [ -87.044621, 41.402313 ], [ -87.040917, 41.403156 ], [ -87.0402, 41.406323 ], [ -87.038246, 41.409462 ], [ -87.035691, 41.41259 ], [ -87.032531, 41.415253 ], [ -87.025093, 41.417835 ], [ -87.021339, 41.420033 ], [ -87.018181, 41.422695 ], [ -87.013077, 41.428497 ], [ -87.012872, 41.434395 ], [ -87.01709, 41.453545 ], [ -87.017844, 41.461116 ], [ -87.029429, 41.482909 ], [ -87.029851, 41.486303 ], [ -87.031125, 41.496558 ], [ -87.025905, 41.508712 ], [ -87.010034, 41.515564 ], [ -87.005965, 41.516241 ], [ -86.987777, 41.519264 ], [ -86.982621, 41.526432 ], [ -86.981277, 41.529579 ], [ -86.978676, 41.544772 ], [ -86.970593, 41.553221 ], [ -86.951648, 41.561715 ], [ -86.939619, 41.56611 ], [ -86.93501, 41.567793 ], [ -86.925168, 41.567287 ], [ -86.916511, 41.56553 ], [ -86.900878, 41.562355 ], [ -86.888528, 41.560871 ], [ -86.871413, 41.564865 ], [ -86.851843, 41.571923 ], [ -86.837424, 41.580273 ], [ -86.829701, 41.595482 ], [ -86.825834, 41.613848 ], [ -86.815315, 41.629392 ], [ -86.795076, 41.64376 ], [ -86.777565, 41.653748 ], [ -86.759811, 41.656305 ], [ -86.740845, 41.656021 ], [ -86.723181, 41.653874 ], [ -86.707145, 41.652595 ], [ -86.698684, 41.658291 ], [ -86.697796, 41.670964 ], [ -86.694142, 41.680605 ], [ -86.693653, 41.681895 ], [ -86.686994, 41.685749 ], [ -86.680208, 41.689674 ], [ -86.662999, 41.689592 ], [ -86.646029, 41.684154 ], [ -86.631572, 41.679694 ], [ -86.608542, 41.685618 ], [ -86.582508, 41.701261 ], [ -86.56703, 41.71416 ], [ -86.540088, 41.729683 ], [ -86.510873, 41.738864 ], [ -86.50882, 41.739907 ], [ -86.486385, 41.751314 ], [ -86.480515, 41.759987 ], [ -86.471673, 41.773045 ], [ -86.452286, 41.785061 ], [ -86.449135, 41.7868 ], [ -86.440399, 41.789322 ], [ -86.436692, 41.789688 ], [ -86.432999, 41.789597 ], [ -86.429321, 41.789059 ], [ -86.425057, 41.788044 ], [ -86.423131, 41.788469 ], [ -86.421326, 41.788868 ], [ -86.421318, 41.788852 ], [ -86.418488, 41.78334 ], [ -86.415199, 41.774185 ], [ -86.413452, 41.77187 ], [ -86.415673, 41.763294 ], [ -86.413463, 41.760138 ], [ -86.412201, 41.758335 ], [ -86.407341, 41.756859 ], [ -86.403015, 41.75721 ], [ -86.399262, 41.758484 ], [ -86.393908, 41.760259 ], [ -86.383018, 41.76387 ], [ -86.377427, 41.778721 ], [ -86.374253, 41.780918 ], [ -86.368592, 41.783508 ], [ -86.362954, 41.785641 ], [ -86.356209, 41.785023 ], [ -86.35321, 41.783131 ], [ -86.352181, 41.778564 ], [ -86.350968, 41.76445 ], [ -86.355343, 41.763203 ], [ -86.355039, 41.760491 ], [ -86.354896, 41.75922 ], [ -86.353812, 41.756012 ], [ -86.345413, 41.737186 ], [ -86.336503, 41.716522 ], [ -86.336624, 41.713802 ], [ -86.337975, 41.711109 ], [ -86.349342, 41.690948 ], [ -86.352732, 41.684222 ], [ -86.34729, 41.681812 ], [ -86.341782, 41.681221 ], [ -86.316024, 41.67968 ], [ -86.303246, 41.67664 ], [ -86.300232, 41.675201 ], [ -86.297271, 41.672855 ], [ -86.279, 41.65559 ], [ -86.277321, 41.651917 ], [ -86.275154, 41.645504 ], [ -86.276528, 41.642361 ], [ -86.279808, 41.637897 ], [ -86.285011, 41.631672 ], [ -86.287567, 41.629463 ], [ -86.291542, 41.623203 ], [ -86.292282, 41.620495 ], [ -86.293754, 41.615082 ], [ -86.291374, 41.600037 ], [ -86.290374, 41.595016 ], [ -86.283875, 41.589401 ], [ -86.277336, 41.584694 ], [ -86.271263, 41.583183 ], [ -86.26828, 41.581287 ], [ -86.266586, 41.578064 ], [ -86.258713, 41.575604 ], [ -86.253807, 41.575477 ], [ -86.239189, 41.572834 ], [ -86.235061, 41.569099 ], [ -86.230812, 41.568081 ], [ -86.225312, 41.567486 ], [ -86.217228, 41.569549 ], [ -86.214546, 41.574482 ], [ -86.212601, 41.576698 ], [ -86.207505, 41.59383 ], [ -86.201447, 41.591858 ], [ -86.198449, 41.590416 ], [ -86.195466, 41.588524 ], [ -86.187766, 41.58242 ], [ -86.184867, 41.578712 ], [ -86.177216, 41.571701 ], [ -86.168694, 41.570118 ], [ -86.163216, 41.569069 ], [ -86.144523, 41.561767 ], [ -86.138496, 41.559337 ], [ -86.115501, 41.552376 ], [ -86.091965, 41.544033 ], [ -86.08899, 41.542137 ], [ -86.08371, 41.536999 ], [ -86.078369, 41.533226 ], [ -86.073707, 41.528103 ], [ -86.054306, 41.510777 ], [ -86.048905, 41.508362 ], [ -86.024429, 41.49453 ], [ -85.996063, 41.48513 ], [ -85.970696, 41.477169 ], [ -85.96783, 41.473004 ], [ -85.969818, 41.470333 ], [ -85.974175, 41.469089 ], [ -85.980362, 41.467899 ], [ -85.985268, 41.468029 ], [ -85.988914, 41.468586 ], [ -85.991913, 41.470028 ], [ -85.99488, 41.471928 ], [ -85.99849, 41.473389 ], [ -86.00824, 41.47456 ], [ -86.014999, 41.474293 ], [ -86.042061, 41.472755 ], [ -86.045785, 41.471943 ], [ -86.05027, 41.467979 ], [ -86.052215, 41.465763 ], [ -86.053009, 41.462147 ], [ -86.053794, 41.458538 ], [ -86.053321, 41.455791 ], [ -86.051705, 41.45121 ], [ -86.048233, 41.447029 ], [ -86.044647, 41.445114 ], [ -86.021745, 41.437229 ], [ -86.006568, 41.434094 ], [ -86.001648, 41.434414 ], [ -85.976555, 41.433723 ], [ -85.972839, 41.434528 ], [ -85.969162, 41.434429 ], [ -85.965515, 41.433872 ], [ -85.961906, 41.432415 ], [ -85.958465, 41.427776 ], [ -85.959305, 41.42326 ], [ -85.980341, 41.407499 ], [ -85.979347, 41.402466 ], [ -85.97461, 41.399155 ], [ -85.970985, 41.398148 ], [ -85.962913, 41.400196 ], [ -85.954895, 41.401337 ], [ -85.951905, 41.399891 ], [ -85.948959, 41.397537 ], [ -85.947258, 41.394768 ], [ -85.944337, 41.39196 ], [ -85.94075, 41.390045 ], [ -85.917991, 41.379875 ], [ -85.902603, 41.36945 ], [ -85.901656, 41.363975 ], [ -85.902473, 41.359909 ], [ -85.905219, 41.35408 ], [ -85.907241, 41.350506 ], [ -85.909828, 41.347854 ], [ -85.911865, 41.343822 ], [ -85.908974, 41.340565 ], [ -85.900993, 41.328983 ], [ -85.901741, 41.326282 ], [ -85.90564, 41.32185 ], [ -85.91508, 41.310681 ], [ -85.915739, 41.309898 ], [ -85.90197, 41.30994 ], [ -85.879266, 41.311115 ], [ -85.875527, 41.31237 ], [ -85.855599, 41.319073 ], [ -85.836113, 41.32896 ], [ -85.81804, 41.335255 ], [ -85.800658, 41.339752 ], [ -85.794991, 41.342766 ], [ -85.79184, 41.34449 ], [ -85.787368, 41.347996 ], [ -85.781677, 41.351463 ], [ -85.777374, 41.351791 ], [ -85.773728, 41.351235 ], [ -85.751939, 41.346508 ], [ -85.748344, 41.345039 ], [ -85.744109, 41.344009 ], [ -85.739243, 41.343411 ], [ -85.726234, 41.346207 ], [ -85.721878, 41.347443 ], [ -85.716309, 41.34864 ], [ -85.712051, 41.34806 ], [ -85.690337, 41.341965 ], [ -85.680045, 41.33984 ], [ -85.67572, 41.340622 ], [ -85.672592, 41.341892 ], [ -85.668877, 41.342689 ], [ -85.665107, 41.344391 ], [ -85.650733, 41.349874 ], [ -85.644732, 41.347419 ], [ -85.644889, 41.344692 ], [ -85.644036, 41.337853 ], [ -85.642448, 41.333263 ], [ -85.641403, 41.330055 ], [ -85.636124, 41.325806 ], [ -85.628281, 41.323753 ], [ -85.615982, 41.324745 ], [ -85.609093, 41.327713 ], [ -85.591575, 41.334446 ], [ -85.586685, 41.334297 ], [ -85.575173, 41.332127 ], [ -85.571609, 41.3302 ], [ -85.567459, 41.327805 ], [ -85.551597, 41.31596 ], [ -85.549889, 41.313637 ], [ -85.546524, 41.308083 ], [ -85.542839, 41.308422 ], [ -85.536118, 41.308212 ], [ -85.517434, 41.303093 ], [ -85.498703, 41.298874 ], [ -85.495064, 41.298305 ], [ -85.477448, 41.295937 ], [ -85.474472, 41.294479 ], [ -85.469719, 41.292061 ], [ -85.460296, 41.27496 ], [ -85.455711, 41.280262 ], [ -85.449402, 41.294144 ], [ -85.446198, 41.296768 ], [ -85.437912, 41.302418 ], [ -85.431831, 41.301762 ], [ -85.413239, 41.295265 ], [ -85.408302, 41.296017 ], [ -85.406311, 41.298683 ], [ -85.395325, 41.308777 ], [ -85.391602, 41.309567 ], [ -85.368576, 41.316093 ], [ -85.35067, 41.318691 ], [ -85.34459, 41.318043 ], [ -85.338139, 41.318221 ], [ -85.33748, 41.318241 ], [ -85.33724, 41.318248 ], [ -85.333733, 41.30497 ], [ -85.334618, 41.290009 ], [ -85.331246, 41.284901 ], [ -85.327157, 41.28159 ], [ -85.313073, 41.271591 ], [ -85.299675, 41.26025 ], [ -85.296707, 41.258789 ], [ -85.280983, 41.245552 ], [ -85.277374, 41.244522 ], [ -85.273712, 41.244404 ], [ -85.251854, 41.241863 ], [ -85.236842, 41.237282 ], [ -85.235934, 41.232246 ], [ -85.211822, 41.226444 ], [ -85.207633, 41.224941 ], [ -85.204109, 41.222553 ], [ -85.183746, 41.215508 ], [ -85.180092, 41.215382 ], [ -85.162567, 41.212063 ], [ -85.159599, 41.210602 ], [ -85.153061, 41.207653 ], [ -85.146652, 41.202438 ], [ -85.14325, 41.198235 ], [ -85.142197, 41.195473 ], [ -85.142616, 41.188671 ], [ -85.144035, 41.185539 ], [ -85.147308, 41.182018 ], [ -85.156204, 41.176414 ], [ -85.161079, 41.176582 ], [ -85.164733, 41.176708 ], [ -85.172661, 41.176975 ], [ -85.175819, 41.175266 ], [ -85.179566, 41.17403 ], [ -85.186493, 41.170632 ], [ -85.189072, 41.168446 ], [ -85.193642, 41.163601 ], [ -85.193223, 41.160408 ], [ -85.203416, 41.153484 ], [ -85.208511, 41.150024 ], [ -85.212228, 41.149243 ], [ -85.215935, 41.148457 ], [ -85.218734, 41.142647 ], [ -85.222633, 41.136089 ], [ -85.224846, 41.132404 ], [ -85.225785, 41.126984 ], [ -85.224762, 41.123772 ], [ -85.221794, 41.122311 ], [ -85.21415, 41.117512 ], [ -85.211296, 41.114235 ], [ -85.20617, 41.098168 ], [ -85.20321, 41.096703 ], [ -85.197449, 41.091061 ], [ -85.195899, 41.086468 ], [ -85.196091, 41.083294 ], [ -85.200684, 41.068008 ], [ -85.202675, 41.065349 ], [ -85.210274, 41.050617 ], [ -85.21486, 41.035328 ], [ -85.218704, 41.03228 ], [ -85.218895, 41.029106 ], [ -85.21723, 41.026771 ], [ -85.211151, 41.026123 ], [ -85.207801, 41.021011 ], [ -85.208024, 41.017387 ], [ -85.209457, 41.003811 ], [ -85.207931, 40.998764 ], [ -85.205666, 40.99596 ], [ -85.202735, 40.994045 ], [ -85.20108, 40.991264 ], [ -85.193367, 40.977837 ], [ -85.193001, 40.973736 ], [ -85.195267, 40.956551 ], [ -85.197914, 40.943016 ], [ -85.202385, 40.929543 ], [ -85.209427, 40.913887 ], [ -85.210197, 40.91119 ], [ -85.215761, 40.879496 ], [ -85.215114, 40.864766 ], [ -85.191422, 40.840777 ], [ -85.136077, 40.816699 ], [ -85.101036, 40.789292 ], [ -85.085054, 40.757625 ], [ -85.083823, 40.755185 ], [ -85.083739, 40.727715 ], [ -85.070854, 40.708691 ], [ -85.056136, 40.698826 ], [ -85.038048, 40.687294 ], [ -85.022788, 40.679039 ], [ -85.005982, 40.666637 ], [ -84.989029, 40.656502 ], [ -84.985427, 40.655918 ], [ -84.978256, 40.654301 ], [ -84.958946, 40.652702 ], [ -84.954079, 40.652981 ], [ -84.940506, 40.656582 ], [ -84.935867, 40.653236 ], [ -84.917351, 40.6394 ], [ -84.900566, 40.626984 ], [ -84.886674, 40.61693 ], [ -84.876319, 40.617477 ], [ -84.870758, 40.619091 ], [ -84.850639, 40.620638 ], [ -84.847748, 40.618702 ], [ -84.833106, 40.610897 ], [ -84.813568, 40.603821 ], [ -84.809364, 40.60321 ], [ -84.805824, 40.601719 ], [ -84.803607, 40.601215 ], [ -84.79866, 40.60009 ], [ -84.795166, 40.598534 ], [ -84.768135, 40.58654 ], [ -84.744873, 40.596516 ], [ -84.721283, 40.603325 ], [ -84.715851, 40.60363 ], [ -84.694359, 40.601216 ], [ -84.6912, 40.600033 ], [ -84.686188, 40.598499 ], [ -84.662537, 40.586647 ], [ -84.659241, 40.584103 ], [ -84.634766, 40.570023 ], [ -84.618346, 40.563667 ], [ -84.614029, 40.563004 ], [ -84.605355, 40.561215 ], [ -84.596176, 40.560368 ], [ -84.56958, 40.561401 ], [ -84.543319, 40.559681 ], [ -84.521621, 40.554977 ], [ -84.472135, 40.557024 ], [ -84.440085, 40.555445 ], [ -84.419585, 40.546369 ], [ -84.416251, 40.536724 ], [ -84.42647, 40.504611 ], [ -84.429287, 40.462874 ], [ -84.43045, 40.409943 ], [ -84.402191, 40.411945 ], [ -84.377494, 40.413292 ], [ -84.352936, 40.415993 ], [ -84.32592, 40.418366 ], [ -84.299248, 40.424351 ], [ -84.293916, 40.425549 ], [ -84.2835, 40.430653 ], [ -84.266807, 40.439732 ], [ -84.237328, 40.448128 ], [ -84.219368, 40.463177 ], [ -84.215577, 40.467926 ], [ -84.205452, 40.476192 ], [ -84.195717, 40.482162 ], [ -84.186507, 40.489188 ], [ -84.179344, 40.488483 ], [ -84.174042, 40.490128 ], [ -84.166336, 40.491897 ], [ -84.160988, 40.493092 ], [ -84.144066, 40.493527 ], [ -84.115905, 40.490459 ], [ -84.111002, 40.489795 ], [ -84.08741, 40.503311 ], [ -84.064324, 40.515877 ], [ -84.061562, 40.518746 ], [ -84.058525, 40.525268 ], [ -84.057778, 40.530308 ], [ -84.056851, 40.533533 ], [ -84.068978, 40.546547 ], [ -84.073014, 40.550884 ], [ -84.074554, 40.554439 ], [ -84.07354, 40.563133 ], [ -84.069694, 40.567425 ], [ -84.064071, 40.572262 ], [ -84.045112, 40.583698 ], [ -84.02639, 40.597851 ], [ -84.022453, 40.601234 ], [ -84.000724, 40.609169 ], [ -83.994247, 40.61132 ], [ -83.977463, 40.620365 ], [ -83.973526, 40.623745 ], [ -83.972039, 40.627461 ], [ -83.968828, 40.632179 ], [ -83.950303, 40.635387 ], [ -83.944808, 40.63439 ], [ -83.938584, 40.63326 ], [ -83.926652, 40.635681 ], [ -83.923026, 40.635864 ], [ -83.909538, 40.641094 ], [ -83.897148, 40.658539 ], [ -83.886482, 40.681808 ], [ -83.883949, 40.687393 ], [ -83.893555, 40.699638 ], [ -83.895737, 40.703621 ], [ -83.897232, 40.706726 ], [ -83.894859, 40.714119 ], [ -83.892724, 40.717411 ], [ -83.88813, 40.720371 ], [ -83.883933, 40.721035 ], [ -83.880348, 40.721668 ], [ -83.874779, 40.720585 ], [ -83.868568, 40.719082 ], [ -83.864899, 40.718811 ], [ -83.840774, 40.720928 ], [ -83.837227, 40.722015 ], [ -83.823311, 40.72271 ], [ -83.798789, 40.720291 ], [ -83.772851, 40.715664 ], [ -83.764786, 40.713791 ], [ -83.753006, 40.711193 ], [ -83.747971, 40.709164 ], [ -83.721359, 40.703655 ], [ -83.694153, 40.69817 ], [ -83.689797, 40.697018 ], [ -83.680564, 40.695652 ], [ -83.67791, 40.693054 ], [ -83.658256, 40.683555 ], [ -83.654876, 40.679626 ], [ -83.651542, 40.676155 ], [ -83.646347, 40.672314 ], [ -83.640595, 40.668957 ], [ -83.628563, 40.663177 ], [ -83.624854, 40.662445 ], [ -83.619858, 40.66087 ], [ -83.588672, 40.658285 ], [ -83.587197, 40.655171 ], [ -83.562469, 40.64999 ], [ -83.53476, 40.645409 ], [ -83.512306, 40.63829 ], [ -83.485551, 40.630474 ], [ -83.455971, 40.62505 ], [ -83.447998, 40.624062 ], [ -83.427491, 40.618206 ], [ -83.404191, 40.607933 ], [ -83.381691, 40.599892 ], [ -83.376137, 40.598785 ], [ -83.35186, 40.598545 ], [ -83.323235, 40.597138 ], [ -83.299293, 40.593693 ], [ -83.272377, 40.590832 ], [ -83.246292, 40.590656 ], [ -83.240814, 40.59045 ], [ -83.227523, 40.591049 ], [ -83.222732, 40.591724 ], [ -83.213852, 40.594395 ], [ -83.210967, 40.59634 ], [ -83.206077, 40.603378 ], [ -83.204628, 40.607987 ], [ -83.208221, 40.630089 ], [ -83.200363, 40.653164 ], [ -83.189682, 40.671364 ], [ -83.176323, 40.686501 ], [ -83.159256, 40.700897 ], [ -83.154099, 40.704761 ], [ -83.146484, 40.708282 ], [ -83.121071, 40.717136 ], [ -83.115691, 40.718281 ], [ -83.089843, 40.72942 ], [ -83.082114, 40.731575 ], [ -83.059594, 40.746651 ], [ -83.043304, 40.763722 ], [ -83.021019, 40.781956 ], [ -82.99855, 40.797924 ], [ -82.985443, 40.799942 ], [ -82.957008, 40.803352 ], [ -82.926148, 40.797405 ], [ -82.898773, 40.797207 ], [ -82.892647, 40.796558 ], [ -82.887223, 40.797245 ], [ -82.880058, 40.798912 ], [ -82.873458, 40.800098 ], [ -82.869858, 40.800705 ], [ -82.852821, 40.800514 ], [ -82.842986, 40.799114 ], [ -82.816674, 40.78886 ], [ -82.810974, 40.785915 ], [ -82.792221, 40.770798 ], [ -82.790237, 40.768608 ], [ -82.778152, 40.761387 ], [ -82.773842, 40.760658 ], [ -82.770073, 40.758999 ], [ -82.764557, 40.75832 ], [ -82.752342, 40.757462 ], [ -82.74743, 40.756756 ], [ -82.739014, 40.758015 ], [ -82.714607, 40.764923 ], [ -82.690468, 40.767273 ], [ -82.680336, 40.769959 ], [ -82.677638, 40.770844 ], [ -82.675591, 40.771515 ], [ -82.669731, 40.774479 ], [ -82.657013, 40.791805 ], [ -82.654304, 40.796459 ], [ -82.652816, 40.80106 ], [ -82.655753, 40.816387 ], [ -82.673478, 40.834293 ], [ -82.676674, 40.836433 ], [ -82.699211, 40.845055 ], [ -82.705375, 40.846165 ], [ -82.715408, 40.8503 ], [ -82.735184, 40.86266 ], [ -82.737174, 40.864853 ], [ -82.746101, 40.870388 ], [ -82.75547, 40.873634 ], [ -82.761169, 40.876579 ], [ -82.767708, 40.882671 ], [ -82.769225, 40.8867 ], [ -82.762077, 40.896988 ], [ -82.757424, 40.899906 ], [ -82.749596, 40.909317 ], [ -82.747062, 40.916237 ], [ -82.742371, 40.918701 ], [ -82.735085, 40.927181 ], [ -82.732818, 40.929546 ], [ -82.717392, 40.943352 ], [ -82.713913, 40.94577 ], [ -82.706353, 40.950623 ], [ -82.679893, 40.955338 ], [ -82.672028, 40.956112 ], [ -82.648796, 40.963413 ], [ -82.624367, 40.971214 ], [ -82.599876, 40.978104 ], [ -82.595116, 40.979656 ], [ -82.568435, 40.981628 ], [ -82.543358, 40.980351 ], [ -82.540222, 40.979111 ], [ -82.534661, 40.977966 ], [ -82.509674, 40.978047 ], [ -82.506028, 40.978188 ], [ -82.47628, 40.971176 ], [ -82.453522, 40.959347 ], [ -82.450836, 40.955818 ], [ -82.436547, 40.951828 ], [ -82.432411, 40.953804 ], [ -82.427581, 40.954449 ], [ -82.405457, 40.951668 ], [ -82.379349, 40.944038 ], [ -82.371963, 40.942959 ], [ -82.366432, 40.942264 ], [ -82.361603, 40.942902 ], [ -82.351342, 40.944199 ], [ -82.346085, 40.947582 ], [ -82.343239, 40.950413 ], [ -82.339324, 40.955562 ], [ -82.336685, 40.961567 ], [ -82.336639, 40.969746 ], [ -82.337464, 40.972893 ], [ -82.337646, 40.975612 ], [ -82.336419, 40.984291 ], [ -82.317466, 41.001358 ], [ -82.293449, 41.006805 ], [ -82.2874, 41.007488 ], [ -82.283173, 41.008102 ], [ -82.276062, 41.011093 ], [ -82.271378, 41.013992 ], [ -82.265749, 41.021019 ], [ -82.262156, 41.021146 ], [ -82.258461, 41.021293 ], [ -82.252465, 41.022877 ], [ -82.243194, 41.020954 ], [ -82.229592, 41.018276 ], [ -82.220383, 41.017254 ], [ -82.216698, 41.016937 ], [ -82.187897, 41.023903 ], [ -82.184373, 41.025852 ], [ -82.17643, 41.025688 ], [ -82.170287, 41.025009 ], [ -82.165909, 41.02335 ], [ -82.16333, 41.021175 ], [ -82.155274, 41.019199 ], [ -82.148491, 41.018082 ], [ -82.142868, 41.016018 ], [ -82.132919, 41.003662 ], [ -82.130333, 41.001484 ], [ -82.124108, 40.999439 ], [ -82.117332, 40.998325 ], [ -82.109429, 40.998611 ], [ -82.104706, 41.001053 ], [ -82.080582, 41.0051 ], [ -82.055366, 41.011002 ], [ -82.028114, 41.01379 ], [ -82.02449, 41.01437 ], [ -82.021568, 41.016289 ], [ -82.002419, 41.031502 ], [ -81.992127, 41.051853 ], [ -81.994025, 41.072224 ], [ -81.994202, 41.07494 ], [ -81.984994, 41.093434 ], [ -81.980354, 41.097229 ], [ -81.980584, 41.100857 ], [ -81.987511, 41.113781 ], [ -81.990875, 41.118664 ], [ -81.989044, 41.128262 ], [ -81.987358, 41.130596 ], [ -81.983292, 41.133915 ], [ -81.979751, 41.13586 ], [ -81.974394, 41.137872 ], [ -81.964348, 41.133671 ], [ -81.959884, 41.130649 ], [ -81.95237, 41.127731 ], [ -81.946746, 41.125656 ], [ -81.926345, 41.131363 ], [ -81.912621, 41.136379 ], [ -81.901169, 41.129051 ], [ -81.881821, 41.112457 ], [ -81.861496, 41.099525 ], [ -81.85434, 41.09251 ], [ -81.840996, 41.083881 ], [ -81.837837, 41.082169 ], [ -81.834129, 41.081387 ], [ -81.806153, 41.082787 ], [ -81.803193, 41.084248 ], [ -81.789902, 41.086517 ], [ -81.786277, 41.087093 ], [ -81.77864, 41.091888 ], [ -81.77639, 41.095138 ], [ -81.776276, 41.103321 ], [ -81.781112, 41.122692 ], [ -81.781968, 41.126747 ], [ -81.782356, 41.133095 ], [ -81.779777, 41.140903 ], [ -81.776893, 41.143722 ], [ -81.773316, 41.145206 ], [ -81.747505, 41.142433 ], [ -81.742607, 41.14214 ], [ -81.736953, 41.139603 ], [ -81.727677, 41.137642 ], [ -81.72438, 41.133663 ], [ -81.720558, 41.131065 ], [ -81.710992, 41.124111 ], [ -81.707229, 41.122421 ], [ -81.699226, 41.121323 ], [ -81.695016, 41.122368 ], [ -81.691467, 41.124302 ], [ -81.685585, 41.128128 ], [ -81.661995, 41.142071 ], [ -81.658333, 41.142193 ], [ -81.653382, 41.140991 ], [ -81.626008, 41.132336 ], [ -81.602134, 41.120846 ], [ -81.596573, 41.119659 ], [ -81.583672, 41.11826 ], [ -81.579437, 41.118854 ], [ -81.571007, 41.120937 ], [ -81.565475, 41.120205 ], [ -81.560417, 41.117187 ], [ -81.542557, 41.103676 ], [ -81.526954, 41.086914 ], [ -81.515625, 41.070015 ], [ -81.499993, 41.052342 ], [ -81.499146, 41.048279 ], [ -81.488335, 41.029549 ], [ -81.480522, 41.02071 ], [ -81.476746, 41.018559 ], [ -81.473548, 41.015934 ], [ -81.464195, 41.012134 ], [ -81.459877, 41.01136 ], [ -81.452552, 41.011135 ], [ -81.447685, 41.011287 ], [ -81.421044, 41.014381 ], [ -81.416764, 41.014057 ], [ -81.411919, 41.01466 ], [ -81.394814, 41.013821 ], [ -81.387284, 41.009964 ], [ -81.383583, 41.009171 ], [ -81.378673, 41.008875 ], [ -81.360573, 40.989437 ], [ -81.341491, 40.974575 ], [ -81.336502, 40.972458 ], [ -81.332176, 40.971226 ], [ -81.321716, 40.969265 ], [ -81.317482, 40.969849 ], [ -81.313889, 40.970863 ], [ -81.289245, 40.977047 ], [ -81.276444, 40.976975 ], [ -81.269729, 40.976714 ], [ -81.2471, 40.986469 ], [ -81.24421, 40.989277 ], [ -81.241935, 40.99252 ], [ -81.23436, 41.010452 ], [ -81.228692, 41.030136 ], [ -81.225258, 41.034325 ], [ -81.220925, 41.056248 ], [ -81.21994, 41.060814 ], [ -81.220718, 41.063969 ], [ -81.220886, 41.067146 ], [ -81.225768, 41.078808 ], [ -81.227814, 41.082832 ], [ -81.226761, 41.086041 ], [ -81.216774, 41.10495 ], [ -81.21521, 41.109989 ], [ -81.217811, 41.113098 ], [ -81.239837, 41.125618 ], [ -81.243637, 41.128235 ], [ -81.247437, 41.130848 ], [ -81.254714, 41.141529 ], [ -81.25676, 41.145557 ], [ -81.256775, 41.168716 ], [ -81.251098, 41.188412 ], [ -81.249534, 41.193451 ], [ -81.251114, 41.200214 ], [ -81.252479, 41.2029 ], [ -81.252181, 41.208813 ], [ -81.25055, 41.212494 ], [ -81.227448, 41.226338 ], [ -81.223877, 41.22826 ], [ -81.218277, 41.237957 ], [ -81.217835, 41.24115 ], [ -81.219788, 41.243362 ], [ -81.220589, 41.246975 ], [ -81.204498, 41.266514 ], [ -81.202781, 41.268833 ], [ -81.201095, 41.271606 ], [ -81.201309, 41.275692 ], [ -81.204597, 41.280136 ], [ -81.207215, 41.283238 ], [ -81.209257, 41.286825 ], [ -81.19989, 41.298126 ], [ -81.194023, 41.308361 ], [ -81.165748, 41.321304 ], [ -81.143349, 41.373177 ], [ -81.13977, 41.375091 ], [ -81.123291, 41.388279 ], [ -81.112587, 41.393711 ], [ -81.107172, 41.39646 ], [ -81.109352, 41.379135 ], [ -81.107895, 41.374634 ], [ -81.109451, 41.369137 ], [ -81.111878, 41.356808 ], [ -81.109886, 41.353687 ], [ -81.103676, 41.352043 ], [ -81.076523, 41.347813 ], [ -81.05738, 41.332451 ], [ -81.052444, 41.33168 ], [ -81.024331, 41.332455 ], [ -81.01989, 41.329399 ], [ -81.012199, 41.322346 ], [ -81.00898, 41.319256 ], [ -81.002853, 41.306705 ], [ -80.998414, 41.30365 ], [ -80.974793, 41.29612 ], [ -80.949868, 41.286804 ], [ -80.922264, 41.285275 ], [ -80.916184, 41.285893 ], [ -80.890304, 41.294754 ], [ -80.862175, 41.307758 ], [ -80.857415, 41.310604 ], [ -80.840972, 41.325111 ], [ -80.837371, 41.326569 ], [ -80.827423, 41.336365 ], [ -80.824584, 41.34098 ], [ -80.818191, 41.361126 ], [ -80.814216, 41.380752 ], [ -80.808639, 41.405422 ], [ -80.80754, 41.408176 ], [ -80.807335, 41.429981 ], [ -80.808273, 41.449936 ], [ -80.804252, 41.468662 ], [ -80.802017, 41.473259 ], [ -80.782981, 41.486008 ], [ -80.778237, 41.489307 ], [ -80.775231, 41.490749 ], [ -80.770988, 41.491768 ], [ -80.767342, 41.492767 ], [ -80.761466, 41.498367 ], [ -80.760368, 41.501118 ], [ -80.759269, 41.503872 ], [ -80.759506, 41.508862 ], [ -80.760285, 41.512478 ], [ -80.759225, 41.516136 ], [ -80.759964, 41.518841 ], [ -80.760132, 41.522469 ], [ -80.761674, 41.542416 ], [ -80.763793, 41.561432 ], [ -80.764549, 41.564594 ], [ -80.758789, 41.586086 ], [ -80.755952, 41.591152 ], [ -80.752381, 41.593514 ], [ -80.726936, 41.601425 ], [ -80.701942, 41.605682 ], [ -80.69532, 41.608574 ], [ -80.692519, 41.614548 ], [ -80.686646, 41.620598 ], [ -80.678238, 41.624893 ], [ -80.672814, 41.627297 ], [ -80.669174, 41.6283 ], [ -80.651924, 41.640984 ], [ -80.634887, 41.658661 ], [ -80.63073, 41.661942 ], [ -80.625878, 41.663425 ], [ -80.616128, 41.665478 ], [ -80.611213, 41.665596 ], [ -80.60746, 41.664326 ], [ -80.59803, 41.659554 ], [ -80.594261, 41.657826 ], [ -80.571045, 41.66111 ], [ -80.567444, 41.663014 ], [ -80.552101, 41.677914 ], [ -80.54921, 41.682068 ], [ -80.524925, 41.689453 ], [ -80.521911, 41.690891 ], [ -80.518638, 41.697539 ], [ -80.517387, 41.700081 ], [ -80.516334, 41.704193 ], [ -80.515876, 41.707836 ], [ -80.518652, 41.729838 ], [ -80.518676, 41.73003 ], [ -80.520081, 41.734081 ], [ -80.520813, 41.736793 ], [ -80.518683, 41.741382 ], [ -80.512923, 41.75378 ], [ -80.508763, 41.756595 ], [ -80.508742, 41.756612 ], [ -80.501586, 41.762226 ], [ -80.498612, 41.764568 ], [ -80.496865, 41.766876 ], [ -80.492058, 41.769714 ], [ -80.482368, 41.773571 ], [ -80.47808, 41.774124 ], [ -80.47197, 41.775173 ], [ -80.468238, 41.774353 ], [ -80.462685, 41.774025 ], [ -80.457726, 41.773228 ], [ -80.453338, 41.771515 ], [ -80.450164, 41.769318 ], [ -80.445702, 41.765785 ], [ -80.440522, 41.759545 ], [ -80.428666, 41.741192 ], [ -80.427284, 41.737587 ], [ -80.425888, 41.733532 ], [ -80.424782, 41.721748 ], [ -80.425857, 41.718094 ], [ -80.42759, 41.715328 ], [ -80.429168, 41.708931 ], [ -80.428383, 41.704864 ], [ -80.427651, 41.702152 ], [ -80.423721, 41.696339 ], [ -80.414878, 41.676098 ], [ -80.403145, 41.660015 ], [ -80.400597, 41.657799 ], [ -80.39743, 41.655601 ], [ -80.394867, 41.652935 ], [ -80.384887, 41.649525 ], [ -80.383225, 41.64812 ], [ -80.381856, 41.646965 ], [ -80.381842, 41.646975 ], [ -80.37558, 41.647461 ], [ -80.356857, 41.655601 ], [ -80.335296, 41.669704 ], [ -80.325546, 41.687176 ], [ -80.31887, 41.704582 ], [ -80.316581, 41.724159 ], [ -80.317489, 41.746849 ], [ -80.32074, 41.766315 ], [ -80.325829, 41.785736 ], [ -80.328575, 41.807934 ], [ -80.328163, 41.812939 ], [ -80.324235, 41.822563 ], [ -80.31897, 41.829491 ], [ -80.315941, 41.830925 ], [ -80.292023, 41.833717 ], [ -80.288346, 41.834248 ], [ -80.288331, 41.849232 ], [ -80.289047, 41.851948 ], [ -80.289771, 41.854656 ], [ -80.285674, 41.860199 ], [ -80.283325, 41.862976 ], [ -80.285462, 41.870197 ], [ -80.28682, 41.873348 ], [ -80.283356, 41.87933 ], [ -80.280983, 41.881649 ], [ -80.27491, 41.884052 ], [ -80.27121, 41.884132 ], [ -80.25261, 41.897247 ], [ -80.235382, 41.914421 ], [ -80.213493, 41.922607 ], [ -80.190308, 41.929455 ], [ -80.18544, 41.931374 ], [ -80.15783, 41.935578 ], [ -80.154167, 41.936561 ], [ -80.149269, 41.937569 ], [ -80.13417, 41.946514 ], [ -80.112015, 41.964676 ], [ -80.109, 41.966556 ], [ -80.074097, 41.974525 ], [ -80.042741, 41.978325 ], [ -80.037887, 41.98069 ], [ -80.034286, 41.983486 ], [ -80.028282, 41.988148 ], [ -80.026513, 41.990456 ], [ -80.026009, 41.993641 ], [ -80.037208, 42.012962 ], [ -80.039863, 42.017906 ], [ -80.03405, 42.028015 ], [ -80.030427, 42.030354 ], [ -80.017601, 42.034695 ], [ -80.01088, 42.036644 ], [ -80.005967, 42.037647 ], [ -80.00113, 42.04092 ], [ -79.98558, 42.055309 ], [ -79.982018, 42.059467 ], [ -79.977166, 42.062283 ], [ -79.973621, 42.066446 ], [ -79.96125, 42.066677 ], [ -79.955054, 42.066341 ], [ -79.945388, 42.072883 ], [ -79.942447, 42.077037 ], [ -79.919671, 42.080185 ], [ -79.913521, 42.081207 ], [ -79.906173, 42.08316 ], [ -79.889824, 42.09346 ], [ -79.886825, 42.096241 ], [ -79.876244, 42.112339 ], [ -79.870895, 42.118794 ], [ -79.869133, 42.121551 ], [ -79.844643, 42.129269 ], [ -79.818497, 42.143372 ], [ -79.797332, 42.158291 ], [ -79.777282, 42.170002 ], [ -79.772964, 42.170536 ], [ -79.763501, 42.173638 ], [ -79.759163, 42.17506 ], [ -79.750372, 42.166268 ], [ -79.737556, 42.168259 ], [ -79.730049, 42.167233 ], [ -79.70156, 42.166725 ], [ -79.684777, 42.165669 ], [ -79.651626, 42.16859 ], [ -79.634018, 42.179985 ], [ -79.624894, 42.181782 ], [ -79.594437, 42.179962 ], [ -79.593644, 42.180138 ], [ -79.59182, 42.178639 ], [ -79.578392, 42.1763 ], [ -79.564247, 42.174118 ], [ -79.556396, 42.173851 ], [ -79.553589, 42.175713 ], [ -79.555244, 42.177154 ], [ -79.559349, 42.18203 ], [ -79.564812, 42.186451 ], [ -79.559639, 42.193058 ], [ -79.565262, 42.210857 ], [ -79.564416, 42.220705 ], [ -79.559186, 42.236096 ], [ -79.548393, 42.256811 ], [ -79.523783, 42.274017 ], [ -79.500916, 42.289728 ], [ -79.490979, 42.311039 ], [ -79.482399, 42.323502 ], [ -79.468941, 42.333302 ], [ -79.454339, 42.336712 ], [ -79.427864, 42.34663 ], [ -79.396912, 42.354901 ], [ -79.373032, 42.358708 ], [ -79.358787, 42.358871 ], [ -79.338493, 42.361141 ], [ -79.323226, 42.364105 ], [ -79.305199, 42.37133 ], [ -79.301018, 42.373348 ], [ -79.283195, 42.375496 ], [ -79.267975, 42.371094 ], [ -79.251884, 42.355694 ], [ -79.238021, 42.344788 ], [ -79.212418, 42.334385 ], [ -79.201989, 42.335751 ], [ -79.198021, 42.340515 ], [ -79.200471, 42.348229 ], [ -79.206443, 42.361309 ], [ -79.210335, 42.379536 ], [ -79.202212, 42.393267 ], [ -79.174188, 42.412496 ], [ -79.148858, 42.416757 ], [ -79.132952, 42.419174 ], [ -79.121768, 42.418853 ], [ -79.099624, 42.43191 ], [ -79.074238, 42.44343 ], [ -79.05886, 42.447375 ], [ -79.049781, 42.446499 ], [ -79.016288, 42.446953 ], [ -79.002304, 42.434193 ], [ -78.986573, 42.422878 ], [ -78.972046, 42.411053 ], [ -78.956437, 42.392841 ], [ -78.950226, 42.384358 ], [ -78.943474, 42.376812 ], [ -78.929535, 42.37278 ], [ -78.913918, 42.371109 ], [ -78.90493, 42.366871 ], [ -78.897644, 42.35199 ], [ -78.891473, 42.335224 ], [ -78.89151, 42.318672 ], [ -78.890809, 42.309044 ], [ -78.884849, 42.303768 ], [ -78.857715, 42.281327 ], [ -78.837372, 42.280827 ], [ -78.83123, 42.281528 ], [ -78.810532, 42.277748 ], [ -78.799255, 42.275894 ], [ -78.790673, 42.277153 ], [ -78.784958, 42.28381 ], [ -78.776122, 42.290142 ], [ -78.753761, 42.289165 ], [ -78.739097, 42.292034 ], [ -78.709946, 42.30006 ], [ -78.687165, 42.311043 ], [ -78.671219, 42.322231 ], [ -78.656562, 42.334278 ], [ -78.65347, 42.345229 ], [ -78.650274, 42.35654 ], [ -78.635962, 42.371963 ], [ -78.61025, 42.380586 ], [ -78.590964, 42.392292 ], [ -78.573051, 42.410649 ], [ -78.563779, 42.419717 ], [ -78.550354, 42.421932 ], [ -78.52433, 42.422436 ], [ -78.498184, 42.421101 ], [ -78.483581, 42.416115 ], [ -78.468948, 42.419868 ], [ -78.455453, 42.422199 ], [ -78.443954, 42.417106 ], [ -78.435951, 42.408661 ], [ -78.431443, 42.406067 ], [ -78.412339, 42.398487 ], [ -78.388237, 42.390156 ], [ -78.373214, 42.387935 ], [ -78.35859, 42.391202 ], [ -78.358557, 42.391209 ], [ -78.383858, 42.370548 ], [ -78.383293, 42.361839 ], [ -78.366737, 42.345421 ], [ -78.344742, 42.340691 ], [ -78.30957, 42.333202 ], [ -78.29007, 42.318722 ], [ -78.278987, 42.288433 ], [ -78.268214, 42.266204 ], [ -78.242956, 42.249282 ], [ -78.228425, 42.229009 ], [ -78.224625, 42.223705 ], [ -78.21988, 42.186955 ], [ -78.204628, 42.160358 ], [ -78.180542, 42.140503 ], [ -78.150253, 42.130047 ], [ -78.123451, 42.125896 ], [ -78.103263, 42.108646 ], [ -78.090423, 42.080124 ], [ -78.078926, 42.063492 ], [ -78.048523, 42.050259 ], [ -78.027824, 42.044506 ], [ -78.00518, 42.03698 ], [ -78.001915, 42.033871 ], [ -77.995835, 42.024876 ], [ -77.988312, 42.012249 ], [ -77.988464, 42.004436 ], [ -77.986934, 41.998851 ], [ -77.986923, 41.998814 ], [ -77.984414, 41.992466 ], [ -77.983157, 41.986112 ], [ -77.980034, 41.984764 ], [ -77.976319, 41.98296 ], [ -77.972619, 41.982971 ], [ -77.967666, 41.981632 ], [ -77.944145, 41.971722 ], [ -77.931756, 41.963589 ], [ -77.92617, 41.959064 ], [ -77.923676, 41.95499 ], [ -77.924888, 41.951805 ], [ -77.926719, 41.94862 ], [ -77.934654, 41.934063 ], [ -77.935242, 41.92952 ], [ -77.926484, 41.909115 ], [ -77.927063, 41.90321 ], [ -77.92704, 41.898666 ], [ -77.9264, 41.895947 ], [ -77.917272, 41.887485 ], [ -77.909884, 41.880634 ], [ -77.897939, 41.879104 ], [ -77.893992, 41.878548 ], [ -77.883668, 41.877095 ], [ -77.872116, 41.871077 ], [ -77.868478, 41.86394 ], [ -77.861122, 41.853301 ], [ -77.856632, 41.851006 ], [ -77.847854, 41.849415 ], [ -77.842974, 41.849234 ], [ -77.836764, 41.849003 ], [ -77.819581, 41.864018 ], [ -77.816513, 41.867203 ], [ -77.814056, 41.86948 ], [ -77.793739, 41.874065 ], [ -77.787576, 41.874989 ], [ -77.783882, 41.876358 ], [ -77.773407, 41.875927 ], [ -77.768478, 41.876846 ], [ -77.761727, 41.884125 ], [ -77.755561, 41.885502 ], [ -77.750633, 41.886418 ], [ -77.746323, 41.886429 ], [ -77.74324, 41.887794 ], [ -77.737732, 41.899155 ], [ -77.738983, 41.904602 ], [ -77.728546, 41.918697 ], [ -77.725479, 41.923244 ], [ -77.725037, 41.930186 ], [ -77.725044, 41.930206 ], [ -77.728784, 41.930824 ], [ -77.732292, 41.931404 ], [ -77.735383, 41.932762 ], [ -77.748374, 41.944092 ], [ -77.750236, 41.946361 ], [ -77.750861, 41.949535 ], [ -77.752106, 41.952713 ], [ -77.741668, 41.968174 ], [ -77.73983, 41.970447 ], [ -77.739219, 41.973175 ], [ -77.742317, 41.976345 ], [ -77.743569, 41.980431 ], [ -77.740502, 41.988613 ], [ -77.736197, 41.991816 ], [ -77.71273, 41.990017 ], [ -77.707787, 41.990029 ], [ -77.70051, 41.999048 ], [ -77.696899, 42.003521 ], [ -77.697174, 42.008568 ], [ -77.695168, 42.016899 ], [ -77.69146, 42.028046 ], [ -77.69696, 42.038452 ], [ -77.700271, 42.042488 ], [ -77.69867, 42.047131 ], [ -77.689712, 42.06395 ], [ -77.690582, 42.068523 ], [ -77.701484, 42.076 ], [ -77.704247, 42.081432 ], [ -77.699112, 42.088944 ], [ -77.695137, 42.095497 ], [ -77.699913, 42.103626 ], [ -77.706551, 42.11216 ], [ -77.707619, 42.120396 ], [ -77.70324, 42.130642 ], [ -77.699479, 42.140865 ], [ -77.703193, 42.152241 ], [ -77.713005, 42.173542 ], [ -77.724556, 42.192497 ], [ -77.734772, 42.209644 ], [ -77.746849, 42.21571 ], [ -77.772667, 42.224102 ], [ -77.797379, 42.234829 ], [ -77.816628, 42.247097 ], [ -77.833054, 42.264042 ], [ -77.846039, 42.285694 ], [ -77.854661, 42.306561 ], [ -77.86535, 42.33104 ], [ -77.872238, 42.353798 ], [ -77.876029, 42.376652 ], [ -77.873191, 42.391903 ], [ -77.863029, 42.398655 ], [ -77.846947, 42.399162 ], [ -77.825188, 42.398003 ], [ -77.808532, 42.393996 ], [ -77.783532, 42.390251 ], [ -77.761107, 42.397268 ], [ -77.75685, 42.404665 ], [ -77.753021, 42.411315 ], [ -77.75742, 42.419726 ], [ -77.761434, 42.434202 ], [ -77.756847, 42.448967 ], [ -77.750013, 42.457127 ], [ -77.719895, 42.466942 ], [ -77.709983, 42.467243 ], [ -77.689392, 42.465111 ], [ -77.679077, 42.458069 ], [ -77.668667, 42.448723 ], [ -77.646874, 42.447548 ], [ -77.620186, 42.447422 ], [ -77.606077, 42.450596 ], [ -77.596793, 42.465258 ], [ -77.57056, 42.479655 ], [ -77.557161, 42.485086 ], [ -77.553081, 42.495857 ], [ -77.55569, 42.511424 ], [ -77.55949, 42.531336 ], [ -77.554923, 42.543373 ], [ -77.555054, 42.560479 ], [ -77.557355, 42.56888 ], [ -77.555946, 42.581589 ], [ -77.554046, 42.592667 ], [ -77.547065, 42.613533 ], [ -77.549514, 42.624485 ], [ -77.550071, 42.635033 ], [ -77.548432, 42.63921 ], [ -77.548203, 42.646568 ], [ -77.542503, 42.656393 ], [ -77.53019, 42.659027 ], [ -77.519486, 42.656578 ], [ -77.510544, 42.652237 ], [ -77.492623, 42.642198 ], [ -77.492602, 42.642187 ], [ -77.492618, 42.642169 ], [ -77.502036, 42.632275 ], [ -77.500916, 42.622666 ], [ -77.497696, 42.606704 ], [ -77.475701, 42.589854 ], [ -77.455037, 42.576842 ], [ -77.450939, 42.57426 ], [ -77.449594, 42.573413 ], [ -77.44821, 42.572541 ], [ -77.448086, 42.572424 ], [ -77.419732, 42.545448 ], [ -77.406605, 42.535203 ], [ -77.386735, 42.535173 ], [ -77.344344, 42.554369 ], [ -77.315707, 42.564803 ], [ -77.285795, 42.585902 ], [ -77.282764, 42.58887 ], [ -77.268092, 42.603224 ], [ -77.264491, 42.606746 ], [ -77.248007, 42.610136 ], [ -77.234842, 42.607381 ], [ -77.225415, 42.59604 ], [ -77.223833, 42.594137 ], [ -77.222966, 42.589067 ], [ -77.220921, 42.577117 ], [ -77.229121, 42.558323 ], [ -77.233366, 42.544855 ], [ -77.227478, 42.530631 ], [ -77.215359, 42.517835 ], [ -77.21074, 42.505243 ], [ -77.214736, 42.492073 ], [ -77.21776, 42.482102 ], [ -77.235231, 42.468674 ], [ -77.249484, 42.458672 ], [ -77.270736, 42.450134 ], [ -77.284492, 42.441392 ], [ -77.299994, 42.433015 ], [ -77.300106, 42.432862 ], [ -77.313871, 42.414043 ], [ -77.324238, 42.394338 ], [ -77.326598, 42.383212 ], [ -77.319968, 42.370891 ], [ -77.297913, 42.359497 ], [ -77.295517, 42.358258 ], [ -77.274048, 42.355129 ], [ -77.262641, 42.360258 ], [ -77.251284, 42.370181 ], [ -77.246702, 42.371018 ], [ -77.239093, 42.372409 ], [ -77.225491, 42.370921 ], [ -77.210627, 42.367799 ], [ -77.18755, 42.378672 ], [ -77.17561, 42.394219 ], [ -77.157246, 42.418106 ], [ -77.144995, 42.425066 ], [ -77.122112, 42.438057 ], [ -77.074239, 42.444368 ], [ -77.033255, 42.437754 ], [ -77.008312, 42.421527 ], [ -77.00171, 42.404395 ], [ -77.003159, 42.378709 ], [ -77.000128, 42.35481 ], [ -76.991261, 42.333776 ], [ -76.980855, 42.324041 ], [ -76.971217, 42.317844 ], [ -76.964967, 42.313825 ], [ -76.945103, 42.304126 ], [ -76.934391, 42.296438 ], [ -76.928843, 42.292455 ], [ -76.92352, 42.276955 ], [ -76.913348, 42.261789 ], [ -76.90397, 42.254315 ], [ -76.884757, 42.245425 ], [ -76.871704, 42.217365 ], [ -76.868324, 42.210552 ], [ -76.859718, 42.196968 ], [ -76.848877, 42.188957 ], [ -76.833199, 42.18335 ], [ -76.822746, 42.184509 ], [ -76.811211, 42.189373 ], [ -76.805267, 42.195019 ], [ -76.796562, 42.208542 ], [ -76.789688, 42.221561 ], [ -76.787056, 42.232643 ], [ -76.780342, 42.249798 ], [ -76.777633, 42.259041 ], [ -76.764915, 42.280918 ], [ -76.759545, 42.285637 ], [ -76.753082, 42.294044 ], [ -76.746604, 42.301998 ], [ -76.741882, 42.307617 ], [ -76.738434, 42.314121 ], [ -76.733238, 42.323425 ], [ -76.732116, 42.32621 ], [ -76.7323, 42.330795 ], [ -76.734306, 42.334423 ], [ -76.739556, 42.341656 ], [ -76.74289, 42.347553 ], [ -76.744972, 42.353016 ], [ -76.748474, 42.363045 ], [ -76.752389, 42.368008 ], [ -76.750854, 42.375847 ], [ -76.748581, 42.380955 ], [ -76.738702, 42.389344 ], [ -76.729977, 42.392263 ], [ -76.725231, 42.399957 ], [ -76.722145, 42.404956 ], [ -76.712684, 42.411365 ], [ -76.706008, 42.415886 ], [ -76.697013, 42.423435 ], [ -76.686003, 42.426895 ], [ -76.680916, 42.423786 ], [ -76.677009, 42.419277 ], [ -76.674354, 42.414745 ], [ -76.67215, 42.406067 ], [ -76.672439, 42.397789 ], [ -76.670968, 42.39185 ], [ -76.66825, 42.385944 ], [ -76.660351, 42.376606 ], [ -76.649111, 42.36186 ], [ -76.646724, 42.346284 ], [ -76.648331, 42.334992 ], [ -76.640096, 42.327054 ], [ -76.624169, 42.322394 ], [ -76.622271, 42.321838 ], [ -76.601574, 42.308884 ], [ -76.597216, 42.306155 ], [ -76.570305, 42.297595 ], [ -76.546264, 42.293757 ], [ -76.542913, 42.293868 ], [ -76.530938, 42.294265 ], [ -76.527081, 42.294392 ], [ -76.5125, 42.300133 ], [ -76.510073, 42.301088 ], [ -76.506895, 42.302339 ], [ -76.506256, 42.303419 ], [ -76.493599, 42.324825 ], [ -76.492539, 42.326617 ], [ -76.492748, 42.335961 ], [ -76.492892, 42.342446 ], [ -76.488425, 42.346236 ], [ -76.480035, 42.353352 ], [ -76.465193, 42.354922 ], [ -76.449499, 42.346715 ], [ -76.437667, 42.340716 ], [ -76.410961, 42.350656 ], [ -76.391551, 42.356756 ], [ -76.390367, 42.357128 ], [ -76.374397, 42.359126 ], [ -76.372535, 42.354854 ], [ -76.371427, 42.352311 ], [ -76.36408, 42.349337 ], [ -76.352625, 42.34478 ], [ -76.342776, 42.353038 ], [ -76.338364, 42.356737 ], [ -76.325085, 42.370964 ], [ -76.317863, 42.396109 ], [ -76.309376, 42.412812 ], [ -76.304384, 42.422627 ], [ -76.287838, 42.435454 ], [ -76.272436, 42.443048 ], [ -76.245706, 42.443359 ], [ -76.222325, 42.44714 ], [ -76.210769, 42.456942 ], [ -76.194555, 42.471204 ], [ -76.183353, 42.482453 ], [ -76.179412, 42.498001 ], [ -76.180176, 42.502583 ], [ -76.182884, 42.509418 ], [ -76.183738, 42.516754 ], [ -76.178925, 42.521427 ], [ -76.178528, 42.528324 ], [ -76.179421, 42.536571 ], [ -76.179442, 42.536796 ], [ -76.188181, 42.541098 ], [ -76.208946, 42.541542 ], [ -76.21893, 42.545103 ], [ -76.230599, 42.558628 ], [ -76.232311, 42.574976 ], [ -76.23295, 42.581079 ], [ -76.232929, 42.602325 ], [ -76.221599, 42.62795 ], [ -76.224452, 42.64914 ], [ -76.242344, 42.67088 ], [ -76.252681, 42.68068 ], [ -76.259259, 42.690344 ], [ -76.261822, 42.700501 ], [ -76.25726, 42.707045 ], [ -76.244185, 42.711043 ], [ -76.229829, 42.718187 ], [ -76.223726, 42.728507 ], [ -76.227928, 42.736967 ], [ -76.224928, 42.751394 ], [ -76.216847, 42.757168 ], [ -76.194984, 42.75924 ], [ -76.186102, 42.766055 ], [ -76.178298, 42.772042 ], [ -76.177194, 42.774318 ], [ -76.172285, 42.784438 ], [ -76.173652, 42.793349 ], [ -76.163867, 42.804917 ], [ -76.15387, 42.80463 ], [ -76.132591, 42.801788 ], [ -76.123985, 42.805607 ], [ -76.103865, 42.792741 ], [ -76.093997, 42.774798 ], [ -76.071602, 42.766441 ], [ -76.054628, 42.768191 ], [ -76.04534, 42.779177 ], [ -76.030368, 42.79234 ], [ -76.019776, 42.806468 ], [ -76.029108, 42.825675 ], [ -76.030485, 42.847931 ], [ -76.021939, 42.868686 ], [ -76.01222, 42.871347 ], [ -75.991828, 42.867927 ], [ -75.969979, 42.867363 ], [ -75.965599, 42.866974 ], [ -75.944839, 42.860878 ], [ -75.938438, 42.855011 ], [ -75.932663, 42.849598 ], [ -75.930686, 42.845958 ], [ -75.922707, 42.828644 ], [ -75.917229, 42.811745 ], [ -75.903838, 42.800945 ], [ -75.896346, 42.800598 ], [ -75.890144, 42.801609 ], [ -75.883316, 42.802635 ], [ -75.873542, 42.809669 ], [ -75.864896, 42.817485 ], [ -75.855274, 42.822211 ], [ -75.845348, 42.824582 ], [ -75.840385, 42.825767 ], [ -75.828328, 42.83065 ], [ -75.818498, 42.834629 ], [ -75.796958, 42.844938 ], [ -75.771344, 42.841979 ], [ -75.749241, 42.839797 ], [ -75.736618, 42.842473 ], [ -75.733474, 42.85001 ], [ -75.73752, 42.856406 ], [ -75.73834, 42.867205 ], [ -75.737372, 42.870281 ], [ -75.73702, 42.871398 ], [ -75.733098, 42.887688 ], [ -75.73856, 42.897609 ], [ -75.741285, 42.902559 ], [ -75.739558, 42.907201 ], [ -75.73908, 42.908488 ], [ -75.733502, 42.923481 ], [ -75.727096, 42.927368 ], [ -75.721918, 42.93051 ], [ -75.70507, 42.937271 ], [ -75.698827, 42.939775 ], [ -75.678887, 42.941502 ], [ -75.66325, 42.935259 ], [ -75.647704, 42.924226 ], [ -75.633685, 42.914305 ], [ -75.63067, 42.912171 ], [ -75.610932, 42.904686 ], [ -75.591487, 42.900342 ], [ -75.584059, 42.903852 ], [ -75.578533, 42.90648 ], [ -75.578514, 42.906484 ], [ -75.576434, 42.906947 ], [ -75.57418, 42.907451 ], [ -75.571816, 42.912991 ], [ -75.570824, 42.924015 ], [ -75.569869, 42.936413 ], [ -75.567746, 42.952042 ], [ -75.561547, 42.954414 ], [ -75.555939, 42.954945 ], [ -75.542106, 42.951443 ], [ -75.521401, 42.947117 ], [ -75.504494, 42.945026 ], [ -75.497017, 42.946037 ], [ -75.490257, 42.950707 ], [ -75.478638, 42.961853 ], [ -75.470123, 42.972507 ], [ -75.465454, 42.987247 ], [ -75.463938, 43.004088 ], [ -75.463413, 43.009922 ], [ -75.460488, 43.039499 ], [ -75.459449, 43.057819 ], [ -75.470139, 43.071222 ], [ -75.486087, 43.092678 ], [ -75.501671, 43.152866 ], [ -75.507093, 43.169779 ], [ -75.501564, 43.1758 ], [ -75.49102, 43.180511 ], [ -75.475418, 43.183449 ], [ -75.459175, 43.185932 ], [ -75.451789, 43.191982 ], [ -75.443786, 43.198955 ], [ -75.443977, 43.207668 ], [ -75.445617, 43.225533 ], [ -75.447938, 43.245224 ], [ -75.453926, 43.261211 ], [ -75.464455, 43.283096 ], [ -75.474114, 43.294449 ], [ -75.485062, 43.306698 ], [ -75.489784, 43.321316 ], [ -75.482544, 43.33424 ], [ -75.472069, 43.343536 ], [ -75.46416, 43.355558 ], [ -75.474282, 43.358181 ], [ -75.485596, 43.358505 ], [ -75.506355, 43.359631 ], [ -75.517807, 43.365452 ], [ -75.521927, 43.380535 ], [ -75.530755, 43.408852 ], [ -75.529251, 43.425377 ], [ -75.510396, 43.447946 ], [ -75.494814, 43.461642 ], [ -75.485728, 43.485041 ], [ -75.485184, 43.502105 ], [ -75.470955, 43.520054 ], [ -75.467628, 43.511845 ], [ -75.459054, 43.494526 ], [ -75.453064, 43.479927 ], [ -75.452088, 43.46389 ], [ -75.44368, 43.453446 ], [ -75.42839, 43.444916 ], [ -75.414338, 43.434986 ], [ -75.409867, 43.431828 ], [ -75.401115, 43.434677 ], [ -75.395516, 43.437485 ], [ -75.383072, 43.444046 ], [ -75.375641, 43.449631 ], [ -75.370643, 43.451523 ], [ -75.361855, 43.45253 ], [ -75.352424, 43.453094 ], [ -75.341668, 43.450005 ], [ -75.33023, 43.444622 ], [ -75.318131, 43.437416 ], [ -75.292045, 43.422562 ], [ -75.271728, 43.412681 ], [ -75.256492, 43.405044 ], [ -75.246971, 43.400555 ], [ -75.228073, 43.398449 ], [ -75.216057, 43.394901 ], [ -75.212158, 43.387604 ], [ -75.208344, 43.385349 ], [ -75.191758, 43.371754 ], [ -75.18663, 43.366295 ], [ -75.184014, 43.360359 ], [ -75.180069, 43.350769 ], [ -75.176126, 43.34071 ], [ -75.168564, 43.339874 ], [ -75.161033, 43.33995 ], [ -75.14853, 43.343731 ], [ -75.136039, 43.347511 ], [ -75.119179, 43.353626 ], [ -75.096023, 43.359791 ], [ -75.071648, 43.367798 ], [ -75.054749, 43.37207 ], [ -75.036507, 43.371307 ], [ -75.032105, 43.370884 ], [ -75.0233, 43.370499 ], [ -75.015122, 43.369648 ], [ -75.000679, 43.370686 ], [ -74.986274, 43.374004 ], [ -74.971221, 43.375957 ], [ -74.956246, 43.383412 ], [ -74.941315, 43.394528 ], [ -74.932014, 43.403767 ], [ -74.918282, 43.410744 ], [ -74.903252, 43.41544 ], [ -74.891999, 43.420101 ], [ -74.88453, 43.426121 ], [ -74.878983, 43.434868 ], [ -74.875327, 43.443603 ], [ -74.875036, 43.465499 ], [ -74.865425, 43.478438 ], [ -74.852608, 43.481 ], [ -74.841449, 43.479809 ], [ -74.832603, 43.488792 ], [ -74.831873, 43.491386 ], [ -74.829476, 43.499899 ], [ -74.827503, 43.506902 ], [ -74.829606, 43.510751 ], [ -74.831912, 43.514973 ], [ -74.833959, 43.518719 ], [ -74.854353, 43.525476 ], [ -74.861537, 43.53126 ], [ -74.857, 43.537104 ], [ -74.841792, 43.538428 ], [ -74.84144, 43.538543 ], [ -74.826966, 43.543282 ], [ -74.816283, 43.549777 ], [ -74.80567, 43.55157 ], [ -74.797306, 43.552983 ], [ -74.76124, 43.552933 ], [ -74.754377, 43.563206 ], [ -74.752467, 43.566065 ], [ -74.737166, 43.576311 ], [ -74.721484, 43.583023 ], [ -74.705931, 43.582874 ], [ -74.679727, 43.581832 ], [ -74.677155, 43.581729 ], [ -74.658855, 43.589896 ], [ -74.654879, 43.593661 ], [ -74.641896, 43.605952 ], [ -74.613553, 43.62557 ], [ -74.598769, 43.634546 ], [ -74.578231, 43.635523 ], [ -74.578171, 43.635544 ], [ -74.570587, 43.634666 ], [ -74.554441, 43.635277 ], [ -74.548694, 43.641524 ], [ -74.548604, 43.642541 ], [ -74.547976, 43.64963 ], [ -74.545935, 43.665011 ], [ -74.539943, 43.673959 ], [ -74.531414, 43.688522 ], [ -74.526586, 43.699212 ], [ -74.52606, 43.700376 ], [ -74.526827, 43.709517 ], [ -74.529123, 43.721773 ], [ -74.528062, 43.724619 ], [ -74.520898, 43.733379 ], [ -74.520888, 43.733391 ], [ -74.50769, 43.741699 ], [ -74.502678, 43.747215 ], [ -74.498337, 43.758686 ], [ -74.497117, 43.764187 ], [ -74.497795, 43.770145 ], [ -74.506684, 43.774231 ], [ -74.513024, 43.777416 ], [ -74.514953, 43.780613 ], [ -74.512451, 43.784748 ], [ -74.503616, 43.787071 ], [ -74.497933, 43.788014 ], [ -74.480232, 43.788536 ], [ -74.470733, 43.787655 ], [ -74.463158, 43.789063 ], [ -74.460027, 43.794568 ], [ -74.46281, 43.811845 ], [ -74.46101, 43.826599 ], [ -74.448626, 43.843026 ], [ -74.445858, 43.844271 ], [ -74.426397, 43.853019 ], [ -74.401096, 43.874021 ], [ -74.390038, 43.883168 ], [ -74.376657, 43.890084 ], [ -74.37073, 43.893147 ], [ -74.352173, 43.89502 ], [ -74.334281, 43.901876 ], [ -74.330115, 43.904718 ], [ -74.319968, 43.911638 ], [ -74.306319, 43.923305 ], [ -74.301262, 43.927445 ], [ -74.299405, 43.93185 ], [ -74.300499, 43.932613 ], [ -74.312338, 43.934694 ], [ -74.332084, 43.932413 ], [ -74.35897, 43.933867 ], [ -74.369838, 43.936837 ], [ -74.379913, 43.93959 ], [ -74.385018, 43.944153 ], [ -74.385704, 43.954231 ], [ -74.384499, 43.963852 ], [ -74.385826, 43.97438 ], [ -74.385231, 43.980793 ], [ -74.382729, 43.986302 ], [ -74.378944, 43.989971 ], [ -74.37326, 43.995026 ], [ -74.368233, 44.003288 ], [ -74.363822, 44.009254 ], [ -74.358124, 44.011101 ], [ -74.349891, 44.013878 ], [ -74.334001, 44.022569 ], [ -74.327663, 44.0342 ], [ -74.327188, 44.035232 ], [ -74.32049, 44.049778 ], [ -74.311402, 44.061142 ], [ -74.30571, 44.064823 ], [ -74.29428, 44.065307 ], [ -74.280945, 44.065792 ], [ -74.268883, 44.066277 ], [ -74.259986, 44.065384 ], [ -74.253624, 44.062649 ], [ -74.24662, 44.058544 ], [ -74.242173, 44.056263 ], [ -74.22628, 44.05125 ], [ -74.216393, 44.046863 ], [ -74.195466, 44.034295 ], [ -74.183709, 44.040508 ], [ -74.16163, 44.049817 ], [ -74.159519, 44.051068 ], [ -74.146448, 44.05881 ], [ -74.141862, 44.068775 ], [ -74.136802, 44.077942 ], [ -74.134277, 44.08527 ], [ -74.133644, 44.08847 ], [ -74.128416, 44.097935 ], [ -74.112211, 44.103082 ], [ -74.112182, 44.103091 ], [ -74.087722, 44.115285 ], [ -74.07452, 44.12875 ], [ -74.068381, 44.137663 ], [ -74.062863, 44.152361 ], [ -74.060013, 44.154007 ], [ -74.054291, 44.15538 ], [ -74.050355, 44.155601 ], [ -74.046033, 44.155843 ], [ -74.035055, 44.156049 ], [ -74.030979, 44.164758 ], [ -74.036397, 44.174327 ], [ -74.048039, 44.183292 ], [ -74.054026, 44.185901 ], [ -74.063096, 44.189854 ], [ -74.065307, 44.190817 ], [ -74.087018, 44.197314 ], [ -74.107147, 44.197006 ], [ -74.12193, 44.188262 ], [ -74.136758, 44.188295 ], [ -74.157337, 44.199344 ], [ -74.16871, 44.20892 ], [ -74.181893, 44.220989 ], [ -74.182892, 44.221699 ], [ -74.198257, 44.232605 ], [ -74.202776, 44.233956 ], [ -74.215205, 44.228105 ], [ -74.238975, 44.2243 ], [ -74.267046, 44.220899 ], [ -74.27957, 44.225896 ], [ -74.28087, 44.227167 ], [ -74.289783, 44.235874 ], [ -74.299605, 44.238166 ], [ -74.321005, 44.235604 ], [ -74.328939, 44.234652 ], [ -74.340577, 44.239434 ], [ -74.3412, 44.241949 ], [ -74.344028, 44.253352 ], [ -74.348606, 44.262701 ], [ -74.363648, 44.277245 ], [ -74.373508, 44.281608 ], [ -74.385069, 44.280154 ], [ -74.395996, 44.275791 ], [ -74.401415, 44.277995 ], [ -74.411826, 44.282227 ], [ -74.43213, 44.289698 ], [ -74.458504, 44.305471 ], [ -74.466136, 44.318969 ], [ -74.466422, 44.335822 ], [ -74.46006, 44.339504 ], [ -74.458554, 44.340707 ], [ -74.451329, 44.342453 ], [ -74.434765, 44.348278 ], [ -74.429863, 44.358874 ], [ -74.420511, 44.370509 ], [ -74.412686, 44.373257 ], [ -74.402751, 44.376744 ], [ -74.378926, 44.374667 ], [ -74.365991, 44.371663 ], [ -74.329702, 44.363226 ], [ -74.313672, 44.365709 ], [ -74.310233, 44.371527 ], [ -74.304344, 44.381487 ], [ -74.295541, 44.391865 ], [ -74.283057, 44.393099 ], [ -74.276187, 44.392134 ], [ -74.260704, 44.389959 ], [ -74.236696, 44.398858 ], [ -74.218762, 44.420222 ], [ -74.206861, 44.433096 ], [ -74.206686, 44.433285 ], [ -74.206288, 44.433353 ], [ -74.186104, 44.436764 ], [ -74.173332, 44.441361 ], [ -74.168877, 44.447769 ], [ -74.17465, 44.457383 ], [ -74.188087, 44.458725 ], [ -74.193848, 44.462833 ], [ -74.20285, 44.482494 ], [ -74.213799, 44.506729 ], [ -74.22026, 44.526852 ], [ -74.217743, 44.539665 ], [ -74.21768, 44.539723 ], [ -74.198857, 44.54957 ], [ -74.194759, 44.558284 ], [ -74.184944, 44.56221 ], [ -74.172108, 44.561975 ], [ -74.15268, 44.558816 ], [ -74.129699, 44.558967 ], [ -74.118315, 44.553538 ], [ -74.101923, 44.556608 ], [ -74.084132, 44.573168 ], [ -74.076084, 44.575949 ], [ -74.056725, 44.582634 ], [ -74.049653, 44.597561 ], [ -74.046982, 44.603727 ], [ -74.040128, 44.619537 ], [ -74.039048, 44.622027 ], [ -74.035984, 44.624194 ], [ -74.023933, 44.632713 ], [ -74.0092, 44.635006 ], [ -73.999595, 44.635921 ], [ -73.973392, 44.640467 ], [ -73.957287, 44.64912 ], [ -73.936711, 44.662942 ], [ -73.928444, 44.666354 ], [ -73.914313, 44.672183 ], [ -73.894304, 44.682676 ], [ -73.886257, 44.693225 ], [ -73.877285, 44.695257 ], [ -73.875831, 44.696966 ], [ -73.870423, 44.703319 ], [ -73.871055, 44.716608 ], [ -73.871277, 44.729618 ], [ -73.870614, 44.739223 ], [ -73.870605, 44.746998 ], [ -73.86995, 44.751568 ], [ -73.866082, 44.758888 ], [ -73.862869, 44.762085 ], [ -73.857086, 44.765736 ], [ -73.852577, 44.770302 ], [ -73.850648, 44.774418 ], [ -73.854477, 44.781738 ], [ -73.864723, 44.796837 ], [ -73.871773, 44.803707 ], [ -73.876908, 44.805996 ], [ -73.882691, 44.806919 ], [ -73.904838, 44.806875 ], [ -73.927621, 44.805322 ], [ -73.949211, 44.80625 ], [ -73.966941, 44.817331 ], [ -73.976296, 44.833357 ], [ -73.969156, 44.850351 ], [ -73.95904, 44.861016 ], [ -73.950912, 44.869579 ], [ -73.949158, 44.885765 ], [ -73.948889, 44.896767 ], [ -73.938701, 44.90544 ], [ -73.916181, 44.908447 ], [ -73.895619, 44.90924 ], [ -73.873229, 44.9101 ], [ -73.825172, 44.924369 ], [ -73.799495, 44.930071 ], [ -73.767771, 44.937106 ], [ -73.747628, 44.941338 ], [ -73.717504, 44.942003 ], [ -73.710571, 44.943348 ], [ -73.685432, 44.950607 ], [ -73.678979, 44.953793 ], [ -73.663853, 44.961233 ], [ -73.649708, 44.969879 ], [ -73.636264, 44.983677 ], [ -73.621211, 44.996354 ], [ -73.6064, 45.005178 ], [ -73.599239, 45.037425 ], [ -73.598543, 45.05059 ], [ -73.592901, 45.061301 ], [ -73.572236, 45.068539 ], [ -73.567996, 45.085255 ], [ -73.570906, 45.098235 ], [ -73.572469, 45.111305 ], [ -73.557266, 45.150447 ], [ -73.545398, 45.159087 ], [ -73.526376, 45.163119 ], [ -73.515199, 45.172939 ], [ -73.507639, 45.185544 ], [ -73.498398, 45.19767 ], [ -73.486442, 45.207275 ], [ -73.466822, 45.207672 ], [ -73.451792, 45.212911 ], [ -73.443332, 45.225267 ], [ -73.43331, 45.236874 ], [ -73.42181, 45.247625 ], [ -73.417391, 45.259968 ], [ -73.418563, 45.273524 ], [ -73.423537, 45.300186 ], [ -73.417437, 45.312166 ], [ -73.407223, 45.323611 ], [ -73.40538, 45.336664 ], [ -73.406573, 45.350144 ], [ -73.408212, 45.36345 ], [ -73.411863, 45.376462 ], [ -73.427875, 45.40053 ], [ -73.431751, 45.413955 ], [ -73.430401, 45.426948 ], [ -73.407551, 45.44814 ], [ -73.402915, 45.488362 ], [ -73.405964, 45.500648 ], [ -73.418166, 45.511083 ], [ -73.429019, 45.522244 ], [ -73.437294, 45.534664 ], [ -73.438176, 45.547576 ], [ -73.431846, 45.560986 ], [ -73.418921, 45.568768 ], [ -73.398993, 45.570674 ], [ -73.380768, 45.575187 ], [ -73.3641, 45.581503 ], [ -73.352074, 45.591519 ], [ -73.344063, 45.603911 ], [ -73.340987, 45.616849 ], [ -73.340289, 45.630322 ], [ -73.337972, 45.643537 ], [ -73.334895, 45.656666 ], [ -73.321099, 45.695943 ], [ -73.319899, 45.708951 ], [ -73.331473, 45.719708 ], [ -73.349573, 45.722472 ], [ -73.369111, 45.719904 ], [ -73.383801, 45.712272 ], [ -73.396078, 45.701527 ], [ -73.412217, 45.695077 ], [ -73.436241, 45.691353 ], [ -73.457681, 45.695263 ], [ -73.451142, 45.709208 ], [ -73.447608, 45.714123 ], [ -73.432226, 45.732048 ], [ -73.406638, 45.755462 ], [ -73.388357, 45.774857 ], [ -73.366866, 45.796366 ], [ -73.333986, 45.815165 ], [ -73.301018, 45.838256 ], [ -73.275699, 45.856689 ], [ -73.254119, 45.878172 ], [ -73.239518, 45.898441 ], [ -73.22925, 45.924784 ], [ -73.214549, 45.94935 ], [ -73.195312, 45.966979 ], [ -73.171669, 46.001059 ], [ -73.155194, 46.040418 ], [ -73.142669, 46.048869 ], [ -73.131363, 46.051741 ], [ -73.128212, 46.049817 ], [ -73.12379, 46.048233 ], [ -73.119152, 46.048895 ], [ -73.108888, 46.036109 ], [ -73.117536, 46.015606 ], [ -73.120986, 46.002644 ], [ -73.113574, 45.99294 ], [ -73.092811, 45.987317 ], [ -73.089293, 45.977457 ], [ -73.134537, 45.914804 ], [ -73.126138, 45.910122 ], [ -73.08552, 45.916083 ], [ -73.070522, 45.910032 ], [ -73.058286, 45.898783 ], [ -73.039478, 45.875519 ], [ -73.027159, 45.865462 ], [ -72.999612, 45.846409 ], [ -72.987578, 45.836199 ], [ -72.985309, 45.823012 ], [ -72.994083, 45.811646 ], [ -73.010001, 45.803831 ], [ -73.024495, 45.795019 ], [ -73.037097, 45.784997 ], [ -73.048437, 45.77433 ], [ -73.077466, 45.739857 ], [ -73.083459, 45.71359 ], [ -73.092484, 45.70202 ], [ -73.10295, 45.690791 ], [ -73.108591, 45.678176 ], [ -73.116082, 45.650539 ], [ -73.116871, 45.637961 ], [ -73.101054, 45.631154 ], [ -73.07898, 45.640591 ], [ -73.045128, 45.63127 ], [ -73.04049, 45.626417 ], [ -73.059164, 45.593985 ], [ -73.047369, 45.579327 ], [ -73.044379, 45.551649 ], [ -73.051676, 45.525269 ], [ -73.056829, 45.498891 ], [ -73.056594, 45.485658 ], [ -73.053959, 45.472439 ], [ -73.055226, 45.459243 ], [ -73.061022, 45.432842 ], [ -73.065147, 45.419927 ], [ -73.072619, 45.407704 ], [ -73.082391, 45.396284 ], [ -73.095971, 45.386679 ], [ -73.107256, 45.376484 ], [ -73.110438, 45.363474 ], [ -73.110387, 45.309725 ], [ -73.106511, 45.297252 ], [ -73.093337, 45.286967 ], [ -73.08827, 45.274965 ], [ -73.092661, 45.26086 ], [ -73.085599, 45.250297 ], [ -73.068442, 45.250265 ], [ -73.065324, 45.26432 ], [ -73.05657, 45.275276 ], [ -73.03734, 45.27963 ], [ -73.020094, 45.276909 ], [ -73.00566, 45.267318 ], [ -72.988642, 45.262466 ], [ -72.968939, 45.26257 ], [ -72.953602, 45.25702 ], [ -72.923093, 45.222307 ], [ -72.906488, 45.21844 ], [ -72.886833, 45.217697 ], [ -72.870011, 45.212151 ], [ -72.854416, 45.204472 ], [ -72.839819, 45.196011 ], [ -72.824109, 45.188694 ], [ -72.80385, 45.185091 ], [ -72.802214, 45.175621 ], [ -72.811737, 45.162395 ], [ -72.814752, 45.149243 ], [ -72.814193, 45.135848 ], [ -72.81825, 45.122196 ], [ -72.824062, 45.10902 ], [ -72.81222, 45.103137 ], [ -72.795131, 45.109158 ], [ -72.782504, 45.119821 ], [ -72.76401, 45.119458 ], [ -72.757284, 45.10752 ], [ -72.757203, 45.092829 ], [ -72.744472, 45.090982 ], [ -72.725275, 45.098634 ], [ -72.716277, 45.109738 ], [ -72.713561, 45.123443 ], [ -72.7191, 45.138267 ], [ -72.71216, 45.145027 ], [ -72.691392, 45.143555 ], [ -72.672637, 45.140149 ], [ -72.63782, 45.129856 ], [ -72.619967, 45.126062 ], [ -72.601111, 45.12524 ], [ -72.58276, 45.123162 ], [ -72.565541, 45.117868 ], [ -72.54917, 45.111193 ], [ -72.534052, 45.10219 ], [ -72.517961, 45.098004 ], [ -72.499579, 45.102476 ], [ -72.484287, 45.110158 ], [ -72.458972, 45.130258 ], [ -72.449361, 45.141446 ], [ -72.44668, 45.168579 ], [ -72.44232, 45.180792 ], [ -72.423173, 45.177947 ], [ -72.405695, 45.176581 ], [ -72.402039, 45.188669 ], [ -72.397059, 45.216761 ], [ -72.400139, 45.229057 ], [ -72.412192, 45.239932 ], [ -72.416641, 45.253162 ], [ -72.41503, 45.266835 ], [ -72.402412, 45.274106 ], [ -72.382649, 45.277842 ], [ -72.363572, 45.283638 ], [ -72.349447, 45.291032 ], [ -72.355162, 45.302053 ], [ -72.366026, 45.314567 ], [ -72.374862, 45.327529 ], [ -72.374026, 45.339119 ], [ -72.360527, 45.349123 ], [ -72.343778, 45.355847 ], [ -72.324307, 45.357643 ], [ -72.309262, 45.363927 ], [ -72.299664, 45.375888 ], [ -72.286944, 45.386496 ], [ -72.272277, 45.393833 ], [ -72.258375, 45.386374 ], [ -72.26653, 45.374021 ], [ -72.269712, 45.36107 ], [ -72.264008, 45.348085 ], [ -72.244391, 45.325302 ], [ -72.250947, 45.313493 ], [ -72.260552, 45.301447 ], [ -72.275378, 45.277023 ], [ -72.282452, 45.264714 ], [ -72.294121, 45.239444 ], [ -72.30803, 45.23073 ], [ -72.324342, 45.223188 ], [ -72.33919, 45.215277 ], [ -72.339076, 45.202591 ], [ -72.342765, 45.175958 ], [ -72.341325, 45.162914 ], [ -72.331674, 45.136928 ], [ -72.328851, 45.124002 ], [ -72.334228, 45.11121 ], [ -72.337809, 45.098281 ], [ -72.335834, 45.084466 ], [ -72.327533, 45.073402 ], [ -72.309978, 45.067245 ], [ -72.297019, 45.058505 ], [ -72.2915, 45.045531 ], [ -72.290319, 45.032091 ], [ -72.281295, 45.020898 ], [ -72.276681, 45.012352 ], [ -72.270718, 45.002656 ], [ -72.275527, 44.99562 ], [ -72.277602, 44.990165 ], [ -72.279075, 44.983326 ], [ -72.279992, 44.973282 ], [ -72.280235, 44.964138 ], [ -72.27986, 44.954071 ], [ -72.28083, 44.941742 ], [ -72.28717, 44.921249 ], [ -72.290793, 44.90575 ], [ -72.291973, 44.896769 ], [ -72.301267, 44.885126 ], [ -72.319673, 44.874154 ], [ -72.331902, 44.865529 ], [ -72.339319, 44.851086 ], [ -72.340766, 44.848268 ], [ -72.352647, 44.827868 ], [ -72.357365, 44.815901 ], [ -72.364995, 44.80515 ], [ -72.388412, 44.784 ], [ -72.394309, 44.779499 ], [ -72.404785, 44.771397 ], [ -72.415886, 44.76376 ], [ -72.420518, 44.758328 ], [ -72.425933, 44.746506 ], [ -72.424781, 44.741001 ], [ -72.428122, 44.735557 ], [ -72.43138, 44.733764 ], [ -72.441683, 44.73253 ], [ -72.440629, 44.722901 ], [ -72.431329, 44.709519 ], [ -72.42196, 44.698887 ], [ -72.414558, 44.686897 ], [ -72.413009, 44.671322 ], [ -72.415428, 44.651226 ], [ -72.413139, 44.640217 ], [ -72.412773, 44.628769 ], [ -72.413596, 44.62146 ], [ -72.409972, 44.612266 ], [ -72.401239, 44.603009 ], [ -72.387392, 44.593228 ], [ -72.374047, 44.58894 ], [ -72.356775, 44.588711 ], [ -72.343141, 44.59586 ], [ -72.327281, 44.610661 ], [ -72.302993, 44.630049 ], [ -72.291557, 44.639171 ], [ -72.261461, 44.651075 ], [ -72.261154, 44.651076 ], [ -72.25011, 44.65111 ], [ -72.242361, 44.651133 ], [ -72.226981, 44.645308 ], [ -72.218926, 44.640353 ], [ -72.212419, 44.632379 ], [ -72.198007, 44.621921 ], [ -72.192772, 44.617428 ], [ -72.187621, 44.615704 ], [ -72.187633, 44.615733 ], [ -72.180771, 44.622538 ], [ -72.182588, 44.634824 ], [ -72.18041, 44.6461 ], [ -72.174801, 44.655264 ], [ -72.164407, 44.666157 ], [ -72.150819, 44.670533 ], [ -72.139259, 44.671276 ], [ -72.123887, 44.670594 ], [ -72.105845, 44.675171 ], [ -72.094382, 44.679075 ], [ -72.081728, 44.683381 ], [ -72.071868, 44.690222 ], [ -72.066203, 44.699936 ], [ -72.063958, 44.703784 ], [ -72.057629, 44.709029 ], [ -72.055044, 44.709458 ], [ -72.048725, 44.710506 ], [ -72.036163, 44.708564 ], [ -72.026862, 44.714299 ], [ -72.016929, 44.72982 ], [ -72.012763, 44.74028 ], [ -72.00927, 44.74937 ], [ -71.999314, 44.760193 ], [ -71.990139, 44.765512 ], [ -71.98655, 44.767591 ], [ -71.973919, 44.767495 ], [ -71.946586, 44.762561 ], [ -71.923753, 44.753956 ], [ -71.905998, 44.746803 ], [ -71.893203, 44.745674 ], [ -71.887338, 44.748322 ], [ -71.881948, 44.752486 ], [ -71.884477, 44.757427 ], [ -71.886161, 44.764778 ], [ -71.886011, 44.769348 ], [ -71.882623, 44.774784 ], [ -71.875335, 44.781521 ], [ -71.871391, 44.784199 ], [ -71.86161, 44.788608 ], [ -71.849893, 44.793446 ], [ -71.841392, 44.797878 ], [ -71.83554, 44.80006 ], [ -71.828888, 44.806816 ], [ -71.828815, 44.808961 ], [ -71.841233, 44.822113 ], [ -71.854574, 44.831181 ], [ -71.862781, 44.843248 ], [ -71.860578, 44.852659 ], [ -71.851939, 44.869154 ], [ -71.850182, 44.881172 ], [ -71.850636, 44.899365 ], [ -71.853639, 44.912884 ], [ -71.85096, 44.916038 ], [ -71.845711, 44.919147 ], [ -71.84182, 44.919994 ], [ -71.836716, 44.920603 ], [ -71.814181, 44.916866 ], [ -71.800517, 44.922104 ], [ -71.77768, 44.93216 ], [ -71.761466, 44.935535 ], [ -71.746568, 44.938019 ], [ -71.736078, 44.943321 ], [ -71.725699, 44.945423 ], [ -71.7173, 44.94619 ], [ -71.706971, 44.946918 ], [ -71.701018, 44.951385 ], [ -71.693086, 44.957188 ], [ -71.685295, 44.958874 ], [ -71.676284, 44.958713 ], [ -71.666038, 44.957153 ], [ -71.660213, 44.957956 ], [ -71.660662, 44.958644 ], [ -71.662651, 44.961666 ], [ -71.664468, 44.964898 ], [ -71.670609, 44.973244 ], [ -71.681237, 44.982125 ], [ -71.695008, 44.993347 ], [ -71.703719, 45.002189 ], [ -71.723234, 45.012539 ], [ -71.723234, 45.012539 ], [ -71.714848, 45.021578 ], [ -71.699209, 45.040777 ], [ -71.678217, 45.063846 ], [ -71.648265, 45.08312 ], [ -71.622766, 45.087808 ], [ -71.614434, 45.101394 ], [ -71.614775, 45.117208 ], [ -71.605911, 45.127663 ], [ -71.58793, 45.130533 ], [ -71.551349, 45.135359 ], [ -71.529485, 45.145463 ], [ -71.483705, 45.167382 ], [ -71.471268, 45.184406 ], [ -71.457921, 45.20719 ], [ -71.424521, 45.212058 ], [ -71.412545, 45.217959 ], [ -71.412149, 45.22685 ], [ -71.402105, 45.226825 ], [ -71.38616, 45.226784 ], [ -71.385789, 45.226783 ], [ -71.378426, 45.230233 ], [ -71.36517, 45.236442 ], [ -71.357783, 45.245454 ], [ -71.354807, 45.249503 ], [ -71.341385, 45.272268 ], [ -71.341163, 45.27249 ], [ -71.338764, 45.274879 ], [ -71.297359, 45.298479 ], [ -71.283842, 45.302437 ], [ -71.283842, 45.302437 ], [ -71.281241, 45.301142 ], [ -71.274218, 45.297647 ], [ -71.268673, 45.294886 ], [ -71.268232, 45.293477 ], [ -71.264409, 45.281252 ], [ -71.260692, 45.276687 ], [ -71.260692, 45.276687 ], [ -71.237519, 45.250572 ], [ -71.220256, 45.243833 ], [ -71.204711, 45.242038 ], [ -71.186846, 45.234385 ], [ -71.165081, 45.239965 ], [ -71.142205, 45.245509 ], [ -71.139806, 45.245439 ], [ -71.138777, 45.245409 ], [ -71.137217, 45.246323 ], [ -71.134186, 45.248101 ], [ -71.132999, 45.248797 ], [ -71.116515, 45.260305 ], [ -71.102045, 45.288793 ], [ -71.088081, 45.29415 ], [ -71.081486, 45.296163 ], [ -71.061584, 45.302233 ], [ -71.0394, 45.302434 ], [ -71.025798, 45.313135 ], [ -71.020654, 45.319375 ], [ -71.02024, 45.319877 ], [ -71.012562, 45.329186 ], [ -71.008272, 45.335835 ], [ -71.007952, 45.336058 ], [ -70.995501, 45.344727 ], [ -70.995413, 45.344788 ], [ -70.994098, 45.344475 ], [ -70.971885, 45.33918 ], [ -70.966146, 45.337811 ], [ -70.960851, 45.335762 ], [ -70.954812, 45.333424 ], [ -70.947774, 45.320455 ], [ -70.935705, 45.308274 ], [ -70.922437, 45.300282 ], [ -70.920179, 45.285664 ], [ -70.920179, 45.285664 ], [ -70.920019, 45.284628 ], [ -70.920167, 45.284246 ], [ -70.925315, 45.271003 ], [ -70.909401, 45.257807 ], [ -70.891869, 45.240714 ], [ -70.891869, 45.240714 ], [ -70.889567, 45.23953 ], [ -70.881792, 45.23553 ], [ -70.873807, 45.23318 ], [ -70.873806, 45.23318 ], [ -70.869043, 45.233353 ], [ -70.861703, 45.235069 ], [ -70.861691, 45.235072 ], [ -70.847535, 45.23838 ], [ -70.845065, 45.240116 ], [ -70.843078, 45.244472 ], [ -70.843976, 45.250331 ], [ -70.838658, 45.269959 ], [ -70.829312, 45.286869 ], [ -70.828151, 45.288969 ], [ -70.826694, 45.290233 ], [ -70.819208, 45.296727 ], [ -70.816065, 45.303595 ], [ -70.815745, 45.304294 ], [ -70.809333, 45.318299 ], [ -70.809333, 45.318305 ], [ -70.805153, 45.366478 ], [ -70.804605, 45.372774 ], [ -70.804604, 45.372784 ], [ -70.804605, 45.372785 ], [ -70.820112, 45.39426 ], [ -70.819583, 45.395006 ], [ -70.807528, 45.411993 ], [ -70.793717, 45.424881 ], [ -70.779461, 45.422623 ], [ -70.760977, 45.419998 ], [ -70.740713, 45.408632 ], [ -70.718077, 45.387616 ], [ -70.687918, 45.378128 ], [ -70.667652, 45.372756 ], [ -70.642402, 45.374327 ], [ -70.628696, 45.384973 ], [ -70.620409, 45.397809 ], [ -70.622025, 45.400532 ], [ -70.635254, 45.422801 ], [ -70.652169, 45.443426 ], [ -70.675195, 45.451849 ], [ -70.678979, 45.453232 ], [ -70.680415, 45.455347 ], [ -70.687031, 45.465088 ], [ -70.706072, 45.480649 ], [ -70.712812, 45.488444 ], [ -70.71299, 45.502022 ], [ -70.710075, 45.524194 ], [ -70.709488, 45.52865 ], [ -70.680725, 45.570217 ], [ -70.680725, 45.570217 ], [ -70.679728, 45.571201 ], [ -70.646574, 45.603858 ], [ -70.56162, 45.662774 ], [ -70.464893, 45.705869 ], [ -70.464893, 45.705869 ], [ -70.459702, 45.706801 ], [ -70.443208, 45.704704 ], [ -70.443208, 45.704704 ], [ -70.441418, 45.705111 ], [ -70.433764, 45.706851 ], [ -70.428645, 45.709348 ], [ -70.424068, 45.71158 ], [ -70.405418, 45.720673 ], [ -70.401211, 45.722722 ], [ -70.399419, 45.724585 ], [ -70.391594, 45.732717 ], [ -70.389993, 45.73438 ], [ -70.39101, 45.738991 ], [ -70.393822, 45.751744 ], [ -70.393823, 45.75175 ], [ -70.393984, 45.752477 ], [ -70.393984, 45.752477 ], [ -70.405716, 45.761423 ], [ -70.408315, 45.763405 ], [ -70.409382, 45.765937 ], [ -70.419157, 45.789126 ], [ -70.419157, 45.789127 ], [ -70.419139, 45.793359 ], [ -70.41586, 45.79611 ], [ -70.407091, 45.803464 ], [ -70.371552, 45.833236 ], [ -70.371546, 45.833241 ], [ -70.355875, 45.843956 ], [ -70.34628, 45.850512 ], [ -70.342617, 45.85149 ], [ -70.318398, 45.857947 ], [ -70.318397, 45.857947 ], [ -70.301469, 45.864298 ], [ -70.27313, 45.880891 ], [ -70.264485, 45.888086 ], [ -70.262224, 45.889968 ], [ -70.240205, 45.93898 ], [ -70.240205, 45.93898 ], [ -70.241015, 45.944464 ], [ -70.243286, 45.946789 ], [ -70.243286, 45.94679 ], [ -70.24408, 45.947153 ], [ -70.261443, 45.955093 ], [ -70.272947, 45.960352 ], [ -70.288916, 45.973395 ], [ -70.290139, 45.98879 ], [ -70.297448, 45.99604 ], [ -70.301569, 46.000127 ], [ -70.31473, 46.010416 ], [ -70.311888, 46.016522 ], [ -70.305367, 46.030524 ], [ -70.301831, 46.034408 ], [ -70.283827, 46.054169 ], [ -70.294633, 46.061859 ], [ -70.294633, 46.061859 ], [ -70.309637, 46.063587 ], [ -70.310366, 46.074054 ], [ -70.284709, 46.11601 ], [ -70.275869, 46.135837 ], [ -70.270203, 46.145505 ], [ -70.28347, 46.149873 ], [ -70.308759, 46.141233 ], [ -70.330207, 46.143559 ], [ -70.338239, 46.151242 ], [ -70.337959, 46.190586 ], [ -70.334492, 46.203606 ], [ -70.32818, 46.21642 ], [ -70.321224, 46.228992 ], [ -70.310365, 46.243071 ], [ -70.294497, 46.251575 ], [ -70.288116, 46.260718 ], [ -70.295609, 46.273115 ], [ -70.290295, 46.278832 ], [ -70.265619, 46.282368 ], [ -70.251867, 46.292706 ], [ -70.250391, 46.304817 ], [ -70.258129, 46.317989 ], [ -70.279421, 46.331354 ], [ -70.298837, 46.360892 ], [ -70.31931, 46.366627 ], [ -70.339428, 46.366276 ], [ -70.360117, 46.363447 ], [ -70.378174, 46.362214 ], [ -70.384934, 46.373973 ], [ -70.379355, 46.386735 ], [ -70.364511, 46.395937 ], [ -70.349809, 46.406527 ], [ -70.336673, 46.417905 ], [ -70.344427, 46.422964 ], [ -70.367631, 46.422987 ], [ -70.387777, 46.420512 ], [ -70.406525, 46.418735 ], [ -70.422106, 46.427145 ], [ -70.429583, 46.439383 ], [ -70.418234, 46.448955 ], [ -70.402758, 46.458736 ], [ -70.390607, 46.469304 ], [ -70.381301, 46.480827 ], [ -70.355921, 46.51572 ], [ -70.352991, 46.528242 ], [ -70.36043, 46.540752 ], [ -70.372754, 46.551257 ], [ -70.382372, 46.562786 ], [ -70.395534, 46.588724 ], [ -70.396162, 46.601187 ], [ -70.384171, 46.61168 ], [ -70.371169, 46.622195 ], [ -70.359888, 46.633225 ], [ -70.357042, 46.646143 ], [ -70.356409, 46.659545 ], [ -70.347159, 46.671641 ], [ -70.302114, 46.684955 ], [ -70.304074, 46.711078 ], [ -70.277702, 46.739511 ], [ -70.281248, 46.748885 ], [ -70.31229, 46.76272 ], [ -70.310815, 46.77191 ], [ -70.284526, 46.781674 ], [ -70.282481, 46.787618 ], [ -70.293586, 46.797654 ], [ -70.279072, 46.814646 ], [ -70.261398, 46.81946 ], [ -70.219908, 46.808153 ], [ -70.200463, 46.811327 ], [ -70.178502, 46.830772 ], [ -70.186573, 46.846606 ], [ -70.17495, 46.866073 ], [ -70.181529, 46.879837 ], [ -70.175451, 46.894276 ], [ -70.157589, 46.899694 ], [ -70.126413, 46.898139 ], [ -70.123449, 46.906721 ], [ -70.134552, 46.912785 ], [ -70.14314, 46.925467 ], [ -70.138222, 46.938705 ], [ -70.129471, 46.950905 ], [ -70.117875, 46.961871 ], [ -70.102982, 46.970373 ], [ -70.085642, 46.977006 ], [ -70.074414, 46.987422 ], [ -70.066868, 47.000068 ], [ -70.060117, 47.013392 ], [ -70.047034, 47.021912 ], [ -70.026706, 47.024804 ], [ -70.009372, 47.020361 ], [ -69.993578, 47.011462 ], [ -69.973052, 47.008802 ], [ -69.955007, 47.011882 ], [ -69.95357, 47.024232 ], [ -69.952761, 47.038532 ], [ -69.944542, 47.051112 ], [ -69.93154, 47.060594 ], [ -69.911523, 47.064593 ], [ -69.900046, 47.073583 ], [ -69.896697, 47.087368 ], [ -69.895365, 47.101877 ], [ -69.880859, 47.111495 ], [ -69.863729, 47.114174 ], [ -69.851614, 47.13037 ], [ -69.818261, 47.14505 ], [ -69.789726, 47.138688 ], [ -69.770363, 47.140195 ], [ -69.751671, 47.144586 ], [ -69.734686, 47.151282 ], [ -69.719539, 47.159922 ], [ -69.707099, 47.170731 ], [ -69.70364, 47.183205 ], [ -69.709453, 47.196349 ], [ -69.671427, 47.242274 ], [ -69.661392, 47.253908 ], [ -69.647025, 47.262752 ], [ -69.614724, 47.278775 ], [ -69.596603, 47.282744 ], [ -69.575854, 47.281707 ], [ -69.561531, 47.288866 ], [ -69.551875, 47.32458 ], [ -69.540981, 47.332924 ], [ -69.526994, 47.339895 ], [ -69.511573, 47.378361 ], [ -69.509793, 47.391415 ], [ -69.513452, 47.404877 ], [ -69.523132, 47.419059 ], [ -69.519716, 47.426904 ], [ -69.497749, 47.426295 ], [ -69.476831, 47.42903 ], [ -69.459315, 47.435424 ], [ -69.455708, 47.450063 ], [ -69.439399, 47.462216 ], [ -69.420697, 47.468497 ], [ -69.405139, 47.477518 ], [ -69.406171, 47.488896 ], [ -69.415136, 47.501748 ], [ -69.381331, 47.562956 ], [ -69.374112, 47.575409 ], [ -69.365656, 47.587572 ], [ -69.359049, 47.601041 ], [ -69.365386, 47.614378 ], [ -69.371179, 47.625234 ], [ -69.36697, 47.633825 ], [ -69.356656, 47.636773 ], [ -69.337193, 47.63695 ], [ -69.329556, 47.638832 ], [ -69.332057, 47.648271 ], [ -69.337238, 47.657938 ], [ -69.347107, 47.668582 ], [ -69.3649, 47.677351 ], [ -69.374065, 47.688582 ], [ -69.370215, 47.695769 ], [ -69.358185, 47.698844 ], [ -69.338777, 47.700299 ], [ -69.318375, 47.70285 ], [ -69.303733, 47.711258 ], [ -69.295109, 47.724772 ], [ -69.302578, 47.734007 ], [ -69.322624, 47.740447 ], [ -69.337979, 47.749913 ], [ -69.34941, 47.76113 ], [ -69.344377, 47.772492 ], [ -69.325656, 47.796773 ], [ -69.313156, 47.807175 ], [ -69.299051, 47.816761 ], [ -69.282689, 47.827786 ], [ -69.270344, 47.831412 ], [ -69.250043, 47.821194 ], [ -69.241745, 47.81367 ], [ -69.240826, 47.798567 ], [ -69.241409, 47.785029 ], [ -69.243196, 47.771625 ], [ -69.243979, 47.758208 ], [ -69.244259, 47.744787 ], [ -69.244027, 47.731355 ], [ -69.24256, 47.702582 ], [ -69.234279, 47.693941 ], [ -69.213378, 47.695441 ], [ -69.180909, 47.710996 ], [ -69.158056, 47.699453 ], [ -69.143436, 47.684896 ], [ -69.126295, 47.690566 ], [ -69.128983, 47.708012 ], [ -69.122331, 47.720925 ], [ -69.104648, 47.742122 ], [ -69.081345, 47.7856 ], [ -69.067965, 47.79237 ], [ -69.053596, 47.775999 ], [ -69.039135, 47.780926 ], [ -69.001954, 47.803608 ], [ -68.975408, 47.820247 ], [ -68.961816, 47.841404 ], [ -68.952627, 47.85254 ], [ -68.951297, 47.866325 ], [ -68.949326, 47.879778 ], [ -68.94607, 47.892968 ], [ -68.939109, 47.905728 ], [ -68.928512, 47.917008 ], [ -68.911048, 47.92484 ], [ -68.897687, 47.933698 ], [ -68.896071, 47.948029 ], [ -68.904891, 47.958672 ], [ -68.926662, 47.961193 ], [ -68.925016, 47.972915 ], [ -68.913732, 47.985759 ], [ -68.896686, 47.991805 ], [ -68.877241, 47.996551 ], [ -68.861681, 48.004901 ], [ -68.84693, 48.014132 ], [ -68.832502, 48.024306 ], [ -68.816346, 48.030949 ], [ -68.795738, 48.030473 ], [ -68.777737, 48.025006 ], [ -68.763461, 48.015272 ], [ -68.74917, 48.004468 ], [ -68.734847, 47.99296 ], [ -68.724706, 47.99535 ], [ -68.707344, 48.022116 ], [ -68.697981, 48.041186 ], [ -68.679413, 48.057522 ], [ -68.663417, 48.068757 ], [ -68.648071, 48.073033 ], [ -68.639491, 48.059631 ], [ -68.629259, 48.051528 ], [ -68.613297, 48.061596 ], [ -68.596281, 48.069859 ], [ -68.578496, 48.076229 ], [ -68.55963, 48.0754 ], [ -68.540118, 48.070622 ], [ -68.520726, 48.065973 ], [ -68.501445, 48.064997 ], [ -68.481823, 48.06935 ], [ -68.466569, 48.078077 ], [ -68.456585, 48.091315 ], [ -68.44201, 48.091305 ], [ -68.424197, 48.082192 ], [ -68.405821, 48.076213 ], [ -68.386638, 48.072131 ], [ -68.366116, 48.070897 ], [ -68.346139, 48.069884 ], [ -68.332836, 48.061146 ], [ -68.295098, 48.025684 ], [ -68.280339, 47.999801 ], [ -68.290949, 47.990718 ], [ -68.296694, 47.978646 ], [ -68.279297, 47.959838 ], [ -68.284613, 47.947682 ], [ -68.303195, 47.944647 ], [ -68.325035, 47.943756 ], [ -68.346043, 47.942837 ], [ -68.347967, 47.916398 ], [ -68.348801, 47.904904 ], [ -68.341497, 47.891156 ], [ -68.327109, 47.888171 ], [ -68.312092, 47.898854 ], [ -68.309235, 47.913311 ], [ -68.3074, 47.916316 ], [ -68.302342, 47.924599 ], [ -68.282908, 47.926799 ], [ -68.262246, 47.924738 ], [ -68.243283, 47.920242 ], [ -68.229671, 47.916231 ], [ -68.224893, 47.914823 ], [ -68.207081, 47.908605 ], [ -68.187947, 47.905358 ], [ -68.147959, 47.900178 ], [ -68.129046, 47.900532 ], [ -68.111137, 47.908241 ], [ -68.104386, 47.919594 ], [ -68.108269, 47.933607 ], [ -68.12265, 47.977494 ], [ -68.125369, 47.985786 ], [ -68.132511, 47.998759 ], [ -68.145361, 48.008065 ], [ -68.18487, 48.035974 ], [ -68.202382, 48.042869 ], [ -68.217987, 48.051142 ], [ -68.230211, 48.062583 ], [ -68.234929, 48.074872 ], [ -68.226796, 48.087834 ], [ -68.21252, 48.098286 ], [ -68.195137, 48.104172 ], [ -68.176815, 48.0966 ], [ -68.153824, 48.0968 ], [ -68.148799, 48.121384 ], [ -68.126973, 48.142338 ], [ -68.132428, 48.154595 ], [ -68.146268, 48.166277 ], [ -68.136229, 48.172367 ], [ -68.112425, 48.172698 ], [ -68.098361, 48.164636 ], [ -68.043876, 48.124678 ], [ -68.03217, 48.113791 ], [ -68.016782, 48.10411 ], [ -67.999651, 48.099513 ], [ -67.980531, 48.10539 ], [ -67.965866, 48.097514 ], [ -67.938703, 48.07619 ], [ -67.928968, 48.064961 ], [ -67.929861, 48.0514 ], [ -67.914298, 48.041916 ], [ -67.895994, 48.037679 ], [ -67.879757, 48.045039 ], [ -67.863454, 48.054182 ], [ -67.846965, 48.062476 ], [ -67.828434, 48.0642 ], [ -67.80837, 48.06056 ], [ -67.788662, 48.054908 ], [ -67.77021, 48.049474 ], [ -67.756692, 48.057693 ], [ -67.75522, 48.070939 ], [ -67.769141, 48.080934 ], [ -67.825821, 48.120413 ], [ -67.838975, 48.121344 ], [ -67.857423, 48.11429 ], [ -67.878069, 48.111767 ], [ -67.897469, 48.113561 ], [ -67.910437, 48.123338 ], [ -67.918674, 48.136223 ], [ -67.920881, 48.149836 ], [ -67.927624, 48.162141 ], [ -67.940296, 48.172796 ], [ -67.956061, 48.181703 ], [ -67.973438, 48.189065 ], [ -67.971945, 48.200791 ], [ -67.965213, 48.214347 ], [ -67.965753, 48.22798 ], [ -67.97301, 48.24033 ], [ -67.984673, 48.251697 ], [ -67.98903, 48.26494 ], [ -67.98331, 48.27755 ], [ -67.965518, 48.284332 ], [ -67.945942, 48.285767 ], [ -67.907409, 48.276132 ], [ -67.851199, 48.240897 ], [ -67.837357, 48.231472 ], [ -67.825805, 48.220248 ], [ -67.810351, 48.210527 ], [ -67.793026, 48.203993 ], [ -67.776056, 48.209838 ], [ -67.759003, 48.216827 ], [ -67.741412, 48.211216 ], [ -67.725404, 48.201761 ], [ -67.713775, 48.189321 ], [ -67.699335, 48.184169 ], [ -67.63624, 48.194418 ], [ -67.628996, 48.200977 ], [ -67.640169, 48.214076 ], [ -67.650984, 48.226375 ], [ -67.661524, 48.237844 ], [ -67.675285, 48.248862 ], [ -67.685078, 48.259551 ], [ -67.671056, 48.270238 ], [ -67.665347, 48.280585 ], [ -67.679678, 48.29048 ], [ -67.695688, 48.300606 ], [ -67.711917, 48.31145 ], [ -67.704675, 48.318245 ], [ -67.681063, 48.322352 ], [ -67.679241, 48.33185 ], [ -67.710666, 48.369048 ], [ -67.725702, 48.377429 ], [ -67.743933, 48.383802 ], [ -67.760704, 48.391671 ], [ -67.775608, 48.400699 ], [ -67.784064, 48.412941 ], [ -67.7829, 48.426309 ], [ -67.775101, 48.439422 ], [ -67.780986, 48.450729 ], [ -67.796547, 48.460565 ], [ -67.812467, 48.469506 ], [ -67.824744, 48.479625 ], [ -67.82968, 48.492935 ], [ -67.828926, 48.506443 ], [ -67.821513, 48.519526 ], [ -67.807589, 48.528803 ], [ -67.784831, 48.531964 ], [ -67.775707, 48.5389 ], [ -67.786811, 48.551949 ], [ -67.801305, 48.563465 ], [ -67.814347, 48.573698 ], [ -67.803952, 48.581663 ], [ -67.782238, 48.587155 ], [ -67.702532, 48.597327 ], [ -67.642324, 48.601082 ], [ -67.617586, 48.602544 ], [ -67.602988, 48.613535 ], [ -67.60096, 48.629902 ], [ -67.611474, 48.642316 ], [ -67.627426, 48.653063 ], [ -67.62666, 48.663014 ], [ -67.607076, 48.671146 ], [ -67.587651, 48.670994 ], [ -67.567537, 48.666295 ], [ -67.549879, 48.659665 ], [ -67.531762, 48.653384 ], [ -67.512261, 48.64927 ], [ -67.492588, 48.651126 ], [ -67.472665, 48.654606 ], [ -67.451548, 48.655416 ], [ -67.432427, 48.652769 ], [ -67.419751, 48.641928 ], [ -67.404086, 48.611395 ], [ -67.416978, 48.594195 ], [ -67.431548, 48.585973 ], [ -67.416562, 48.579543 ], [ -67.395861, 48.573236 ], [ -67.377838, 48.566389 ], [ -67.3347, 48.522128 ], [ -67.339056, 48.510265 ], [ -67.34946, 48.498675 ], [ -67.330485, 48.494869 ], [ -67.309834, 48.496904 ], [ -67.291109, 48.502304 ], [ -67.278147, 48.512612 ], [ -67.264831, 48.522525 ], [ -67.245028, 48.525937 ], [ -67.226967, 48.531911 ], [ -67.21134, 48.54055 ], [ -67.196922, 48.550096 ], [ -67.180008, 48.557276 ], [ -67.144318, 48.571496 ], [ -67.126072, 48.572803 ], [ -67.083773, 48.575769 ], [ -67.05586, 48.562418 ], [ -67.035335, 48.566254 ], [ -67.016034, 48.57288 ], [ -66.99783, 48.578875 ], [ -66.978319, 48.584271 ], [ -66.958878, 48.586792 ], [ -66.941536, 48.580282 ], [ -66.92794, 48.569599 ], [ -66.924985, 48.555786 ], [ -66.917233, 48.54465 ], [ -66.861331, 48.525633 ], [ -66.842343, 48.524521 ], [ -66.823177, 48.532248 ], [ -66.826916, 48.542301 ], [ -66.841182, 48.554206 ], [ -66.84989, 48.566586 ], [ -66.854465, 48.579581 ], [ -66.854428, 48.594011 ], [ -66.846468, 48.60512 ], [ -66.827487, 48.610164 ], [ -66.808078, 48.615933 ], [ -66.788866, 48.625387 ], [ -66.784481, 48.633389 ], [ -66.80872, 48.637523 ], [ -66.808296, 48.646365 ], [ -66.790833, 48.656857 ], [ -66.771092, 48.659655 ], [ -66.751061, 48.66204 ], [ -66.73743, 48.671682 ], [ -66.724241, 48.682273 ], [ -66.707352, 48.689724 ], [ -66.672253, 48.703524 ], [ -66.654208, 48.709728 ], [ -66.635225, 48.714755 ], [ -66.617438, 48.721136 ], [ -66.601254, 48.729374 ], [ -66.585084, 48.738079 ], [ -66.568992, 48.747212 ], [ -66.564266, 48.759349 ], [ -66.570174, 48.773323 ], [ -66.585885, 48.780304 ], [ -66.606934, 48.783999 ], [ -66.615191, 48.79505 ], [ -66.615082, 48.809081 ], [ -66.612591, 48.822501 ], [ -66.609531, 48.835895 ], [ -66.606723, 48.849251 ], [ -66.609722, 48.862479 ], [ -66.61405, 48.875714 ], [ -66.615895, 48.889666 ], [ -66.612806, 48.902556 ], [ -66.59961, 48.912653 ], [ -66.582553, 48.920789 ], [ -66.563879, 48.92655 ], [ -66.543855, 48.928915 ], [ -66.486479, 48.941533 ], [ -66.46863, 48.948087 ], [ -66.448857, 48.953239 ], [ -66.429697, 48.953687 ], [ -66.412304, 48.945604 ], [ -66.392025, 48.945175 ], [ -66.372509, 48.949963 ], [ -66.354659, 48.958353 ], [ -66.338671, 48.956394 ], [ -66.226926, 48.928617 ], [ -66.212091, 48.9183 ], [ -66.205187, 48.905987 ], [ -66.215197, 48.894566 ], [ -66.225247, 48.882206 ], [ -66.22889, 48.866978 ], [ -66.222293, 48.857911 ], [ -66.199935, 48.860289 ], [ -66.182589, 48.855873 ], [ -66.156837, 48.834254 ], [ -66.1299, 48.81412 ], [ -66.099413, 48.796274 ], [ -66.091064, 48.785085 ], [ -66.088679, 48.771286 ], [ -66.075413, 48.755223 ], [ -66.04818, 48.747154 ], [ -66.023086, 48.786537 ], [ -66.017997, 48.799427 ], [ -66.002534, 48.83866 ], [ -66.007611, 48.852415 ], [ -66.0136, 48.865766 ], [ -65.998457, 48.873381 ], [ -65.948309, 48.857921 ], [ -65.91456, 48.861837 ], [ -65.892502, 48.843715 ], [ -65.863467, 48.847784 ], [ -65.842603, 48.850181 ], [ -65.835135, 48.866581 ], [ -65.83004, 48.880339 ], [ -65.817969, 48.889626 ], [ -65.742974, 48.913313 ], [ -65.723909, 48.913654 ], [ -65.70678, 48.905275 ], [ -65.697446, 48.893546 ], [ -65.691228, 48.880457 ], [ -65.677392, 48.86981 ], [ -65.659408, 48.86517 ], [ -65.638606, 48.86788 ], [ -65.621186, 48.874624 ], [ -65.580339, 48.905304 ], [ -65.572948, 48.917705 ], [ -65.569848, 48.931143 ], [ -65.568151, 48.944635 ], [ -65.562396, 48.957628 ], [ -65.552649, 48.969482 ], [ -65.512897, 49.001831 ], [ -65.463347, 49.013832 ], [ -65.442082, 49.012815 ], [ -65.421028, 49.009634 ], [ -65.399987, 49.004695 ], [ -65.392525, 48.995531 ], [ -65.400606, 48.981522 ], [ -65.388417, 48.929405 ], [ -65.369338, 48.930578 ], [ -65.348933, 48.937099 ], [ -65.332136, 48.945143 ], [ -65.315474, 48.944464 ], [ -65.299197, 48.930669 ], [ -65.262606, 48.919664 ], [ -65.246328, 48.915846 ], [ -65.226528, 48.921271 ], [ -65.209295, 48.929051 ], [ -65.19495, 48.939165 ], [ -65.188895, 48.951348 ], [ -65.18189, 48.977947 ], [ -65.177523, 49.00383 ], [ -65.179997, 49.017219 ], [ -65.175758, 49.030556 ], [ -65.167745, 49.049615 ], [ -65.153625, 49.052943 ], [ -65.137165, 49.061053 ], [ -65.11923, 49.067799 ], [ -65.104188, 49.077022 ], [ -65.09321, 49.088365 ], [ -65.087205, 49.101255 ], [ -65.083092, 49.114581 ], [ -65.080449, 49.127968 ], [ -65.079629, 49.14174 ], [ -65.073903, 49.153948 ], [ -65.056603, 49.161864 ], [ -64.958494, 49.169332 ], [ -64.94094, 49.1623 ], [ -64.926707, 49.152264 ], [ -64.909866, 49.14459 ], [ -64.891059, 49.138841 ], [ -64.871212, 49.135953 ], [ -64.850474, 49.135226 ], [ -64.830393, 49.132303 ], [ -64.810983, 49.12766 ], [ -64.793969, 49.12019 ], [ -64.777621, 49.112039 ], [ -64.758004, 49.108441 ], [ -64.737618, 49.105839 ], [ -64.714712, 49.103168 ], [ -64.703755, 49.095911 ], [ -64.712583, 49.081049 ], [ -64.71026, 49.072383 ], [ -64.695059, 49.067534 ], [ -64.667179, 49.079173 ], [ -64.647544, 49.08296 ], [ -64.626587, 49.084013 ], [ -64.607362, 49.080683 ], [ -64.590887, 49.072282 ], [ -64.573, 49.065766 ], [ -64.553206, 49.061948 ], [ -64.533451, 49.058233 ], [ -64.499732, 49.052142 ], [ -64.499732, 49.052142 ], [ -65.51507, 50.279416 ], [ -65.512896, 50.303875 ], [ -65.510647, 50.317349 ], [ -65.506928, 50.330621 ], [ -65.499522, 50.343383 ], [ -65.493854, 50.356404 ], [ -65.491153, 50.369952 ], [ -65.491867, 50.383409 ], [ -65.496422, 50.396714 ], [ -65.503267, 50.409555 ], [ -65.51262, 50.42179 ], [ -65.519727, 50.434487 ], [ -65.52831, 50.461256 ], [ -65.519905, 50.485742 ], [ -65.508845, 50.497575 ], [ -65.501358, 50.510241 ], [ -65.489154, 50.548801 ], [ -65.486608, 50.560433 ], [ -65.498698, 50.572394 ], [ -65.506163, 50.585376 ], [ -65.506686, 50.598933 ], [ -65.504269, 50.659428 ], [ -65.503564, 50.672958 ], [ -65.500843, 50.686465 ], [ -65.495433, 50.699818 ], [ -65.49273, 50.71301 ], [ -65.498267, 50.726075 ], [ -65.50671, 50.738745 ], [ -65.515902, 50.751186 ], [ -65.528395, 50.761949 ], [ -65.545429, 50.770232 ], [ -65.580251, 50.786176 ], [ -65.598107, 50.794067 ], [ -65.617428, 50.801658 ], [ -65.626363, 50.812449 ], [ -65.623529, 50.827187 ], [ -65.610758, 50.835885 ], [ -65.588431, 50.838849 ], [ -65.573254, 50.849221 ], [ -65.56895, 50.861634 ], [ -65.593723, 50.903917 ], [ -65.588013, 50.930729 ], [ -65.600384, 50.937226 ], [ -65.631709, 50.943179 ], [ -65.649442, 50.948102 ], [ -65.661823, 50.968084 ], [ -65.666376, 50.981809 ], [ -65.662215, 50.994562 ], [ -65.648165, 51.005428 ], [ -65.630247, 51.01308 ], [ -65.609907, 51.017639 ], [ -65.585615, 51.016076 ], [ -65.57145, 51.019292 ], [ -65.564675, 51.044669 ], [ -65.561693, 51.05604 ], [ -65.567276, 51.116119 ], [ -65.608724, 51.144736 ], [ -65.63915, 51.147213 ], [ -65.646974, 51.158777 ], [ -65.632884, 51.167888 ], [ -65.605567, 51.205434 ], [ -65.601134, 51.218865 ], [ -65.601826, 51.232387 ], [ -65.61036, 51.245256 ], [ -65.614574, 51.258106 ], [ -65.608249, 51.271172 ], [ -65.599384, 51.28383 ], [ -65.588814, 51.295899 ], [ -65.584222, 51.308776 ], [ -65.571377, 51.348085 ], [ -65.564612, 51.38866 ], [ -65.567753, 51.402205 ], [ -65.570366, 51.415597 ], [ -65.564154, 51.428514 ], [ -65.554823, 51.441001 ], [ -65.5438, 51.452949 ], [ -65.536917, 51.465545 ], [ -65.536324, 51.47919 ], [ -65.537014, 51.492903 ], [ -65.537863, 51.506549 ], [ -65.541267, 51.519912 ], [ -65.548337, 51.532836 ], [ -65.553739, 51.546 ], [ -65.556589, 51.559563 ], [ -65.556429, 51.573129 ], [ -65.553136, 51.586693 ], [ -65.546168, 51.599485 ], [ -65.535626, 51.611503 ], [ -65.523028, 51.622727 ], [ -65.508991, 51.633346 ], [ -66.483823, 52.331853 ], [ -66.481983, 52.339377 ], [ -66.475168, 52.346564 ], [ -66.449509, 52.358096 ], [ -66.434185, 52.371182 ], [ -66.426368, 52.374531 ], [ -66.411846, 52.374572 ], [ -66.362658, 52.359631 ], [ -66.357007, 52.360314 ], [ -66.350602, 52.363783 ], [ -66.345764, 52.373279 ], [ -66.347411, 52.392547 ], [ -66.362554, 52.414004 ], [ -66.367274, 52.433488 ], [ -66.383786, 52.460764 ], [ -66.38733, 52.470916 ], [ -66.384716, 52.47723 ], [ -66.367382, 52.476262 ], [ -66.362182, 52.481382 ], [ -66.362446, 52.488956 ], [ -66.367635, 52.502208 ], [ -66.383868, 52.524356 ], [ -66.37513, 52.539091 ], [ -66.375644, 52.552266 ], [ -66.385416, 52.569738 ], [ -66.428659, 52.620577 ], [ -66.431995, 52.629579 ], [ -66.429058, 52.639223 ], [ -66.403101, 52.668511 ], [ -66.393235, 52.673366 ], [ -66.384339, 52.673659 ], [ -66.37273, 52.669074 ], [ -66.360249, 52.659746 ], [ -66.310518, 52.61195 ], [ -66.302227, 52.608333 ], [ -66.294132, 52.607845 ], [ -66.288021, 52.610915 ], [ -66.284513, 52.616862 ], [ -66.286051, 52.62901 ], [ -66.330656, 52.685572 ], [ -66.331547, 52.69846 ], [ -66.321074, 52.721039 ], [ -66.319885, 52.727982 ], [ -66.333539, 52.761024 ], [ -66.351992, 52.791644 ], [ -66.358838, 52.796399 ], [ -66.374535, 52.801826 ], [ -66.378963, 52.805497 ], [ -66.406223, 52.844725 ], [ -66.410088, 52.853653 ], [ -66.409965, 52.861115 ], [ -66.405115, 52.868544 ], [ -66.396815, 52.872344 ], [ -66.384926, 52.872415 ], [ -66.334949, 52.858336 ], [ -66.303517, 52.844222 ], [ -66.288972, 52.841304 ], [ -66.282661, 52.844713 ], [ -66.28077, 52.856867 ], [ -66.269508, 52.868899 ], [ -66.269404, 52.877943 ], [ -66.277851, 52.896508 ], [ -66.316244, 52.938438 ], [ -66.331675, 52.97247 ], [ -66.345292, 52.992577 ], [ -66.361093, 53.010432 ], [ -66.372596, 53.018766 ], [ -66.398381, 53.028344 ], [ -66.430114, 53.043425 ], [ -66.445295, 53.04737 ], [ -66.454843, 53.047577 ], [ -66.46425, 53.042872 ], [ -66.46882, 53.036485 ], [ -66.471313, 53.003561 ], [ -66.474529, 52.998232 ], [ -66.486138, 52.988249 ], [ -66.492668, 52.96498 ], [ -66.498715, 52.956957 ], [ -66.504808, 52.954914 ], [ -66.519584, 52.954897 ], [ -66.546666, 52.945456 ], [ -66.563175, 52.942767 ], [ -66.583494, 52.942938 ], [ -66.611875, 52.94721 ], [ -66.620764, 52.946392 ], [ -66.627361, 52.943408 ], [ -66.640549, 52.926559 ], [ -66.642919, 52.904556 ], [ -66.654342, 52.886945 ], [ -66.65247, 52.852498 ], [ -66.660244, 52.822028 ], [ -66.654893, 52.794853 ], [ -66.655851, 52.791218 ], [ -66.655262, 52.789195 ], [ -66.660666, 52.783794 ], [ -66.671192, 52.77918 ], [ -66.680291, 52.773456 ], [ -66.695892, 52.76822 ], [ -66.699487, 52.767631 ], [ -66.706186, 52.767682 ], [ -66.716947, 52.770792 ], [ -66.722612, 52.772429 ], [ -66.730273, 52.775064 ], [ -66.73683, 52.778221 ], [ -66.745087, 52.781869 ], [ -66.748272, 52.784896 ], [ -66.753671, 52.786874 ], [ -66.760176, 52.788329 ], [ -66.770352, 52.79042 ], [ -66.775343, 52.788488 ], [ -66.780872, 52.785867 ], [ -66.782188, 52.78452 ], [ -66.781484, 52.778881 ], [ -66.775323, 52.770785 ], [ -66.762471, 52.755279 ], [ -66.758233, 52.746426 ], [ -66.754172, 52.717484 ], [ -66.75552, 52.70569 ], [ -66.762632, 52.692295 ], [ -66.765147, 52.679472 ], [ -66.770813, 52.674007 ], [ -66.777233, 52.674679 ], [ -66.786476, 52.680499 ], [ -66.837043, 52.742259 ], [ -66.842338, 52.744592 ], [ -66.849972, 52.746367 ], [ -66.855042, 52.746983 ], [ -66.86229, 52.745698 ], [ -66.866346, 52.74139 ], [ -66.873053, 52.732793 ], [ -66.876956, 52.724232 ], [ -66.877341, 52.719291 ], [ -66.874329, 52.713373 ], [ -66.867295, 52.704615 ], [ -66.861396, 52.696182 ], [ -66.857346, 52.69249 ], [ -66.856632, 52.688074 ], [ -66.860891, 52.681723 ], [ -66.870835, 52.67785 ], [ -66.879766, 52.677053 ], [ -66.89671, 52.681084 ], [ -66.908152, 52.687739 ], [ -66.916674, 52.691028 ], [ -66.923654, 52.698082 ], [ -66.931721, 52.711759 ], [ -66.93523, 52.723285 ], [ -66.944268, 52.740182 ], [ -66.947566, 52.744957 ], [ -66.949997, 52.747475 ], [ -66.957193, 52.752433 ], [ -66.968453, 52.754893 ], [ -66.988918, 52.756176 ], [ -67.016933, 52.751187 ], [ -67.034802, 52.75542 ], [ -67.056646, 52.776365 ], [ -67.059855, 52.782942 ], [ -67.05853, 52.812079 ], [ -67.052295, 52.838353 ], [ -67.05234, 52.846874 ], [ -67.058331, 52.86219 ], [ -67.068781, 52.869455 ], [ -67.079313, 52.870737 ], [ -67.091191, 52.869466 ], [ -67.121015, 52.860426 ], [ -67.144695, 52.848581 ], [ -67.162137, 52.827851 ], [ -67.166693, 52.825867 ], [ -67.173496, 52.825652 ], [ -67.195227, 52.832647 ], [ -67.21675, 52.842008 ], [ -67.21675, 52.842007 ], [ -67.239779, 52.822928 ], [ -67.257715, 52.819321 ], [ -67.324887, 52.818216 ], [ -67.395356, 52.844784 ], [ -67.412176, 52.854228 ], [ -67.428075, 52.864059 ], [ -67.442408, 52.874643 ], [ -67.452503, 52.886725 ], [ -67.460408, 52.899625 ], [ -67.469488, 52.912138 ], [ -67.48764, 52.93719 ], [ -67.497157, 52.949562 ], [ -67.534825, 52.998478 ], [ -67.554012, 53.005534 ], [ -67.576667, 53.008479 ], [ -67.599684, 53.007901 ], [ -67.622981, 53.002499 ], [ -67.637076, 52.99386 ], [ -67.622237, 52.983824 ], [ -67.610461, 52.972195 ], [ -67.621656, 52.929832 ], [ -67.63643, 52.926212 ], [ -67.661181, 52.930076 ], [ -67.684948, 52.930056 ], [ -67.707448, 52.927217 ], [ -67.718145, 52.917042 ], [ -67.724433, 52.903235 ], [ -67.740921, 52.893992 ], [ -67.757871, 52.884608 ], [ -67.773362, 52.873585 ], [ -67.771453, 52.861951 ], [ -67.747221, 52.823233 ], [ -67.726663, 52.78302 ], [ -67.708518, 52.778795 ], [ -67.703869, 52.738428 ], [ -67.698263, 52.695028 ], [ -67.679521, 52.685405 ], [ -67.659372, 52.678712 ], [ -67.637616, 52.674768 ], [ -67.61583, 52.669681 ], [ -67.595151, 52.663334 ], [ -67.589204, 52.652179 ], [ -67.59293, 52.637589 ], [ -67.585737, 52.625079 ], [ -67.57335, 52.613358 ], [ -67.564872, 52.600752 ], [ -67.558041, 52.587721 ], [ -67.580072, 52.598572 ], [ -67.598202, 52.606529 ], [ -67.620711, 52.614557 ], [ -67.639147, 52.617275 ], [ -67.637545, 52.603226 ], [ -67.641087, 52.592218 ], [ -67.663759, 52.59478 ], [ -67.686409, 52.601202 ], [ -67.706062, 52.611355 ], [ -67.717782, 52.607785 ], [ -67.721927, 52.592114 ], [ -67.717909, 52.578505 ], [ -67.709226, 52.565511 ], [ -67.713532, 52.552823 ], [ -67.723046, 52.540227 ], [ -67.717598, 52.526911 ], [ -67.711784, 52.513814 ], [ -67.724352, 52.50228 ], [ -67.74572, 52.501026 ], [ -67.768754, 52.502739 ], [ -67.791363, 52.504513 ], [ -67.811393, 52.509674 ], [ -67.869989, 52.52693 ], [ -67.887415, 52.533453 ], [ -67.898409, 52.545903 ], [ -67.91195, 52.55719 ], [ -67.928537, 52.566296 ], [ -67.951651, 52.570376 ], [ -67.971863, 52.568127 ], [ -67.9787, 52.555385 ], [ -67.986326, 52.541795 ], [ -67.998636, 52.530254 ], [ -68.01419, 52.520635 ], [ -68.051804, 52.503684 ], [ -68.069681, 52.497807 ], [ -68.080686, 52.508268 ], [ -68.092104, 52.521572 ], [ -68.10842, 52.531058 ], [ -68.127184, 52.538501 ], [ -68.148293, 52.54283 ], [ -68.19179, 52.550018 ], [ -68.214546, 52.55148 ], [ -68.239018, 52.550002 ], [ -68.25072, 52.557033 ], [ -68.256165, 52.599547 ], [ -68.254992, 52.614254 ], [ -68.253629, 52.627691 ], [ -68.271269, 52.628781 ], [ -68.296403, 52.625882 ], [ -68.319824, 52.627447 ], [ -68.337554, 52.634127 ], [ -68.347189, 52.646638 ], [ -68.354925, 52.659862 ], [ -68.361203, 52.673013 ], [ -68.36923, 52.685715 ], [ -68.379827, 52.697805 ], [ -68.392189, 52.709284 ], [ -68.405984, 52.72061 ], [ -68.424162, 52.728406 ], [ -68.449492, 52.731337 ], [ -68.456312, 52.723703 ], [ -68.449943, 52.70838 ], [ -68.454344, 52.694915 ], [ -68.468371, 52.683794 ], [ -68.490232, 52.680851 ], [ -68.510048, 52.687335 ], [ -68.52806, 52.696282 ], [ -68.548022, 52.694941 ], [ -68.567319, 52.686463 ], [ -68.582909, 52.676521 ], [ -68.600168, 52.667592 ], [ -68.620071, 52.659746 ], [ -68.640509, 52.658591 ], [ -68.65987, 52.66725 ], [ -68.662342, 52.680424 ], [ -68.662427, 52.69439 ], [ -68.678309, 52.703062 ], [ -68.699927, 52.708828 ], [ -68.779569, 52.732106 ], [ -68.83493, 52.751723 ], [ -68.851277, 52.742308 ], [ -68.867347, 52.731108 ], [ -68.882977, 52.72016 ], [ -68.902845, 52.718957 ], [ -68.985144, 52.738247 ], [ -68.995039, 52.749864 ], [ -68.992113, 52.765349 ], [ -69.004571, 52.765934 ], [ -69.023624, 52.755763 ], [ -69.038549, 52.745457 ], [ -69.108152, 52.691696 ], [ -69.12038, 52.68071 ], [ -69.115035, 52.666799 ], [ -69.114014, 52.654699 ], [ -69.133684, 52.648457 ], [ -69.154611, 52.641756 ], [ -69.218339, 52.605327 ], [ -69.249828, 52.580846 ], [ -69.270961, 52.556841 ], [ -69.294872, 52.52274 ], [ -69.302014, 52.51336 ], [ -69.321748, 52.51817 ], [ -69.341518, 52.540565 ], [ -69.353458, 52.563892 ], [ -69.346035, 52.605733 ], [ -69.356807, 52.614299 ], [ -69.3807, 52.618151 ], [ -69.38855, 52.630037 ], [ -69.374048, 52.639652 ], [ -69.353962, 52.646915 ], [ -69.332118, 52.651002 ], [ -69.311004, 52.655047 ], [ -69.296908, 52.665917 ], [ -69.29298, 52.678988 ], [ -69.300371, 52.692218 ], [ -69.304322, 52.705786 ], [ -69.304546, 52.719586 ], [ -69.298587, 52.732428 ], [ -69.287434, 52.744507 ], [ -69.277484, 52.756798 ], [ -69.268371, 52.76928 ], [ -69.261036, 52.78218 ], [ -69.254583, 52.795278 ], [ -69.248321, 52.808399 ], [ -69.235444, 52.835277 ], [ -69.232863, 52.848329 ], [ -69.263601, 52.88327 ], [ -69.278977, 52.894826 ], [ -69.296281, 52.894612 ], [ -69.309176, 52.881545 ], [ -69.308347, 52.868642 ], [ -69.299858, 52.855366 ], [ -69.294806, 52.840817 ], [ -69.299579, 52.829463 ], [ -69.321874, 52.824489 ], [ -69.345368, 52.820037 ], [ -69.366558, 52.819246 ], [ -69.378036, 52.830174 ], [ -69.383107, 52.844495 ], [ -69.381536, 52.85819 ], [ -69.375745, 52.871442 ], [ -69.366318, 52.883917 ], [ -69.3578, 52.896792 ], [ -69.351724, 52.910005 ], [ -69.360245, 52.922817 ], [ -69.365447, 52.934821 ], [ -69.350171, 52.945298 ], [ -69.338822, 52.956993 ], [ -69.337595, 52.970817 ], [ -69.333204, 52.984178 ], [ -69.324064, 52.996754 ], [ -69.31295, 53.00878 ], [ -69.303417, 53.021025 ], [ -69.300427, 53.034555 ], [ -69.299556, 53.048741 ], [ -69.301362, 53.062614 ], [ -69.320026, 53.059683 ], [ -69.411658, 53.052174 ], [ -69.426037, 53.059363 ], [ -69.437216, 53.072318 ], [ -69.515959, 53.09695 ], [ -69.539693, 53.095817 ], [ -69.560668, 53.099401 ], [ -69.578459, 53.109632 ], [ -69.580975, 53.121802 ], [ -69.568488, 53.13565 ], [ -69.575313, 53.142355 ], [ -69.62446, 53.144015 ], [ -69.641662, 53.134443 ], [ -69.655714, 53.123967 ], [ -69.668379, 53.135166 ], [ -69.677446, 53.140227 ], [ -69.680731, 53.124113 ], [ -69.664437, 53.115601 ], [ -69.6457, 53.10738 ], [ -69.638312, 53.093898 ], [ -69.640547, 53.080722 ], [ -69.679087, 53.04508 ], [ -69.691051, 53.043121 ], [ -69.708587, 53.055084 ], [ -69.728612, 53.062314 ], [ -69.749876, 53.06556 ], [ -69.814589, 53.06654 ], [ -69.831112, 53.05835 ], [ -69.89679, 53.021977 ], [ -69.884006, 53.010764 ], [ -69.875011, 52.998097 ], [ -69.881312, 52.984396 ], [ -69.895231, 52.973596 ], [ -69.913977, 52.965358 ], [ -69.935305, 52.963103 ], [ -69.958614, 52.964322 ], [ -69.958778, 52.948192 ], [ -69.959028, 52.934341 ], [ -69.96222, 52.92113 ], [ -69.974642, 52.909947 ], [ -69.988726, 52.899075 ], [ -69.990989, 52.885348 ], [ -69.99404, 52.872001 ], [ -70.024615, 52.837686 ], [ -70.038672, 52.829883 ], [ -70.06242, 52.82688 ], [ -70.086039, 52.825411 ], [ -70.106364, 52.821888 ], [ -70.142694, 52.787876 ], [ -70.154751, 52.77334 ], [ -70.150169, 52.761748 ], [ -70.144451, 52.743692 ], [ -70.158219, 52.735379 ], [ -70.17575, 52.724442 ], [ -70.198488, 52.721433 ], [ -70.216387, 52.712043 ], [ -70.216791, 52.701188 ], [ -70.202053, 52.689068 ], [ -70.187042, 52.677161 ], [ -70.180338, 52.665889 ], [ -70.195703, 52.655959 ], [ -70.222722, 52.65499 ], [ -70.227474, 52.638961 ], [ -70.206103, 52.62899 ], [ -70.174677, 52.618381 ], [ -70.167152, 52.611577 ], [ -70.174972, 52.600006 ], [ -70.197315, 52.590844 ], [ -70.22003, 52.584475 ], [ -70.230373, 52.573067 ], [ -70.236258, 52.560013 ], [ -70.212801, 52.552915 ], [ -70.192496, 52.54414 ], [ -70.185747, 52.528169 ], [ -70.188824, 52.51611 ], [ -70.218439, 52.478458 ], [ -70.233097, 52.468422 ], [ -70.249979, 52.459307 ], [ -70.261435, 52.4477 ], [ -70.270286, 52.435051 ], [ -70.276496, 52.428146 ], [ -70.275562, 52.420541 ], [ -70.261488, 52.414558 ], [ -70.246316, 52.413212 ], [ -70.234674, 52.406606 ], [ -70.257682, 52.390263 ], [ -70.260271, 52.373592 ], [ -70.269774, 52.361617 ], [ -70.285726, 52.351584 ], [ -70.304767, 52.344786 ], [ -70.32637, 52.340596 ], [ -70.348428, 52.339423 ], [ -70.370861, 52.339482 ], [ -70.392001, 52.335703 ], [ -70.433015, 52.324707 ], [ -71.597979, 51.637452 ], [ -71.611498, 51.625583 ], [ -71.614863, 51.613629 ], [ -71.603625, 51.60143 ], [ -71.591986, 51.589357 ], [ -71.582378, 51.577216 ], [ -71.585228, 51.563812 ], [ -71.588135, 51.550372 ], [ -71.577466, 51.538026 ], [ -71.571247, 51.525683 ], [ -71.578426, 51.511853 ], [ -71.594049, 51.504012 ], [ -71.617871, 51.503646 ], [ -71.633362, 51.496751 ], [ -71.67, 51.463487 ], [ -71.681395, 51.452294 ], [ -71.688455, 51.439229 ], [ -71.695478, 51.426294 ], [ -71.701643, 51.413238 ], [ -71.704147, 51.399683 ], [ -71.705517, 51.386054 ], [ -71.713664, 51.373681 ], [ -71.726564, 51.362482 ], [ -71.742538, 51.350681 ], [ -71.758334, 51.345161 ], [ -71.813864, 51.356733 ], [ -71.821694, 51.372317 ], [ -71.832733, 51.367596 ], [ -71.876238, 51.334439 ], [ -71.876427, 51.321036 ], [ -71.874552, 51.307073 ], [ -71.873609, 51.293305 ], [ -71.879956, 51.279995 ], [ -71.895386, 51.271796 ], [ -71.917771, 51.274886 ], [ -71.937166, 51.272688 ], [ -71.966653, 51.251486 ], [ -71.975832, 51.23974 ], [ -71.978617, 51.226125 ], [ -71.980542, 51.21243 ], [ -71.981842, 51.198755 ], [ -71.975191, 51.18475 ], [ -71.967473, 51.17291 ], [ -72.019904, 51.162252 ], [ -72.090841, 51.132169 ], [ -72.107095, 51.124047 ], [ -72.114468, 51.11118 ], [ -72.140824, 51.059718 ], [ -72.146536, 51.04664 ], [ -72.150604, 51.033266 ], [ -72.153872, 51.019834 ], [ -72.156091, 51.006196 ], [ -72.155101, 50.990847 ], [ -72.163761, 50.982219 ], [ -72.188211, 50.985106 ], [ -72.191943, 50.996258 ], [ -72.188937, 51.011111 ], [ -72.198026, 51.025228 ], [ -72.212291, 51.022105 ], [ -72.226922, 51.009881 ], [ -72.238487, 50.998412 ], [ -72.248369, 50.986337 ], [ -72.256064, 50.973635 ], [ -72.26481, 50.961193 ], [ -72.302688, 50.914726 ], [ -72.3133, 50.902939 ], [ -72.32846, 50.892976 ], [ -72.34859, 50.889509 ], [ -72.368347, 50.884764 ], [ -72.383476, 50.874399 ], [ -72.383848, 50.861892 ], [ -72.379135, 50.848162 ], [ -72.383022, 50.834675 ], [ -72.391223, 50.822126 ], [ -72.428132, 50.788685 ], [ -72.439984, 50.778801 ], [ -72.4773, 50.75304 ], [ -72.495898, 50.746817 ], [ -72.517591, 50.746485 ], [ -72.557255, 50.755446 ], [ -72.568311, 50.758623 ], [ -72.561829, 50.772625 ], [ -72.556865, 50.786693 ], [ -72.554511, 50.80028 ], [ -72.557318, 50.813623 ], [ -72.564744, 50.826714 ], [ -72.561842, 50.839512 ], [ -72.551571, 50.852067 ], [ -72.552664, 50.866902 ], [ -72.562747, 50.875279 ], [ -72.573289, 50.864696 ], [ -72.594462, 50.838476 ], [ -72.602092, 50.825921 ], [ -72.604972, 50.812411 ], [ -72.609411, 50.799166 ], [ -72.617231, 50.786489 ], [ -72.626814, 50.774312 ], [ -72.637814, 50.762438 ], [ -72.653062, 50.752323 ], [ -72.673225, 50.745292 ], [ -72.724867, 50.777196 ], [ -72.732528, 50.789787 ], [ -72.740631, 50.802564 ], [ -72.751048, 50.815506 ], [ -72.767261, 50.820861 ], [ -72.853609, 50.809542 ], [ -72.872684, 50.805022 ], [ -72.935546, 50.750263 ], [ -72.940154, 50.73727 ], [ -72.943062, 50.723669 ], [ -72.952625, 50.711647 ], [ -72.975145, 50.68817 ], [ -72.988384, 50.677854 ], [ -73.026644, 50.664765 ], [ -73.089158, 50.700797 ], [ -73.085639, 50.714046 ], [ -73.084314, 50.72733 ], [ -73.098633, 50.737816 ], [ -73.117345, 50.745046 ], [ -73.138513, 50.746253 ], [ -73.15814, 50.740007 ], [ -73.211692, 50.711261 ], [ -73.224516, 50.702379 ], [ -73.261759, 50.66859 ], [ -73.290489, 50.632283 ], [ -73.298996, 50.620231 ], [ -73.300039, 50.606462 ], [ -73.305935, 50.593483 ], [ -73.31607, 50.581364 ], [ -73.332196, 50.572466 ], [ -73.348571, 50.564371 ], [ -73.34998, 50.550964 ], [ -73.351566, 50.537287 ], [ -73.364684, 50.526747 ], [ -73.377782, 50.515931 ], [ -73.386441, 50.503503 ], [ -73.392806, 50.490539 ], [ -73.396207, 50.476957 ], [ -73.40367, 50.46461 ], [ -73.417266, 50.454097 ], [ -73.43049, 50.44335 ], [ -73.442848, 50.432172 ], [ -73.451384, 50.419988 ], [ -73.455256, 50.406574 ], [ -73.457148, 50.392214 ], [ -73.536394, 50.371236 ], [ -73.558989, 50.366241 ], [ -73.57437, 50.368992 ], [ -73.576519, 50.383768 ], [ -73.582987, 50.399304 ], [ -73.592122, 50.406633 ], [ -73.603653, 50.395545 ], [ -73.611491, 50.381151 ], [ -73.612007, 50.367612 ], [ -73.610743, 50.353908 ], [ -73.609684, 50.340426 ], [ -73.614204, 50.327199 ], [ -73.619761, 50.314075 ], [ -73.62534, 50.30098 ], [ -73.632273, 50.288199 ], [ -73.640763, 50.275744 ], [ -73.651225, 50.264002 ], [ -73.664888, 50.253431 ], [ -73.674135, 50.241501 ], [ -73.676524, 50.227302 ], [ -73.687966, 50.217059 ], [ -73.709327, 50.213251 ], [ -73.725289, 50.222093 ], [ -73.741339, 50.229316 ], [ -73.761199, 50.2229 ], [ -73.77321, 50.211993 ], [ -73.779532, 50.198632 ], [ -73.781862, 50.185252 ], [ -73.780204, 50.158048 ], [ -73.779289, 50.144519 ], [ -73.776013, 50.130934 ], [ -73.776086, 50.117665 ], [ -73.786069, 50.065501 ], [ -73.793249, 50.052572 ], [ -73.803035, 50.040519 ], [ -73.816159, 50.029858 ], [ -73.833292, 50.022309 ], [ -73.852134, 50.015974 ], [ -73.855931, 49.996795 ], [ -73.860261, 49.983654 ], [ -73.870373, 49.971997 ], [ -73.882494, 49.960783 ], [ -73.890452, 49.948283 ], [ -73.897433, 49.935491 ], [ -73.904359, 49.922716 ], [ -73.910771, 49.909829 ], [ -73.91651, 49.896795 ], [ -73.924524, 49.884338 ], [ -73.943324, 49.860003 ], [ -73.953097, 49.848002 ], [ -73.968382, 49.83906 ], [ -73.986184, 49.831562 ], [ -73.995793, 49.819814 ], [ -74.002883, 49.806879 ], [ -74.01881, 49.798968 ], [ -74.038419, 49.793162 ], [ -74.057709, 49.787099 ], [ -74.074992, 49.779871 ], [ -74.084876, 49.768372 ], [ -74.09126, 49.755065 ], [ -74.097183, 49.742106 ], [ -74.102386, 49.728995 ], [ -74.106853, 49.715662 ], [ -74.112932, 49.702827 ], [ -74.12316, 49.690439 ], [ -74.137246, 49.680945 ], [ -74.158822, 49.679937 ], [ -74.177147, 49.676326 ], [ -74.186815, 49.66427 ], [ -74.192463, 49.650676 ], [ -74.193124, 49.637114 ], [ -74.195372, 49.623694 ], [ -74.201068, 49.610642 ], [ -74.208705, 49.59807 ], [ -74.218162, 49.585967 ], [ -74.230034, 49.57489 ], [ -74.245072, 49.565179 ], [ -74.253401, 49.553264 ], [ -74.256049, 49.539567 ], [ -74.252513, 49.525905 ], [ -74.250631, 49.513652 ], [ -74.297199, 49.48466 ], [ -74.312833, 49.480436 ], [ -74.33008, 49.490175 ], [ -74.344421, 49.500994 ], [ -74.359812, 49.4956 ], [ -74.37405, 49.48374 ], [ -74.383181, 49.471602 ], [ -74.409836, 49.423492 ], [ -74.412281, 49.411107 ], [ -74.407488, 49.397306 ], [ -74.404194, 49.38382 ], [ -74.404457, 49.370462 ], [ -74.409017, 49.357218 ], [ -74.416888, 49.34407 ], [ -74.428023, 49.330977 ], [ -74.421732, 49.323374 ], [ -74.398275, 49.321005 ], [ -74.383633, 49.312315 ], [ -74.354728, 49.293636 ], [ -74.308398, 49.265295 ], [ -74.295066, 49.271666 ], [ -74.283395, 49.283843 ], [ -74.232029, 49.282941 ], [ -74.229798, 49.268754 ], [ -74.226744, 49.240855 ], [ -74.227747, 49.227451 ], [ -74.231707, 49.214164 ], [ -74.253524, 49.148773 ], [ -74.276372, 49.083654 ], [ -74.284002, 49.071144 ], [ -74.292351, 49.058765 ], [ -74.301407, 49.046422 ], [ -74.306151, 49.033564 ], [ -74.304956, 49.019814 ], [ -74.296599, 49.007561 ], [ -74.284488, 48.996909 ], [ -74.291311, 48.98432 ], [ -74.305498, 48.974159 ], [ -74.328268, 48.947907 ], [ -74.346815, 48.924118 ], [ -74.371731, 48.926171 ], [ -74.391993, 48.928035 ], [ -74.434138, 48.934229 ], [ -74.447438, 48.939942 ], [ -74.434356, 48.952358 ], [ -74.442368, 48.965669 ], [ -74.456117, 48.9692 ], [ -74.46437, 48.956185 ], [ -74.475322, 48.943517 ], [ -74.49012, 48.933397 ], [ -74.508873, 48.928383 ], [ -74.531737, 48.930079 ], [ -74.529871, 48.938782 ], [ -74.517728, 48.951781 ], [ -74.544068, 48.988163 ], [ -74.563464, 48.995056 ], [ -74.57889, 48.98984 ], [ -74.59092, 48.9776 ], [ -74.607843, 48.970068 ], [ -74.627904, 48.966732 ], [ -74.648917, 48.967022 ], [ -74.66733, 48.972391 ], [ -74.665905, 48.985268 ], [ -74.656667, 48.998084 ], [ -74.64335, 49.008434 ], [ -74.628322, 49.018036 ], [ -74.61082, 49.026709 ], [ -74.606208, 49.038342 ], [ -74.616781, 49.050968 ], [ -74.635699, 49.050647 ], [ -74.656073, 49.044969 ], [ -74.673626, 49.035987 ], [ -74.690665, 49.034719 ], [ -74.706187, 49.045288 ], [ -74.707887, 49.058482 ], [ -74.715068, 49.072196 ], [ -74.726174, 49.065063 ], [ -74.737741, 49.054317 ], [ -74.757014, 49.058864 ], [ -74.773515, 49.067821 ], [ -74.784749, 49.079372 ], [ -74.792592, 49.092928 ], [ -74.800991, 49.104476 ], [ -74.819984, 49.104033 ], [ -74.839961, 49.097829 ], [ -74.855388, 49.088836 ], [ -74.914733, 49.052069 ], [ -74.927877, 49.041965 ], [ -74.937251, 49.029833 ], [ -74.977286, 48.967729 ], [ -74.982064, 48.954728 ], [ -74.984393, 48.941226 ], [ -74.9914, 48.928525 ], [ -75.004034, 48.91811 ], [ -75.129624, 48.85177 ], [ -75.147819, 48.846205 ], [ -75.168194, 48.843657 ], [ -75.187437, 48.838436 ], [ -75.205006, 48.830665 ], [ -75.209741, 48.81895 ], [ -75.239395, 48.789073 ], [ -75.253516, 48.77799 ], [ -75.261574, 48.766623 ], [ -75.243225, 48.760521 ], [ -75.222228, 48.760291 ], [ -75.204859, 48.753852 ], [ -75.214485, 48.743799 ], [ -75.230507, 48.734299 ], [ -75.240946, 48.722832 ], [ -75.258643, 48.698456 ], [ -75.276759, 48.673745 ], [ -75.288341, 48.663284 ], [ -75.307807, 48.660118 ], [ -75.327882, 48.656609 ], [ -75.34662, 48.649799 ], [ -75.356928, 48.639843 ], [ -75.370066, 48.600619 ], [ -75.372873, 48.587177 ], [ -75.371107, 48.573872 ], [ -75.367995, 48.560852 ], [ -75.373278, 48.547532 ], [ -75.383986, 48.53649 ], [ -75.400487, 48.52821 ], [ -75.413977, 48.518015 ], [ -75.424423, 48.506113 ], [ -75.42368, 48.493684 ], [ -75.420535, 48.480649 ], [ -75.426503, 48.467578 ], [ -75.433506, 48.45469 ], [ -75.442683, 48.442703 ], [ -75.458601, 48.434955 ], [ -75.476724, 48.428446 ], [ -75.489778, 48.418239 ], [ -75.499431, 48.406268 ], [ -75.506495, 48.393325 ], [ -75.508919, 48.380115 ], [ -75.502386, 48.367616 ], [ -75.492333, 48.355567 ], [ -75.480776, 48.344216 ], [ -75.473614, 48.332081 ], [ -75.47409, 48.318547 ], [ -75.473306, 48.305041 ], [ -75.46917, 48.291831 ], [ -75.462916, 48.279068 ], [ -75.45419, 48.266894 ], [ -75.446834, 48.254184 ], [ -75.440983, 48.240923 ], [ -75.444959, 48.228781 ], [ -75.457814, 48.217594 ], [ -75.460263, 48.204762 ], [ -75.457576, 48.191087 ], [ -75.454073, 48.17661 ], [ -75.454148, 48.16385 ], [ -75.469951, 48.158626 ], [ -75.491961, 48.156376 ], [ -75.525067, 48.159682 ], [ -75.545401, 48.160367 ], [ -75.564542, 48.157387 ], [ -75.615188, 48.134772 ], [ -75.623721, 48.123191 ], [ -75.627701, 48.109597 ], [ -75.627925, 48.096083 ], [ -75.653541, 48.059841 ], [ -75.665116, 48.049177 ], [ -75.680113, 48.040013 ], [ -75.695224, 48.031125 ], [ -75.709917, 48.022027 ], [ -75.721868, 48.0113 ], [ -75.732875, 48.000017 ], [ -75.744453, 48.025583 ], [ -75.750749, 48.038332 ], [ -75.759088, 48.050538 ], [ -75.771563, 48.061577 ], [ -75.772676, 48.074018 ], [ -75.76661, 48.087364 ], [ -75.761508, 48.101182 ], [ -75.761956, 48.113645 ], [ -75.779032, 48.120819 ], [ -75.794434, 48.129703 ], [ -75.805145, 48.141237 ], [ -75.812398, 48.154171 ], [ -75.813248, 48.167228 ], [ -75.802313, 48.178596 ], [ -75.792812, 48.190848 ], [ -75.800574, 48.200174 ], [ -75.821778, 48.198078 ], [ -75.881583, 48.190951 ], [ -75.897866, 48.183874 ], [ -75.926412, 48.164509 ], [ -75.939135, 48.153791 ], [ -75.949341, 48.140552 ], [ -75.96335, 48.138995 ], [ -75.981293, 48.148595 ], [ -75.998369, 48.145852 ], [ -76.037956, 48.138036 ], [ -76.05142, 48.132825 ], [ -76.051126, 48.118111 ], [ -76.063708, 48.107898 ], [ -76.078293, 48.098671 ], [ -76.094519, 48.090293 ], [ -76.112453, 48.085279 ], [ -76.132721, 48.085293 ], [ -76.152893, 48.08482 ], [ -76.192988, 48.083771 ], [ -76.213226, 48.082997 ], [ -76.234955, 48.079529 ], [ -76.23245, 48.088291 ], [ -76.225357, 48.102595 ], [ -76.230123, 48.114757 ], [ -76.248648, 48.120836 ], [ -76.26864, 48.122147 ], [ -76.288428, 48.118556 ], [ -76.30698, 48.113281 ], [ -76.325274, 48.107807 ], [ -76.345109, 48.10542 ], [ -76.365158, 48.105227 ], [ -76.424886, 48.11312 ], [ -76.427622, 48.125847 ], [ -76.442119, 48.13307 ], [ -76.463202, 48.135158 ], [ -76.481164, 48.130555 ], [ -76.548519, 48.100522 ], [ -76.563876, 48.09191 ], [ -76.578015, 48.082255 ], [ -76.59585, 48.076678 ], [ -76.615733, 48.073699 ], [ -76.675146, 48.067746 ], [ -76.714965, 48.065681 ], [ -76.73435, 48.063073 ], [ -76.792283, 48.052185 ], [ -76.80922, 48.045179 ], [ -76.824557, 48.036311 ], [ -76.837692, 48.024792 ], [ -76.852794, 48.020061 ], [ -76.871986, 48.0273 ], [ -76.886955, 48.02073 ], [ -76.899587, 48.008951 ], [ -76.944236, 47.964957 ], [ -76.945539, 47.950872 ], [ -76.954167, 47.940285 ], [ -76.994421, 47.91208 ], [ -77.062347, 47.884178 ], [ -77.079497, 47.877298 ], [ -77.097026, 47.870711 ], [ -77.115309, 47.86463 ], [ -77.128225, 47.855257 ], [ -77.153909, 47.818546 ], [ -77.161704, 47.805892 ], [ -77.168793, 47.793081 ], [ -77.183742, 47.785438 ], [ -77.204259, 47.782898 ], [ -77.224039, 47.785408 ], [ -77.240506, 47.792731 ], [ -77.251828, 47.804219 ], [ -77.274232, 47.830169 ], [ -77.29304, 47.833887 ], [ -77.308695, 47.842677 ], [ -77.356025, 47.869289 ], [ -77.358427, 47.879327 ], [ -77.346084, 47.891298 ], [ -77.341091, 47.904286 ], [ -77.342214, 47.918067 ], [ -77.349527, 47.930127 ], [ -77.362889, 47.940568 ], [ -77.376808, 47.951043 ], [ -77.392497, 47.958906 ], [ -77.411779, 47.956165 ], [ -77.431186, 47.953179 ], [ -77.448103, 47.960354 ], [ -77.460033, 47.97151 ], [ -77.4632, 47.986186 ], [ -77.472153, 47.995723 ], [ -77.492878, 47.996799 ], [ -77.512923, 47.993428 ], [ -77.529114, 47.98534 ], [ -77.545155, 47.976539 ], [ -77.561337, 47.96722 ], [ -77.578559, 47.966102 ], [ -77.596388, 47.974494 ], [ -77.604192, 47.986103 ], [ -77.606192, 48.000072 ], [ -77.627715, 47.983308 ], [ -77.64028, 47.972872 ], [ -77.651534, 47.961746 ], [ -77.660754, 47.949801 ], [ -77.665426, 47.935818 ], [ -77.671403, 47.923596 ], [ -77.689267, 47.919374 ], [ -77.710407, 47.92089 ], [ -77.726902, 47.928531 ], [ -77.74386, 47.935623 ], [ -77.765225, 47.938141 ], [ -77.783328, 47.935553 ], [ -77.790175, 47.923248 ], [ -77.796981, 47.9099 ], [ -77.806711, 47.898105 ], [ -77.853052, 47.854421 ], [ -77.910869, 47.84972 ], [ -77.916024, 47.850901 ], [ -77.90548, 47.86472 ], [ -77.895482, 47.877469 ], [ -77.886088, 47.889344 ], [ -77.879333, 47.901915 ], [ -77.868587, 47.928622 ], [ -77.86413, 47.941986 ], [ -77.874864, 47.951238 ], [ -77.895574, 47.956194 ], [ -77.915713, 47.955503 ], [ -77.934555, 47.950172 ], [ -77.945673, 47.939771 ], [ -77.953866, 47.926863 ], [ -77.962748, 47.914216 ], [ -77.974468, 47.904033 ], [ -78.046067, 47.883196 ], [ -78.086508, 47.886454 ], [ -78.104761, 47.890967 ], [ -78.121091, 47.899016 ], [ -78.139049, 47.905326 ], [ -78.158543, 47.909779 ], [ -78.176331, 47.907165 ], [ -78.192953, 47.89859 ], [ -78.212114, 47.894958 ], [ -78.232155, 47.893847 ], [ -78.253492, 47.894204 ], [ -78.27085, 47.89842 ], [ -78.290651, 47.921318 ], [ -78.284175, 47.928888 ], [ -78.291575, 47.973213 ], [ -78.295056, 47.986324 ], [ -78.306305, 47.997793 ], [ -78.325137, 48.001006 ], [ -78.33824, 48.011106 ], [ -78.346477, 48.02336 ], [ -78.368834, 48.058093 ], [ -78.357764, 48.069884 ], [ -78.346293, 48.081567 ], [ -78.336248, 48.093257 ], [ -78.337576, 48.106383 ], [ -78.338488, 48.119466 ], [ -78.327419, 48.131043 ], [ -78.31971, 48.143159 ], [ -78.321582, 48.156924 ], [ -78.33181, 48.168163 ], [ -78.346023, 48.1781 ], [ -78.352331, 48.191114 ], [ -78.349744, 48.204143 ], [ -78.3373, 48.215104 ], [ -78.320685, 48.222739 ], [ -78.254553, 48.247443 ], [ -78.232702, 48.247176 ], [ -78.217479, 48.252391 ], [ -78.212249, 48.266189 ], [ -78.203298, 48.278359 ], [ -78.172704, 48.313248 ], [ -78.158353, 48.322896 ], [ -78.143197, 48.331816 ], [ -78.137182, 48.345237 ], [ -78.13921, 48.358767 ], [ -78.155547, 48.363582 ], [ -78.176611, 48.366876 ], [ -78.191389, 48.376828 ], [ -78.195462, 48.389177 ], [ -78.200241, 48.456101 ], [ -78.199977, 48.469441 ], [ -78.196697, 48.482793 ], [ -78.192432, 48.496267 ], [ -78.188667, 48.509609 ], [ -78.195317, 48.52143 ], [ -78.257867, 48.575025 ], [ -78.270416, 48.585643 ], [ -78.284114, 48.595566 ], [ -78.299144, 48.604739 ], [ -78.315664, 48.612491 ], [ -78.334328, 48.617726 ], [ -78.353288, 48.62272 ], [ -78.371764, 48.628569 ], [ -78.388853, 48.635711 ], [ -78.404508, 48.644861 ], [ -78.415372, 48.655871 ], [ -78.416924, 48.669465 ], [ -78.420511, 48.682634 ], [ -78.431501, 48.69476 ], [ -78.446837, 48.70261 ], [ -78.467464, 48.703468 ], [ -78.488395, 48.701726 ], [ -78.508634, 48.697981 ], [ -78.520555, 48.687374 ], [ -78.527295, 48.67336 ], [ -78.540957, 48.673797 ], [ -78.558933, 48.683902 ], [ -78.579039, 48.680957 ], [ -78.598032, 48.676574 ], [ -78.615456, 48.669045 ], [ -78.629027, 48.659206 ], [ -78.636243, 48.646633 ], [ -78.639127, 48.633061 ], [ -78.639133, 48.619232 ], [ -78.634127, 48.606452 ], [ -78.619639, 48.596889 ], [ -78.607418, 48.58629 ], [ -78.601521, 48.573234 ], [ -78.592379, 48.520007 ], [ -78.595384, 48.506203 ], [ -78.671943, 48.493188 ], [ -78.690311, 48.492206 ], [ -78.696503, 48.505456 ], [ -78.701881, 48.519067 ], [ -78.714331, 48.528202 ], [ -78.734519, 48.53225 ], [ -78.75517, 48.533933 ], [ -78.774801, 48.536246 ], [ -78.787697, 48.546585 ], [ -78.800604, 48.556726 ], [ -78.820165, 48.558906 ], [ -78.841222, 48.55861 ], [ -78.861575, 48.55827 ], [ -78.881652, 48.556567 ], [ -78.960476, 48.54502 ], [ -78.979401, 48.540066 ], [ -78.998406, 48.534807 ], [ -79.016483, 48.528612 ], [ -79.027016, 48.517693 ], [ -79.034261, 48.504699 ], [ -79.041646, 48.490421 ], [ -79.051671, 48.482439 ], [ -79.069084, 48.491729 ], [ -79.090641, 48.492671 ], [ -79.10924, 48.488561 ], [ -79.115183, 48.475757 ], [ -79.110999, 48.46217 ], [ -79.094269, 48.455511 ], [ -79.046367, 48.430588 ], [ -78.992145, 48.390794 ], [ -78.98011, 48.38039 ], [ -78.987241, 48.366638 ], [ -79.00143, 48.369372 ], [ -79.017481, 48.380126 ], [ -79.036471, 48.381743 ], [ -79.057108, 48.378877 ], [ -79.07714, 48.374204 ], [ -79.095702, 48.373239 ], [ -79.111397, 48.384623 ], [ -79.124067, 48.382452 ], [ -79.134094, 48.36862 ], [ -79.141888, 48.356132 ], [ -79.154883, 48.330514 ], [ -79.160049, 48.317543 ], [ -79.15759, 48.303588 ], [ -79.16006, 48.291622 ], [ -79.176695, 48.283837 ], [ -79.19408, 48.276015 ], [ -79.210571, 48.267577 ], [ -79.219472, 48.256514 ], [ -79.220189, 48.242646 ], [ -79.225122, 48.228293 ], [ -79.236394, 48.220448 ], [ -79.253376, 48.228954 ], [ -79.271858, 48.23342 ], [ -79.291991, 48.229048 ], [ -79.307133, 48.220653 ], [ -79.31397, 48.207814 ], [ -79.319582, 48.194458 ], [ -79.325467, 48.18153 ], [ -79.339569, 48.17187 ], [ -79.357845, 48.166518 ], [ -79.460643, 48.164441 ], [ -79.473014, 48.167797 ], [ -79.467378, 48.182823 ], [ -79.464304, 48.197535 ], [ -79.477636, 48.201463 ], [ -79.499892, 48.197751 ], [ -79.517567, 48.192778 ], [ -79.571432, 48.1776 ], [ -79.576775, 48.16344 ], [ -79.587508, 48.153887 ], [ -79.611384, 48.153181 ], [ -79.619425, 48.159292 ], [ -79.607015, 48.172779 ], [ -79.609549, 48.185258 ], [ -79.620648, 48.197275 ], [ -79.634103, 48.208271 ], [ -79.643465, 48.218783 ], [ -79.639521, 48.256105 ], [ -79.634919, 48.269179 ], [ -79.630044, 48.282231 ], [ -79.631913, 48.296165 ], [ -79.700822, 48.345003 ], [ -79.711782, 48.339971 ], [ -79.721612, 48.325572 ], [ -79.732584, 48.313007 ], [ -79.745216, 48.303108 ], [ -79.801283, 48.3047 ], [ -79.821106, 48.307004 ], [ -79.841111, 48.310356 ], [ -79.862074, 48.315144 ], [ -79.877667, 48.312325 ], [ -79.885513, 48.298656 ], [ -79.885619, 48.284845 ], [ -79.885323, 48.271751 ], [ -79.899985, 48.262827 ], [ -79.91486, 48.253542 ], [ -79.919968, 48.240304 ], [ -79.9276, 48.228114 ], [ -79.945014, 48.220981 ], [ -79.964154, 48.223828 ], [ -79.983566, 48.228936 ], [ -80.002522, 48.234405 ], [ -80.020934, 48.231691 ], [ -80.039298, 48.225707 ], [ -80.059503, 48.227029 ], [ -80.078177, 48.232165 ], [ -80.091932, 48.242062 ], [ -80.106933, 48.2513 ], [ -80.127081, 48.258603 ], [ -80.140268, 48.255476 ], [ -80.14481, 48.240651 ], [ -80.157179, 48.230613 ], [ -80.176932, 48.226359 ], [ -80.235823, 48.220465 ], [ -80.255592, 48.219127 ], [ -80.275799, 48.221074 ], [ -80.294385, 48.227716 ], [ -80.311333, 48.234376 ], [ -80.328108, 48.227922 ], [ -80.340015, 48.215859 ], [ -80.335744, 48.203684 ], [ -80.327441, 48.190574 ], [ -80.330392, 48.177447 ], [ -80.337994, 48.164664 ], [ -80.350371, 48.159905 ], [ -80.372558, 48.198666 ], [ -80.377696, 48.21229 ], [ -80.380273, 48.227046 ], [ -80.434967, 48.243296 ], [ -80.455626, 48.240971 ], [ -80.47093, 48.232182 ], [ -80.480161, 48.219622 ], [ -80.476959, 48.206935 ], [ -80.470119, 48.193912 ], [ -80.474045, 48.180425 ], [ -80.484307, 48.168902 ], [ -80.502096, 48.162138 ], [ -80.521965, 48.160666 ], [ -80.540234, 48.166548 ], [ -80.559455, 48.171326 ], [ -80.580558, 48.172181 ], [ -80.592847, 48.163472 ], [ -80.601493, 48.150595 ], [ -80.621104, 48.146769 ], [ -80.638268, 48.152104 ], [ -80.651528, 48.163028 ], [ -80.662996, 48.174506 ], [ -80.677832, 48.183418 ], [ -80.699022, 48.186367 ], [ -80.70172, 48.176171 ], [ -80.699376, 48.147393 ], [ -80.697415, 48.120614 ], [ -80.69731, 48.107193 ], [ -80.70075, 48.093668 ], [ -80.71277, 48.083364 ], [ -80.727857, 48.091077 ], [ -80.743575, 48.09991 ], [ -80.763309, 48.104215 ], [ -80.782449, 48.10276 ], [ -80.800271, 48.09589 ], [ -80.815734, 48.087274 ], [ -80.857059, 48.055443 ], [ -80.849099, 48.048108 ], [ -80.863391, 47.982814 ], [ -80.907967, 47.966269 ], [ -80.940912, 47.955233 ], [ -80.972007, 47.941236 ], [ -80.970587, 47.927837 ], [ -80.96764, 47.90102 ], [ -80.964635, 47.887735 ], [ -80.957851, 47.874555 ], [ -80.957479, 47.86198 ], [ -80.982678, 47.823951 ], [ -80.997773, 47.821242 ], [ -81.018243, 47.826883 ], [ -81.032862, 47.835672 ], [ -81.048566, 47.828458 ], [ -81.079589, 47.810295 ], [ -81.137321, 47.773617 ], [ -81.156737, 47.759347 ], [ -81.155213, 47.718722 ], [ -81.155239, 47.70929 ], [ -81.1737, 47.715544 ], [ -81.193654, 47.71966 ], [ -81.213682, 47.720007 ], [ -81.234437, 47.719433 ], [ -81.255125, 47.71749 ], [ -81.261986, 47.707677 ], [ -81.259782, 47.692843 ], [ -81.255195, 47.677829 ], [ -81.264133, 47.672965 ], [ -81.286087, 47.676513 ], [ -81.305615, 47.674296 ], [ -81.325065, 47.670775 ], [ -81.34413, 47.666581 ], [ -81.359896, 47.657458 ], [ -81.369806, 47.645957 ], [ -81.358166, 47.636562 ], [ -81.340379, 47.628282 ], [ -81.325923, 47.619732 ], [ -81.330228, 47.607097 ], [ -81.333866, 47.593459 ], [ -81.332457, 47.579984 ], [ -81.320771, 47.569405 ], [ -81.309026, 47.558901 ], [ -81.304417, 47.505545 ], [ -81.306899, 47.492302 ], [ -81.309866, 47.478993 ], [ -81.310261, 47.465601 ], [ -81.309923, 47.444244 ], [ -81.330745, 47.450193 ], [ -81.345555, 47.450037 ], [ -81.369437, 47.41652 ], [ -81.399219, 47.381814 ], [ -81.405976, 47.368677 ], [ -81.402454, 47.355715 ], [ -81.39684, 47.342674 ], [ -81.40336, 47.330366 ], [ -81.412958, 47.318252 ], [ -81.422155, 47.306119 ], [ -81.423333, 47.293401 ], [ -81.417426, 47.280233 ], [ -81.408619, 47.267079 ], [ -81.400318, 47.254715 ], [ -81.411395, 47.247901 ], [ -81.432494, 47.243362 ], [ -81.448197, 47.234764 ], [ -81.454898, 47.22271 ], [ -81.456882, 47.20905 ], [ -81.45807, 47.195661 ], [ -81.457948, 47.182254 ], [ -81.4574, 47.168868 ], [ -81.45647, 47.151256 ], [ -81.474939, 47.166632 ], [ -81.48306, 47.178301 ], [ -81.483922, 47.191799 ], [ -81.483477, 47.20534 ], [ -81.482334, 47.218732 ], [ -81.4823, 47.232393 ], [ -81.484068, 47.245966 ], [ -81.512802, 47.262352 ], [ -81.529532, 47.268141 ], [ -81.546607, 47.271113 ], [ -81.547516, 47.285204 ], [ -81.552749, 47.298488 ], [ -81.563218, 47.309606 ], [ -81.5805, 47.317501 ], [ -81.598207, 47.313066 ], [ -81.614413, 47.306206 ], [ -81.6242, 47.316195 ], [ -81.631361, 47.330397 ], [ -81.637435, 47.343286 ], [ -81.636929, 47.356427 ], [ -81.633687, 47.369731 ], [ -81.634071, 47.383155 ], [ -81.636203, 47.396486 ], [ -81.640002, 47.409695 ], [ -81.645951, 47.422443 ], [ -81.65474, 47.434465 ], [ -81.664947, 47.445971 ], [ -81.696499, 47.481416 ], [ -81.712245, 47.481063 ], [ -81.728666, 47.47162 ], [ -81.738739, 47.459944 ], [ -81.751016, 47.448607 ], [ -81.76622, 47.44065 ], [ -81.822057, 47.454411 ], [ -81.834016, 47.461201 ], [ -81.833638, 47.476647 ], [ -81.843512, 47.483898 ], [ -81.865368, 47.480997 ], [ -81.883759, 47.475345 ], [ -81.902547, 47.475716 ], [ -81.940546, 47.484688 ], [ -81.958258, 47.490424 ], [ -81.974191, 47.498806 ], [ -81.986338, 47.509234 ], [ -81.989688, 47.523089 ], [ -81.99587, 47.534905 ], [ -82.013843, 47.540035 ], [ -82.034473, 47.544319 ], [ -82.050309, 47.546678 ], [ -82.041528, 47.535498 ], [ -82.032044, 47.521923 ], [ -82.028279, 47.507264 ], [ -82.033828, 47.496889 ], [ -82.075252, 47.493276 ], [ -82.093379, 47.497261 ], [ -82.109851, 47.504213 ], [ -82.129567, 47.500347 ], [ -82.143479, 47.491427 ], [ -82.145817, 47.477894 ], [ -82.150346, 47.464672 ], [ -82.162489, 47.453578 ], [ -82.180814, 47.448878 ], [ -82.200661, 47.446839 ], [ -82.204845, 47.434871 ], [ -82.207524, 47.421287 ], [ -82.225438, 47.413199 ], [ -82.241423, 47.41822 ], [ -82.253634, 47.430191 ], [ -82.253331, 47.443022 ], [ -82.250615, 47.456627 ], [ -82.256201, 47.469429 ], [ -82.264614, 47.481742 ], [ -82.273912, 47.493818 ], [ -82.28576, 47.50436 ], [ -82.302788, 47.511148 ], [ -82.32122, 47.51639 ], [ -82.340666, 47.519821 ], [ -82.360997, 47.521707 ], [ -82.423127, 47.522622 ], [ -82.509185, 47.485468 ], [ -82.520568, 47.475092 ], [ -82.529849, 47.463103 ], [ -82.5487, 47.458258 ], [ -82.567736, 47.459977 ], [ -82.581607, 47.469921 ], [ -82.597815, 47.478642 ], [ -82.616704, 47.483888 ], [ -82.629935, 47.476759 ], [ -82.641102, 47.464238 ], [ -82.653005, 47.453005 ], [ -82.667503, 47.444738 ], [ -82.68726, 47.442901 ], [ -82.707019, 47.439698 ], [ -82.725275, 47.433564 ], [ -82.73213, 47.421942 ], [ -82.730676, 47.407799 ], [ -82.717885, 47.397899 ], [ -82.707046, 47.386068 ], [ -82.701036, 47.373189 ], [ -82.708983, 47.360513 ], [ -82.724113, 47.351342 ], [ -82.787215, 47.356671 ], [ -82.801979, 47.363156 ], [ -82.8289, 47.38365 ], [ -82.841286, 47.394139 ], [ -82.85046, 47.406306 ], [ -82.848573, 47.418867 ], [ -82.843939, 47.431842 ], [ -82.848977, 47.445115 ], [ -82.860473, 47.455719 ], [ -82.875633, 47.464406 ], [ -82.87966, 47.477303 ], [ -82.879587, 47.491036 ], [ -82.876294, 47.504343 ], [ -82.875631, 47.517598 ], [ -82.876955, 47.557424 ], [ -82.878198, 47.571006 ], [ -82.883745, 47.58378 ], [ -82.897591, 47.596339 ], [ -82.911143, 47.600548 ], [ -82.917021, 47.586409 ], [ -82.927932, 47.57798 ], [ -82.986956, 47.57729 ], [ -83.006867, 47.577918 ], [ -83.025396, 47.582408 ], [ -83.03928, 47.592513 ], [ -83.056746, 47.597432 ], [ -83.077028, 47.598128 ], [ -83.097108, 47.597487 ], [ -83.116755, 47.597382 ], [ -83.134577, 47.602777 ], [ -83.151816, 47.609877 ], [ -83.180527, 47.621125 ], [ -83.197675, 47.627886 ], [ -83.214613, 47.634864 ], [ -83.230542, 47.643047 ], [ -83.246558, 47.650836 ], [ -83.265821, 47.655154 ], [ -83.324241, 47.666047 ], [ -83.38102, 47.679279 ], [ -83.3999, 47.681783 ], [ -83.419853, 47.679713 ], [ -83.43918, 47.675744 ], [ -83.456606, 47.669172 ], [ -83.464975, 47.655751 ], [ -83.474421, 47.647155 ], [ -83.494251, 47.652898 ], [ -83.50394, 47.663689 ], [ -83.502136, 47.678082 ], [ -83.511807, 47.688952 ], [ -83.52898, 47.696474 ], [ -83.577678, 47.715173 ], [ -83.594867, 47.707172 ], [ -83.615229, 47.699847 ], [ -83.626785, 47.701405 ], [ -83.621178, 47.715441 ], [ -83.62132, 47.729282 ], [ -83.629397, 47.741876 ], [ -83.642369, 47.752038 ], [ -83.657059, 47.760576 ], [ -83.662754, 47.80051 ], [ -83.659318, 47.814295 ], [ -83.648362, 47.824526 ], [ -83.628482, 47.82763 ], [ -83.610466, 47.833195 ], [ -83.561957, 47.856201 ], [ -83.547464, 47.865441 ], [ -83.53494, 47.87595 ], [ -83.52487, 47.887555 ], [ -83.514409, 47.899004 ], [ -83.502228, 47.909648 ], [ -83.477679, 47.930866 ], [ -83.464588, 47.941127 ], [ -83.449368, 47.950619 ], [ -83.442045, 47.962122 ], [ -83.443424, 47.975946 ], [ -83.448696, 47.989662 ], [ -83.45773, 48.003431 ], [ -83.468892, 48.004825 ], [ -83.481221, 47.99149 ], [ -83.4901, 47.97942 ], [ -83.499738, 47.967568 ], [ -83.511033, 47.955525 ], [ -83.527695, 47.950079 ], [ -83.549416, 47.951245 ], [ -83.621021, 47.979091 ], [ -83.63771, 47.986626 ], [ -83.652258, 47.996545 ], [ -83.670413, 47.994405 ], [ -83.689384, 47.98957 ], [ -83.704562, 47.997694 ], [ -83.720141, 48.007149 ], [ -83.737832, 48.012341 ], [ -83.758191, 48.008328 ], [ -83.773238, 48.014827 ], [ -83.803792, 48.063727 ], [ -83.811505, 48.07609 ], [ -83.797271, 48.129479 ], [ -83.787091, 48.139603 ], [ -83.768335, 48.145614 ], [ -83.751185, 48.152893 ], [ -83.717702, 48.168296 ], [ -83.702159, 48.176256 ], [ -83.694273, 48.188937 ], [ -83.69452, 48.202346 ], [ -83.703948, 48.214934 ], [ -83.738251, 48.230959 ], [ -83.764458, 48.234823 ], [ -83.821734, 48.222533 ], [ -83.840677, 48.217332 ], [ -83.856679, 48.209492 ], [ -83.867733, 48.196784 ], [ -83.880453, 48.190597 ], [ -83.89234, 48.202298 ], [ -83.894071, 48.215892 ], [ -83.895714, 48.229622 ], [ -83.897884, 48.243216 ], [ -83.911403, 48.252922 ], [ -83.927321, 48.246305 ], [ -83.942785, 48.23727 ], [ -83.962295, 48.240628 ], [ -83.98125, 48.241654 ], [ -83.99747, 48.23353 ], [ -84.028668, 48.215911 ], [ -84.043012, 48.205991 ], [ -84.056851, 48.196825 ], [ -84.077722, 48.199521 ], [ -84.088016, 48.209285 ], [ -84.079718, 48.221954 ], [ -84.06278, 48.229618 ], [ -84.044943, 48.236364 ], [ -84.026989, 48.242661 ], [ -84.014205, 48.252631 ], [ -84.003966, 48.264417 ], [ -83.987671, 48.272112 ], [ -83.968426, 48.277043 ], [ -83.951575, 48.283158 ], [ -83.915622, 48.315645 ], [ -83.908311, 48.326617 ], [ -83.88098, 48.371395 ], [ -83.880668, 48.385358 ], [ -83.875799, 48.39839 ], [ -83.86402, 48.424167 ], [ -83.851275, 48.452069 ], [ -83.862291, 48.452938 ], [ -83.883728, 48.446387 ], [ -83.906308, 48.441627 ], [ -83.923481, 48.440941 ], [ -83.914601, 48.48079 ], [ -83.911109, 48.492653 ], [ -83.892138, 48.499954 ], [ -83.882537, 48.508804 ], [ -83.900024, 48.516219 ], [ -83.953166, 48.535228 ], [ -83.972617, 48.53618 ], [ -83.992891, 48.533816 ], [ -84.014993, 48.530327 ], [ -84.060473, 48.550084 ], [ -84.074035, 48.556361 ], [ -84.076336, 48.570509 ], [ -84.072313, 48.583574 ], [ -84.062206, 48.595536 ], [ -84.051065, 48.607056 ], [ -84.039602, 48.61828 ], [ -84.040203, 48.632012 ], [ -84.054199, 48.625317 ], [ -84.07005, 48.614633 ], [ -84.110314, 48.609197 ], [ -84.12151, 48.615918 ], [ -84.126246, 48.630394 ], [ -84.142066, 48.641186 ], [ -84.158209, 48.643628 ], [ -84.171141, 48.632386 ], [ -84.186541, 48.62301 ], [ -84.248819, 48.588091 ], [ -84.26657, 48.583511 ], [ -84.287995, 48.585799 ], [ -84.304466, 48.58123 ], [ -84.315295, 48.568909 ], [ -84.325112, 48.55673 ], [ -84.336755, 48.546128 ], [ -84.365193, 48.520382 ], [ -84.377804, 48.512295 ], [ -84.398892, 48.511055 ], [ -84.418304, 48.51615 ], [ -84.431808, 48.52598 ], [ -84.429566, 48.53908 ], [ -84.420185, 48.565441 ], [ -84.42259, 48.594168 ], [ -84.430602, 48.603711 ], [ -84.429273, 48.618303 ], [ -84.419561, 48.656959 ], [ -84.402794, 48.664728 ], [ -84.38817, 48.673896 ], [ -84.363924, 48.711066 ], [ -84.356638, 48.723658 ], [ -84.357241, 48.736987 ], [ -84.367365, 48.749297 ], [ -84.384503, 48.755658 ], [ -84.405437, 48.75652 ], [ -84.424559, 48.752358 ], [ -84.443251, 48.746359 ], [ -84.461769, 48.738531 ], [ -84.479465, 48.735048 ], [ -84.495336, 48.744086 ], [ -84.511973, 48.749855 ], [ -84.530394, 48.742543 ], [ -84.598683, 48.712884 ], [ -84.610842, 48.703957 ], [ -84.614627, 48.690171 ], [ -84.623971, 48.678536 ], [ -84.639152, 48.669172 ], [ -84.651122, 48.657617 ], [ -84.65474, 48.645 ], [ -84.638745, 48.637392 ], [ -84.621331, 48.629097 ], [ -84.613365, 48.617083 ], [ -84.616279, 48.603364 ], [ -84.629763, 48.594026 ], [ -84.660909, 48.576215 ], [ -84.706787, 48.549676 ], [ -84.720479, 48.539195 ], [ -84.738092, 48.534109 ], [ -84.760045, 48.534931 ], [ -84.77382, 48.527775 ], [ -84.779607, 48.513649 ], [ -84.787676, 48.488423 ], [ -84.805233, 48.483189 ], [ -84.821295, 48.460977 ], [ -84.804984, 48.429683 ], [ -84.805894, 48.428163 ], [ -84.803433, 48.426267 ], [ -84.815679, 48.414044 ], [ -84.83269, 48.405462 ], [ -84.851373, 48.405061 ], [ -84.86156, 48.417355 ], [ -84.8715, 48.429414 ], [ -84.877741, 48.441833 ], [ -84.873457, 48.455661 ], [ -84.869164, 48.46971 ], [ -84.881696, 48.47599 ], [ -84.942888, 48.485761 ], [ -84.964781, 48.483247 ], [ -84.978834, 48.487967 ], [ -84.97997, 48.502615 ], [ -84.971583, 48.514787 ], [ -84.963003, 48.527155 ], [ -84.956781, 48.540004 ], [ -84.952895, 48.553222 ], [ -84.951144, 48.566683 ], [ -84.951948, 48.580411 ], [ -84.957058, 48.593306 ], [ -84.974789, 48.602327 ], [ -84.982937, 48.610819 ], [ -84.966569, 48.620407 ], [ -84.952365, 48.631107 ], [ -84.943347, 48.64286 ], [ -84.948352, 48.655666 ], [ -84.953445, 48.66884 ], [ -84.945349, 48.709444 ], [ -84.937064, 48.720204 ], [ -84.918162, 48.726927 ], [ -84.906342, 48.73755 ], [ -84.898677, 48.750297 ], [ -84.894024, 48.763455 ], [ -84.889296, 48.776513 ], [ -84.878802, 48.788167 ], [ -84.864133, 48.797433 ], [ -84.846332, 48.804203 ], [ -84.825731, 48.807653 ], [ -84.809699, 48.814659 ], [ -84.799823, 48.827327 ], [ -84.800342, 48.840189 ], [ -84.808937, 48.852944 ], [ -84.816829, 48.865705 ], [ -84.813125, 48.878516 ], [ -84.802895, 48.890898 ], [ -84.84655, 48.93363 ], [ -84.866552, 48.935211 ], [ -84.887481, 48.93705 ], [ -84.946032, 48.949236 ], [ -84.962446, 48.957215 ], [ -84.978372, 48.965695 ], [ -84.997983, 48.968788 ], [ -85.018802, 48.969744 ], [ -85.040589, 48.968756 ], [ -85.041496, 48.980757 ], [ -85.039781, 48.99502 ], [ -85.058041, 49.00021 ], [ -85.078181, 49.0054 ], [ -85.092122, 49.013729 ], [ -85.094975, 49.02737 ], [ -85.094984, 49.041221 ], [ -85.104294, 49.066355 ], [ -85.122246, 49.104078 ], [ -85.141795, 49.108618 ], [ -85.16291, 49.107526 ], [ -85.180598, 49.100191 ], [ -85.193905, 49.089724 ], [ -85.20083, 49.076157 ], [ -85.213405, 49.067554 ], [ -85.273049, 49.056519 ], [ -85.293133, 49.05336 ], [ -85.316194, 49.052884 ], [ -85.335239, 49.055464 ], [ -85.331314, 49.065751 ], [ -85.317254, 49.078628 ], [ -85.282178, 49.110801 ], [ -85.244783, 49.142278 ], [ -85.230697, 49.152041 ], [ -85.219128, 49.164869 ], [ -85.213886, 49.176859 ], [ -85.23341, 49.181265 ], [ -85.249056, 49.17389 ], [ -85.262245, 49.162609 ], [ -85.276061, 49.152131 ], [ -85.291756, 49.144017 ], [ -85.313573, 49.143485 ], [ -85.328991, 49.137535 ], [ -85.347116, 49.112722 ], [ -85.372849, 49.077037 ], [ -85.384961, 49.066032 ], [ -85.399653, 49.056187 ], [ -85.416866, 49.0466 ], [ -85.432271, 49.04613 ], [ -85.465032, 49.064823 ], [ -85.470798, 49.075054 ], [ -85.463153, 49.102743 ], [ -85.45635, 49.114929 ], [ -85.442764, 49.125342 ], [ -85.410809, 49.160589 ], [ -85.405788, 49.17248 ], [ -85.417151, 49.212593 ], [ -85.429346, 49.22216 ], [ -85.460034, 49.241684 ], [ -85.473877, 49.250393 ], [ -85.493729, 49.247541 ], [ -85.514177, 49.244626 ], [ -85.531275, 49.25207 ], [ -85.547564, 49.261394 ], [ -85.563184, 49.271058 ], [ -85.566012, 49.282542 ], [ -85.556403, 49.295675 ], [ -85.545756, 49.307616 ], [ -85.540096, 49.319953 ], [ -85.545499, 49.333505 ], [ -85.520044, 49.368622 ], [ -85.510585, 49.380365 ], [ -85.497384, 49.390976 ], [ -85.481044, 49.401373 ], [ -85.476395, 49.411255 ], [ -85.493915, 49.4207 ], [ -85.493992, 49.434197 ], [ -85.48108, 49.445126 ], [ -85.468107, 49.45536 ], [ -85.475338, 49.467854 ], [ -85.47886, 49.480281 ], [ -85.467137, 49.4917 ], [ -85.452987, 49.502404 ], [ -85.43713, 49.512396 ], [ -85.439692, 49.521247 ], [ -85.481605, 49.557212 ], [ -85.497617, 49.565664 ], [ -85.531408, 49.583261 ], [ -85.545727, 49.586787 ], [ -85.560914, 49.576466 ], [ -85.57182, 49.56403 ], [ -85.577746, 49.55051 ], [ -85.592117, 49.542733 ], [ -85.612827, 49.538928 ], [ -85.626498, 49.528925 ], [ -85.640186, 49.518432 ], [ -85.656614, 49.508017 ], [ -85.672962, 49.506643 ], [ -85.688858, 49.51687 ], [ -85.704588, 49.527469 ], [ -85.715035, 49.538492 ], [ -85.703582, 49.548945 ], [ -85.689912, 49.55973 ], [ -85.697655, 49.572475 ], [ -85.715717, 49.579511 ], [ -85.736173, 49.577488 ], [ -85.753946, 49.570595 ], [ -85.765397, 49.55901 ], [ -85.769798, 49.545827 ], [ -85.775016, 49.532715 ], [ -85.784705, 49.520051 ], [ -85.801074, 49.512815 ], [ -85.820043, 49.516154 ], [ -85.861184, 49.525522 ], [ -85.865523, 49.540286 ], [ -85.860574, 49.553447 ], [ -85.85338, 49.566061 ], [ -85.857691, 49.579549 ], [ -85.869437, 49.591154 ], [ -85.886625, 49.59977 ], [ -85.899756, 49.592147 ], [ -85.904656, 49.577932 ], [ -85.909264, 49.564915 ], [ -85.926918, 49.561765 ], [ -85.948863, 49.560843 ], [ -85.986455, 49.548926 ], [ -85.997099, 49.537081 ], [ -86.005893, 49.524727 ], [ -86.023568, 49.525018 ], [ -86.067299, 49.528 ], [ -86.08054, 49.53526 ], [ -86.087139, 49.549195 ], [ -86.103113, 49.557003 ], [ -86.123453, 49.561298 ], [ -86.144888, 49.563173 ], [ -86.160734, 49.570054 ], [ -86.204692, 49.589447 ], [ -86.190098, 49.601357 ], [ -86.167891, 49.607397 ], [ -86.152977, 49.612932 ], [ -86.165685, 49.622083 ], [ -86.186911, 49.628498 ], [ -86.209462, 49.626462 ], [ -86.225778, 49.630107 ], [ -86.232517, 49.643568 ], [ -86.235537, 49.65801 ], [ -86.2356, 49.672777 ], [ -86.24784, 49.676516 ], [ -86.270266, 49.672278 ], [ -86.288885, 49.680704 ], [ -86.295881, 49.691649 ], [ -86.27995, 49.700874 ], [ -86.26701, 49.711801 ], [ -86.265578, 49.725886 ], [ -86.300603, 49.787643 ], [ -86.317055, 49.790462 ], [ -86.337914, 49.784417 ], [ -86.35154, 49.774855 ], [ -86.355955, 49.761203 ], [ -86.357302, 49.747258 ], [ -86.356254, 49.733446 ], [ -86.368384, 49.723891 ], [ -86.399109, 49.704723 ], [ -86.416297, 49.698166 ], [ -86.43848, 49.697195 ], [ -86.451408, 49.689096 ], [ -86.483913, 49.654703 ], [ -86.492621, 49.642259 ], [ -86.494541, 49.628815 ], [ -86.494707, 49.615358 ], [ -86.505765, 49.604081 ], [ -86.521456, 49.594711 ], [ -86.541269, 49.589615 ], [ -86.558943, 49.583582 ], [ -86.566614, 49.57125 ], [ -86.572684, 49.557845 ], [ -86.579654, 49.544878 ], [ -86.592438, 49.534779 ], [ -86.610079, 49.527187 ], [ -86.628092, 49.523541 ], [ -86.640889, 49.535503 ], [ -86.659352, 49.5361 ], [ -86.724694, 49.512451 ], [ -86.740456, 49.504023 ], [ -86.751755, 49.492325 ], [ -86.754999, 49.479314 ], [ -86.755255, 49.465537 ], [ -86.759394, 49.45218 ], [ -86.766774, 49.439643 ], [ -86.8015, 49.405637 ], [ -86.814897, 49.3968 ], [ -86.836151, 49.394775 ], [ -86.858171, 49.394039 ], [ -86.913735, 49.368246 ], [ -86.929411, 49.35892 ], [ -86.93743, 49.346523 ], [ -86.92164, 49.338023 ], [ -86.913397, 49.326371 ], [ -86.911232, 49.298645 ], [ -86.911285, 49.28516 ], [ -86.923837, 49.272286 ], [ -86.935857, 49.27265 ], [ -86.941434, 49.266012 ], [ -86.965916, 49.22878 ], [ -86.971608, 49.216486 ], [ -86.968447, 49.202955 ], [ -86.962726, 49.189631 ], [ -86.959952, 49.176923 ], [ -86.978956, 49.152586 ], [ -86.988804, 49.140969 ], [ -87.020033, 49.10751 ], [ -87.056726, 49.073925 ], [ -87.070058, 49.075102 ], [ -87.08445, 49.087244 ], [ -87.134276, 49.132139 ], [ -87.125481, 49.138619 ], [ -87.103895, 49.142548 ], [ -87.099714, 49.155796 ], [ -87.105461, 49.168747 ], [ -87.117802, 49.179851 ], [ -87.129901, 49.191063 ], [ -87.140605, 49.202596 ], [ -87.141919, 49.215798 ], [ -87.141064, 49.229441 ], [ -87.141377, 49.24294 ], [ -87.142065, 49.256494 ], [ -87.144097, 49.269879 ], [ -87.154113, 49.27975 ], [ -87.172988, 49.272868 ], [ -87.183278, 49.261508 ], [ -87.184509, 49.247287 ], [ -87.235379, 49.212338 ], [ -87.277823, 49.183942 ], [ -87.294082, 49.177927 ], [ -87.315626, 49.176698 ], [ -87.333515, 49.1698 ], [ -87.346495, 49.159375 ], [ -87.349123, 49.14542 ], [ -87.339133, 49.134767 ], [ -87.321074, 49.127075 ], [ -87.304237, 49.116857 ], [ -87.294712, 49.106469 ], [ -87.3097, 49.098284 ], [ -87.330915, 49.09469 ], [ -87.351505, 49.096653 ], [ -87.372036, 49.099415 ], [ -87.39168, 49.103403 ], [ -87.405661, 49.113028 ], [ -87.420271, 49.122424 ], [ -87.438786, 49.128499 ], [ -87.425897, 49.148884 ], [ -87.416906, 49.160977 ], [ -87.404147, 49.170955 ], [ -87.386132, 49.177988 ], [ -87.368, 49.185398 ], [ -87.350006, 49.193188 ], [ -87.345918, 49.203936 ], [ -87.355931, 49.244474 ], [ -87.366526, 49.271433 ], [ -87.374668, 49.283019 ], [ -87.3952, 49.281289 ], [ -87.414222, 49.285585 ], [ -87.450207, 49.294799 ], [ -87.458916, 49.306902 ], [ -87.458198, 49.320647 ], [ -87.456241, 49.334685 ], [ -87.450758, 49.347483 ], [ -87.431958, 49.353229 ], [ -87.415012, 49.358959 ], [ -87.4195, 49.372791 ], [ -87.422597, 49.386248 ], [ -87.422679, 49.399678 ], [ -87.418594, 49.412967 ], [ -87.412362, 49.426041 ], [ -87.402511, 49.437689 ], [ -87.387034, 49.446792 ], [ -87.370138, 49.454775 ], [ -87.352222, 49.461651 ], [ -87.331385, 49.464808 ], [ -87.313283, 49.469381 ], [ -87.287124, 49.506426 ], [ -87.271174, 49.531377 ], [ -87.262475, 49.543504 ], [ -87.2269, 49.577236 ], [ -87.211572, 49.585442 ], [ -87.201572, 49.612591 ], [ -87.204725, 49.62623 ], [ -87.202716, 49.639463 ], [ -87.193974, 49.65214 ], [ -87.180147, 49.661897 ], [ -87.141572, 49.688488 ], [ -87.101744, 49.719113 ], [ -87.090589, 49.730751 ], [ -87.086485, 49.74353 ], [ -87.08762, 49.757264 ], [ -87.086626, 49.770791 ], [ -87.082759, 49.784048 ], [ -87.07305, 49.811391 ], [ -87.059838, 49.819121 ], [ -87.037547, 49.820213 ], [ -87.01856, 49.826632 ], [ -87.004875, 49.837001 ], [ -87.010497, 49.851057 ], [ -87.025406, 49.850998 ], [ -87.043309, 49.841065 ], [ -87.062339, 49.83443 ], [ -87.082033, 49.830754 ], [ -87.155451, 49.824237 ], [ -87.17412, 49.829799 ], [ -87.185772, 49.842582 ], [ -87.202124, 49.844906 ], [ -87.222582, 49.838516 ], [ -87.242922, 49.834447 ], [ -87.263488, 49.832105 ], [ -87.284074, 49.834474 ], [ -87.304493, 49.837452 ], [ -87.323714, 49.832387 ], [ -87.345045, 49.829399 ], [ -87.363849, 49.832346 ], [ -87.372578, 49.84514 ], [ -87.386344, 49.854768 ], [ -87.40691, 49.858482 ], [ -87.428061, 49.857972 ], [ -87.448149, 49.860604 ], [ -87.489481, 49.870548 ], [ -87.506819, 49.875841 ], [ -87.506324, 49.887615 ], [ -87.498993, 49.901654 ], [ -87.490471, 49.914822 ], [ -87.479165, 49.926229 ], [ -87.456432, 49.949116 ], [ -87.443254, 49.959525 ], [ -87.427527, 49.968555 ], [ -87.41091, 49.976842 ], [ -87.393628, 49.984564 ], [ -87.331043, 50.020559 ], [ -87.268147, 50.056585 ], [ -87.264946, 50.06893 ], [ -87.27663, 50.12641 ], [ -87.284463, 50.139935 ], [ -87.292342, 50.151366 ], [ -87.313599, 50.153696 ], [ -87.333893, 50.150047 ], [ -87.350956, 50.141547 ], [ -87.365333, 50.131101 ], [ -87.377802, 50.119667 ], [ -87.395482, 50.119523 ], [ -87.457273, 50.130818 ], [ -87.461407, 50.138062 ], [ -87.439911, 50.165091 ], [ -87.42885, 50.1764 ], [ -87.409926, 50.178943 ], [ -87.387535, 50.178236 ], [ -87.364586, 50.183296 ], [ -87.358861, 50.190614 ], [ -87.379486, 50.1987 ], [ -87.399533, 50.207825 ], [ -87.406386, 50.2164 ], [ -87.386106, 50.222724 ], [ -87.371377, 50.232024 ], [ -87.381688, 50.24236 ], [ -87.443452, 50.246985 ], [ -87.460616, 50.239655 ], [ -87.477177, 50.230249 ], [ -87.492603, 50.220378 ], [ -87.509731, 50.213463 ], [ -87.531054, 50.212892 ], [ -87.554068, 50.215233 ], [ -87.567145, 50.221161 ], [ -87.530614, 50.253849 ], [ -87.511378, 50.258692 ], [ -87.491631, 50.263303 ], [ -87.48103, 50.276718 ], [ -87.487813, 50.28513 ], [ -87.53252, 50.287474 ], [ -87.553984, 50.285814 ], [ -87.575022, 50.283097 ], [ -87.59269, 50.289853 ], [ -87.604683, 50.301788 ], [ -87.597727, 50.31346 ], [ -87.583085, 50.324161 ], [ -87.567766, 50.33358 ], [ -87.553909, 50.343818 ], [ -87.526615, 50.366472 ], [ -87.523775, 50.376754 ], [ -87.545692, 50.381947 ], [ -87.565509, 50.377523 ], [ -87.583057, 50.369594 ], [ -87.599146, 50.360595 ], [ -87.618145, 50.354934 ], [ -87.639175, 50.352343 ], [ -87.703893, 50.351606 ], [ -87.722045, 50.352807 ], [ -87.730387, 50.365438 ], [ -87.736358, 50.379731 ], [ -87.741095, 50.394444 ], [ -87.753966, 50.398203 ], [ -87.796363, 50.38919 ], [ -87.849967, 50.374901 ], [ -87.868978, 50.379407 ], [ -87.888837, 50.386189 ], [ -87.908544, 50.391516 ], [ -87.928788, 50.394935 ], [ -87.950068, 50.39423 ], [ -87.971717, 50.39386 ], [ -87.992615, 50.39522 ], [ -88.009718, 50.402667 ], [ -88.024972, 50.412592 ], [ -88.038669, 50.423104 ], [ -88.053876, 50.432265 ], [ -88.073335, 50.437866 ], [ -88.093106, 50.442871 ], [ -88.113032, 50.447567 ], [ -88.13423, 50.446375 ], [ -88.155474, 50.446043 ], [ -88.177211, 50.447037 ], [ -88.193876, 50.453955 ], [ -88.204382, 50.466188 ], [ -88.210382, 50.479423 ], [ -88.20828, 50.492454 ], [ -88.192366, 50.501595 ], [ -88.171754, 50.507596 ], [ -88.152354, 50.511337 ], [ -88.163546, 50.54303 ], [ -88.18657, 50.546525 ], [ -88.205433, 50.554607 ], [ -88.21494, 50.565139 ], [ -88.20387, 50.577428 ], [ -88.195019, 50.590027 ], [ -88.188732, 50.602928 ], [ -88.187185, 50.616977 ], [ -88.194684, 50.629331 ], [ -88.207794, 50.630955 ], [ -88.226161, 50.626116 ], [ -88.252611, 50.610218 ], [ -88.262587, 50.598361 ], [ -88.305559, 50.568079 ], [ -88.322329, 50.559979 ], [ -88.342846, 50.556381 ], [ -88.363469, 50.553334 ], [ -88.382316, 50.546844 ], [ -88.395815, 50.536022 ], [ -88.415272, 50.5324 ], [ -88.437062, 50.533227 ], [ -88.458874, 50.536436 ], [ -88.475425, 50.543759 ], [ -88.484308, 50.556629 ], [ -88.48515, 50.570099 ], [ -88.473464, 50.582902 ], [ -88.472455, 50.594065 ], [ -88.490762, 50.602722 ], [ -88.506623, 50.613998 ], [ -88.512731, 50.625124 ], [ -88.495498, 50.631626 ], [ -88.456593, 50.645931 ], [ -88.43487, 50.64663 ], [ -88.414104, 50.646568 ], [ -88.404278, 50.657321 ], [ -88.399138, 50.671707 ], [ -88.397135, 50.685585 ], [ -88.389461, 50.697416 ], [ -88.371319, 50.705767 ], [ -88.367068, 50.718763 ], [ -88.379045, 50.729021 ], [ -88.418257, 50.741459 ], [ -88.439219, 50.746518 ], [ -88.45847, 50.746146 ], [ -88.468355, 50.73396 ], [ -88.474867, 50.720497 ], [ -88.479001, 50.707063 ], [ -88.487696, 50.693468 ], [ -88.50067, 50.68279 ], [ -88.507007, 50.692113 ], [ -88.529781, 50.746524 ], [ -88.522135, 50.761011 ], [ -88.518923, 50.771947 ], [ -88.540952, 50.771533 ], [ -88.559688, 50.764596 ], [ -88.606779, 50.736499 ], [ -88.618914, 50.724738 ], [ -88.639806, 50.72116 ], [ -88.642004, 50.730979 ], [ -88.646594, 50.744787 ], [ -88.659045, 50.755262 ], [ -88.693876, 50.738831 ], [ -88.706115, 50.728418 ], [ -88.709312, 50.714536 ], [ -88.702059, 50.701822 ], [ -88.720591, 50.687658 ], [ -88.738178, 50.692381 ], [ -88.781083, 50.682149 ], [ -88.799624, 50.677628 ], [ -88.792123, 50.665699 ], [ -88.789026, 50.652848 ], [ -88.802966, 50.641466 ], [ -88.821586, 50.636289 ], [ -88.843788, 50.636127 ], [ -88.864702, 50.6327 ], [ -88.884128, 50.626997 ], [ -88.899422, 50.617569 ], [ -88.909641, 50.60553 ], [ -88.914239, 50.591292 ], [ -88.908049, 50.579438 ], [ -88.887689, 50.572093 ], [ -88.869294, 50.565217 ], [ -88.874476, 50.5548 ], [ -88.893285, 50.54599 ], [ -88.913652, 50.541321 ], [ -88.930973, 50.533908 ], [ -88.997642, 50.498793 ], [ -89.001476, 50.487921 ], [ -88.990377, 50.475339 ], [ -88.998653, 50.463574 ], [ -89.011336, 50.451897 ], [ -89.021813, 50.440093 ], [ -89.031582, 50.428066 ], [ -89.040437, 50.415663 ], [ -89.064962, 50.364625 ], [ -89.067315, 50.351238 ], [ -89.067432, 50.337935 ], [ -89.112378, 50.308354 ], [ -89.128537, 50.310674 ], [ -89.169481, 50.319887 ], [ -89.1864, 50.311685 ], [ -89.20012, 50.310322 ], [ -89.220815, 50.318324 ], [ -89.23883, 50.325589 ], [ -89.255308, 50.334518 ], [ -89.271721, 50.344844 ], [ -89.278333, 50.355758 ], [ -89.265683, 50.367213 ], [ -89.257081, 50.379782 ], [ -89.260576, 50.395065 ], [ -89.273835, 50.400394 ], [ -89.295985, 50.394103 ], [ -89.307702, 50.383506 ], [ -89.327447, 50.356956 ], [ -89.332994, 50.346462 ], [ -89.310233, 50.346566 ], [ -89.297523, 50.338337 ], [ -89.304477, 50.325764 ], [ -89.324649, 50.319504 ], [ -89.338159, 50.309899 ], [ -89.342839, 50.296138 ], [ -89.339, 50.282607 ], [ -89.331161, 50.26972 ], [ -89.345943, 50.26166 ], [ -89.36682, 50.263248 ], [ -89.386252, 50.269184 ], [ -89.401656, 50.278374 ], [ -89.416694, 50.288124 ], [ -89.432297, 50.297932 ], [ -89.450997, 50.3039 ], [ -89.473549, 50.302434 ], [ -89.468363, 50.292429 ], [ -89.454481, 50.279686 ], [ -89.441805, 50.268527 ], [ -89.432976, 50.256592 ], [ -89.432144, 50.243029 ], [ -89.430431, 50.229464 ], [ -89.423363, 50.202873 ], [ -89.410942, 50.190892 ], [ -89.400115, 50.181468 ], [ -89.418937, 50.176687 ], [ -89.441233, 50.17779 ], [ -89.459283, 50.185323 ], [ -89.477973, 50.191966 ], [ -89.49742, 50.197289 ], [ -89.55945, 50.208632 ], [ -89.572512, 50.203775 ], [ -89.580755, 50.189581 ], [ -89.594595, 50.179204 ], [ -89.611561, 50.171186 ], [ -89.671537, 50.1582 ], [ -89.692601, 50.160765 ], [ -89.710394, 50.159332 ], [ -89.721797, 50.146944 ], [ -89.731094, 50.134699 ], [ -89.782748, 50.092418 ], [ -89.803221, 50.090889 ], [ -89.824259, 50.088563 ], [ -89.842087, 50.0806 ], [ -89.883633, 50.050523 ], [ -89.906149, 50.026599 ], [ -89.928734, 50.00347 ], [ -89.942303, 49.993648 ], [ -89.98601, 49.967606 ], [ -90.003991, 49.976314 ], [ -90.016199, 49.968345 ], [ -90.019117, 49.954406 ], [ -90.019794, 49.94081 ], [ -90.047345, 49.920776 ], [ -90.061081, 49.910885 ], [ -90.081638, 49.907753 ], [ -90.100851, 49.900665 ], [ -90.11116, 49.890695 ], [ -90.105109, 49.876905 ], [ -90.099627, 49.863533 ], [ -90.097696, 49.850419 ], [ -90.107432, 49.838178 ], [ -90.11052, 49.825009 ], [ -90.107647, 49.811422 ], [ -90.099461, 49.799042 ], [ -90.087224, 49.78764 ], [ -90.070647, 49.78045 ], [ -90.047501, 49.783633 ], [ -90.041627, 49.792858 ], [ -90.050798, 49.820247 ], [ -90.062082, 49.832431 ], [ -90.067651, 49.84281 ], [ -90.028786, 49.872208 ], [ -90.011139, 49.879498 ], [ -89.991517, 49.885255 ], [ -89.9326, 49.897376 ], [ -89.909664, 49.899571 ], [ -89.897376, 49.892698 ], [ -89.896373, 49.877746 ], [ -89.883106, 49.867424 ], [ -89.868061, 49.873156 ], [ -89.855594, 49.884907 ], [ -89.836983, 49.892603 ], [ -89.817681, 49.894979 ], [ -89.802457, 49.885317 ], [ -89.804816, 49.872178 ], [ -89.810866, 49.858616 ], [ -89.818717, 49.845995 ], [ -89.82692, 49.833692 ], [ -89.844488, 49.82637 ], [ -89.864539, 49.822038 ], [ -89.88602, 49.820893 ], [ -89.902184, 49.813373 ], [ -89.912739, 49.801211 ], [ -89.914295, 49.787757 ], [ -89.918425, 49.774698 ], [ -89.939615, 49.736482 ], [ -89.956805, 49.729994 ], [ -89.974112, 49.722197 ], [ -89.987862, 49.711792 ], [ -90.018581, 49.682262 ], [ -90.027836, 49.670759 ], [ -90.033608, 49.657625 ], [ -90.052535, 49.650329 ], [ -90.070571, 49.653245 ], [ -90.083606, 49.66628 ], [ -90.09573, 49.661859 ], [ -90.148091, 49.642105 ], [ -90.163398, 49.632333 ], [ -90.168787, 49.619752 ], [ -90.169304, 49.605769 ], [ -90.18299, 49.596701 ], [ -90.202419, 49.590434 ], [ -90.221028, 49.584257 ], [ -90.230413, 49.57206 ], [ -90.224414, 49.559766 ], [ -90.229675, 49.528654 ], [ -90.243131, 49.50313 ], [ -90.268308, 49.472968 ], [ -90.276509, 49.460481 ], [ -90.278303, 49.446814 ], [ -90.271554, 49.433544 ], [ -90.258134, 49.423815 ], [ -90.220623, 49.407435 ], [ -90.197859, 49.403652 ], [ -90.175692, 49.40219 ], [ -90.167957, 49.392933 ], [ -90.177024, 49.380119 ], [ -90.189732, 49.369276 ], [ -90.202206, 49.358259 ], [ -90.21391, 49.347011 ], [ -90.218463, 49.331992 ], [ -90.212592, 49.326848 ], [ -90.198096, 49.335809 ], [ -90.185621, 49.341252 ], [ -90.180492, 49.326241 ], [ -90.18872, 49.315535 ], [ -90.206867, 49.307787 ], [ -90.213429, 49.303037 ], [ -90.20618, 49.275908 ], [ -90.193025, 49.26642 ], [ -90.173705, 49.260858 ], [ -90.175795, 49.248923 ], [ -90.186741, 49.235884 ], [ -90.203397, 49.227919 ], [ -90.21736, 49.217594 ], [ -90.226772, 49.205025 ], [ -90.214727, 49.194748 ], [ -90.215327, 49.18813 ], [ -90.238355, 49.184088 ], [ -90.256033, 49.189028 ], [ -90.272151, 49.198481 ], [ -90.291797, 49.201437 ], [ -90.319238, 49.202684 ], [ -90.321498, 49.189268 ], [ -90.323775, 49.175831 ], [ -90.32817, 49.161663 ], [ -90.320135, 49.151309 ], [ -90.300473, 49.144855 ], [ -90.279771, 49.142057 ], [ -90.260692, 49.1385 ], [ -90.248943, 49.127588 ], [ -90.2411, 49.114718 ], [ -90.236674, 49.1015 ], [ -90.234649, 49.087917 ], [ -90.234087, 49.074247 ], [ -90.222081, 49.063518 ], [ -90.206486, 49.05414 ], [ -90.211936, 49.042182 ], [ -90.217354, 49.030291 ], [ -90.203177, 49.019641 ], [ -90.185084, 49.013775 ], [ -90.16486, 49.018682 ], [ -90.146106, 49.014019 ], [ -90.132644, 49.003564 ], [ -90.118187, 48.994465 ], [ -90.098038, 48.991847 ], [ -90.078418, 48.987967 ], [ -90.061432, 48.980217 ], [ -90.04862, 48.969707 ], [ -90.035876, 48.95921 ], [ -90.018361, 48.950794 ], [ -89.999802, 48.950174 ], [ -89.981024, 48.958061 ], [ -89.963107, 48.955566 ], [ -89.963364, 48.943154 ], [ -89.972829, 48.931464 ], [ -89.95546, 48.924871 ], [ -89.935337, 48.919956 ], [ -89.916366, 48.914994 ], [ -89.900464, 48.906292 ], [ -89.88868, 48.895356 ], [ -89.868106, 48.855983 ], [ -89.87069, 48.846605 ], [ -89.892003, 48.841381 ], [ -89.90958, 48.833233 ], [ -89.919873, 48.822511 ], [ -89.915125, 48.808972 ], [ -89.917232, 48.796099 ], [ -89.961009, 48.750112 ], [ -89.980459, 48.747197 ], [ -90.000335, 48.750577 ], [ -90.056388, 48.76566 ], [ -90.070713, 48.772137 ], [ -90.077883, 48.785548 ], [ -90.092863, 48.794432 ], [ -90.139869, 48.818111 ], [ -90.203415, 48.824814 ], [ -90.222261, 48.825884 ], [ -90.242722, 48.821147 ], [ -90.255104, 48.810595 ], [ -90.264711, 48.798288 ], [ -90.27425, 48.786294 ], [ -90.290313, 48.779023 ], [ -90.347192, 48.763007 ], [ -90.367162, 48.761173 ], [ -90.407706, 48.75751 ], [ -90.48263, 48.745428 ], [ -90.497185, 48.749735 ], [ -90.510643, 48.761968 ], [ -90.52985, 48.762417 ], [ -90.550313, 48.762685 ], [ -90.570511, 48.76147 ], [ -90.59057, 48.758978 ], [ -90.610502, 48.755942 ], [ -90.630144, 48.752353 ], [ -90.648912, 48.747279 ], [ -90.686033, 48.735814 ], [ -90.703459, 48.729125 ], [ -90.717024, 48.718433 ], [ -90.734032, 48.713009 ], [ -90.755029, 48.7134 ], [ -90.816588, 48.704605 ], [ -90.834761, 48.7017 ], [ -90.835443, 48.689321 ], [ -90.826396, 48.675988 ], [ -90.807882, 48.669144 ], [ -90.789371, 48.6729 ], [ -90.770392, 48.679018 ], [ -90.749341, 48.681091 ], [ -90.729702, 48.679362 ], [ -90.683938, 48.66454 ], [ -90.644473, 48.658077 ], [ -90.625391, 48.654923 ], [ -90.607323, 48.661523 ], [ -90.58866, 48.666381 ], [ -90.568245, 48.665199 ], [ -90.5484, 48.661293 ], [ -90.53212, 48.653169 ], [ -90.531656, 48.626229 ], [ -90.533903, 48.613666 ], [ -90.546102, 48.602247 ], [ -90.564545, 48.596127 ], [ -90.584895, 48.593212 ], [ -90.585255, 48.581511 ], [ -90.57456, 48.568356 ], [ -90.55729, 48.562353 ], [ -90.537376, 48.557695 ], [ -90.51924, 48.551151 ], [ -90.503585, 48.54286 ], [ -90.491179, 48.53138 ], [ -90.485655, 48.518922 ], [ -90.496233, 48.506879 ], [ -90.500403, 48.494897 ], [ -90.481708, 48.469714 ], [ -90.470525, 48.461721 ], [ -90.449168, 48.464022 ], [ -90.428909, 48.464934 ], [ -90.408656, 48.465271 ], [ -90.385351, 48.465358 ], [ -90.380989, 48.457457 ], [ -90.399927, 48.43121 ], [ -90.410015, 48.419617 ], [ -90.42828, 48.409585 ], [ -90.435148, 48.403122 ], [ -90.4038, 48.379073 ], [ -90.385353, 48.372643 ], [ -90.334918, 48.363776 ], [ -90.319525, 48.365407 ], [ -90.303282, 48.375714 ], [ -90.285426, 48.383474 ], [ -90.266916, 48.387685 ], [ -90.192303, 48.375091 ], [ -90.177486, 48.366095 ], [ -90.172533, 48.352665 ], [ -90.163329, 48.341226 ], [ -90.146189, 48.333498 ], [ -90.127168, 48.329199 ], [ -90.106743, 48.328896 ], [ -90.084854, 48.333399 ], [ -90.071511, 48.330542 ], [ -90.074037, 48.315481 ], [ -90.088069, 48.306426 ], [ -90.105487, 48.298656 ], [ -90.123074, 48.29223 ], [ -90.143269, 48.2927 ], [ -90.16335, 48.291281 ], [ -90.180305, 48.284322 ], [ -90.194281, 48.274398 ], [ -90.210606, 48.266817 ], [ -90.229597, 48.261988 ], [ -90.249171, 48.258546 ], [ -90.268317, 48.254622 ], [ -90.320914, 48.234997 ], [ -90.337898, 48.228554 ], [ -90.384287, 48.202208 ], [ -90.37793, 48.191243 ], [ -90.368812, 48.179697 ], [ -90.441529, 48.133369 ], [ -90.458249, 48.12589 ], [ -90.47575, 48.119182 ], [ -90.493726, 48.112902 ], [ -90.512946, 48.110094 ], [ -90.533287, 48.11045 ], [ -90.552085, 48.106297 ], [ -90.565208, 48.101449 ], [ -90.571613, 48.094335 ], [ -90.574104, 48.086586 ], [ -90.574707, 48.083329 ], [ -90.578103, 48.070409 ], [ -90.584423, 48.052862 ], [ -90.598557, 48.041271 ], [ -90.601204, 48.038025 ], [ -90.602493, 48.034329 ], [ -90.604439, 48.029243 ], [ -90.607773, 48.026913 ], [ -90.612472, 48.025497 ], [ -90.620582, 48.025429 ], [ -90.627311, 48.023994 ], [ -90.648117, 48.016453 ], [ -90.6689, 48.007984 ], [ -90.68766, 47.999992 ], [ -90.694382, 47.998554 ], [ -90.71595, 47.996067 ], [ -90.724693, 47.99461 ], [ -90.725998, 47.991829 ], [ -90.729988, 47.989033 ], [ -90.750725, 47.979172 ], [ -90.772827, 47.970222 ], [ -90.790161, 47.959469 ], [ -90.792122, 47.956223 ], [ -90.801277, 47.94186 ], [ -90.806625, 47.93951 ], [ -90.813385, 47.940365 ], [ -90.830345, 47.944813 ], [ -90.852112, 47.953354 ], [ -90.87107, 47.956852 ], [ -90.877777, 47.954945 ], [ -90.881721, 47.94984 ], [ -90.882981, 47.945217 ], [ -90.8862, 47.938278 ], [ -90.894912, 47.935429 ], [ -90.915779, 47.933376 ], [ -90.922508, 47.932846 ], [ -90.927834, 47.929565 ], [ -90.929787, 47.926323 ], [ -90.93689, 47.911972 ], [ -90.94059, 47.896732 ], [ -90.934174, 47.88068 ], [ -90.928459, 47.866005 ], [ -90.926918, 47.856812 ], [ -90.928871, 47.854031 ], [ -90.941582, 47.849751 ], [ -90.952293, 47.846878 ], [ -90.954925, 47.844086 ], [ -90.952683, 47.833984 ], [ -90.949921, 47.831253 ], [ -90.946526, 47.829903 ], [ -90.945732, 47.824387 ], [ -90.947647, 47.819763 ], [ -90.952744, 47.80682 ], [ -90.952622, 47.801292 ], [ -90.951873, 47.79808 ], [ -90.950462, 47.794872 ], [ -90.950393, 47.79211 ], [ -90.94738, 47.777412 ], [ -90.948669, 47.774635 ], [ -90.95398, 47.771358 ], [ -90.960747, 47.773128 ], [ -90.977737, 47.780777 ], [ -90.996086, 47.788868 ], [ -91.015549, 47.78635 ], [ -91.021538, 47.783062 ], [ -91.041611, 47.778236 ], [ -91.049619, 47.775394 ], [ -91.05088, 47.772152 ], [ -91.04879, 47.768951 ], [ -91.04252, 47.760275 ], [ -91.046509, 47.757931 ], [ -91.047791, 47.755154 ], [ -91.049041, 47.751457 ], [ -91.046974, 47.74918 ], [ -91.04261, 47.73542 ], [ -91.043862, 47.731262 ], [ -91.044464, 47.7285 ], [ -91.049751, 47.724754 ], [ -91.067673, 47.714889 ], [ -91.070244, 47.710259 ], [ -91.069512, 47.707504 ], [ -91.06926, 47.696922 ], [ -91.071221, 47.694595 ], [ -91.089203, 47.68795 ], [ -91.091118, 47.683788 ], [ -91.092987, 47.677784 ], [ -91.094261, 47.675007 ], [ -91.101341, 47.662502 ], [ -91.106704, 47.66198 ], [ -91.111381, 47.661007 ], [ -91.116096, 47.661411 ], [ -91.135673, 47.665321 ], [ -91.156586, 47.668755 ], [ -91.174065, 47.669468 ], [ -91.177391, 47.668045 ], [ -91.195846, 47.65448 ], [ -91.197792, 47.651695 ], [ -91.208854, 47.638214 ], [ -91.21679, 47.633514 ], [ -91.224754, 47.630196 ], [ -91.229439, 47.629677 ], [ -91.242714, 47.623989 ], [ -91.243957, 47.620293 ], [ -91.245201, 47.616596 ], [ -91.25322, 47.615116 ], [ -91.270729, 47.617191 ], [ -91.275467, 47.618515 ], [ -91.296974, 47.619621 ], [ -91.298203, 47.61546 ], [ -91.295921, 47.60537 ], [ -91.296516, 47.6026 ], [ -91.298462, 47.600277 ], [ -91.299042, 47.597046 ], [ -91.301597, 47.592415 ], [ -91.305588, 47.590981 ], [ -91.312928, 47.589504 ], [ -91.316948, 47.589455 ], [ -91.328949, 47.586537 ], [ -91.334244, 47.584164 ], [ -91.338203, 47.581814 ], [ -91.354027, 47.571942 ], [ -91.35801, 47.570507 ], [ -91.361297, 47.568161 ], [ -91.377739, 47.5569 ], [ -91.380333, 47.553646 ], [ -91.38295, 47.551311 ], [ -91.390198, 47.547073 ], [ -91.395523, 47.545624 ], [ -91.414719, 47.537079 ], [ -91.418, 47.534729 ], [ -91.426475, 47.526337 ], [ -91.429031, 47.522156 ], [ -91.430275, 47.518921 ], [ -91.434135, 47.513348 ], [ -91.436729, 47.510551 ], [ -91.440011, 47.508209 ], [ -91.455101, 47.497417 ], [ -91.470664, 47.489269 ], [ -91.472268, 47.488427 ], [ -91.482147, 47.483238 ], [ -91.502136, 47.479729 ], [ -91.506126, 47.478752 ], [ -91.512764, 47.476818 ], [ -91.528564, 47.467846 ], [ -91.544243, 47.4552 ], [ -91.566444, 47.458549 ], [ -91.570504, 47.459869 ], [ -91.576553, 47.460697 ], [ -91.583267, 47.461056 ], [ -91.596664, 47.461315 ], [ -91.604004, 47.460285 ], [ -91.614601, 47.456444 ], [ -91.618516, 47.453625 ], [ -91.637475, 47.459774 ], [ -91.642204, 47.461082 ], [ -91.646904, 47.461468 ], [ -91.670853, 47.456493 ], [ -91.692024, 47.448803 ], [ -91.698044, 47.448711 ], [ -91.704147, 47.450909 ], [ -91.709, 47.455891 ], [ -91.710563, 47.462303 ], [ -91.70665, 47.485363 ], [ -91.699157, 47.501575 ], [ -91.693649, 47.517304 ], [ -91.693115, 47.52145 ], [ -91.686241, 47.536281 ], [ -91.685677, 47.539513 ], [ -91.688912, 47.556019 ], [ -91.689026, 47.559239 ], [ -91.69181, 47.562416 ], [ -91.706856, 47.570915 ], [ -91.727272, 47.579334 ], [ -91.748329, 47.586815 ], [ -91.757126, 47.58897 ], [ -91.782005, 47.590404 ], [ -91.801402, 47.583496 ], [ -91.83539, 47.57943 ], [ -91.856389, 47.585368 ], [ -91.886003, 47.603441 ], [ -91.926963, 47.640884 ], [ -91.949892, 47.66554 ], [ -91.963768, 47.668407 ], [ -91.986658, 47.662258 ], [ -92.013556, 47.642263 ], [ -92.04987, 47.622895 ], [ -92.096536, 47.604209 ], [ -92.165518, 47.601738 ], [ -92.209392, 47.595012 ], [ -92.246931, 47.585932 ], [ -92.274942, 47.583273 ], [ -92.297569, 47.578334 ], [ -92.314903, 47.570483 ], [ -92.335339, 47.560906 ], [ -92.360129, 47.555021 ], [ -92.362941, 47.554354 ], [ -92.401182, 47.546555 ], [ -92.42457, 47.549337 ], [ -92.443063, 47.553084 ], [ -92.448575, 47.555158 ], [ -92.465638, 47.561577 ], [ -92.488855, 47.565617 ], [ -92.495186, 47.567942 ], [ -92.49698, 47.56778 ], [ -92.50103, 47.56612 ], [ -92.522308, 47.561977 ], [ -92.543709, 47.560589 ], [ -92.56678, 47.566063 ], [ -92.583687, 47.568905 ], [ -92.597679, 47.566757 ], [ -92.623794, 47.565712 ], [ -92.653687, 47.557367 ], [ -92.671578, 47.545014 ], [ -92.6836, 47.540629 ], [ -92.69963, 47.541619 ], [ -92.720639, 47.540989 ], [ -92.745857, 47.537409 ], [ -92.768606, 47.524058 ], [ -92.784981, 47.522493 ], [ -92.804615, 47.51792 ], [ -92.808394, 47.516536 ], [ -92.81962, 47.512422 ], [ -92.841386, 47.513099 ], [ -92.859467, 47.51291 ], [ -92.889545, 47.508312 ], [ -92.892588, 47.506849 ], [ -92.917984, 47.494635 ], [ -92.931936, 47.482651 ], [ -92.947086, 47.475865 ], [ -92.959841, 47.472779 ], [ -92.985599, 47.464696 ], [ -93.004588, 47.45749 ], [ -93.016458, 47.446656 ], [ -93.023179, 47.431672 ], [ -93.026474, 47.418014 ], [ -93.02504, 47.403786 ], [ -93.022163, 47.38776 ], [ -93.021988, 47.372127 ], [ -93.022362, 47.3666 ], [ -93.020706, 47.360661 ], [ -93.022583, 47.345898 ], [ -93.023056, 47.342205 ], [ -93.029709, 47.329155 ], [ -93.034683, 47.322132 ], [ -93.035843, 47.318882 ], [ -93.041405, 47.310463 ], [ -93.046471, 47.305275 ], [ -93.063149, 47.292431 ], [ -93.079224, 47.280979 ], [ -93.084412, 47.278084 ], [ -93.09774, 47.265324 ], [ -93.111069, 47.252563 ], [ -93.126465, 47.241123 ], [ -93.137825, 47.229332 ], [ -93.151832, 47.217007 ], [ -93.154938, 47.212788 ], [ -93.157425, 47.209507 ], [ -93.16452, 47.205177 ], [ -93.168419, 47.203236 ], [ -93.172905, 47.199898 ], [ -93.176666, 47.19566 ], [ -93.184608, 47.182579 ], [ -93.195259, 47.170342 ], [ -93.199074, 47.167023 ], [ -93.198913, 47.164268 ], [ -93.207542, 47.151627 ], [ -93.214722, 47.13718 ], [ -93.21656, 47.134377 ], [ -93.220726, 47.12553 ], [ -93.223198, 47.110298 ], [ -93.21949, 47.092014 ], [ -93.202263, 47.081909 ], [ -93.19886, 47.08062 ], [ -93.191978, 47.076668 ], [ -93.186554, 47.074974 ], [ -93.18161, 47.070057 ], [ -93.180741, 47.066402 ], [ -93.177238, 47.063278 ], [ -93.175675, 47.059189 ], [ -93.17485, 47.056458 ], [ -93.166161, 47.043823 ], [ -93.162041, 47.041634 ], [ -93.158417, 47.036217 ], [ -93.149651, 47.022205 ], [ -93.147377, 47.017212 ], [ -93.145714, 47.011284 ], [ -93.146171, 47.007595 ], [ -93.144463, 47.000751 ], [ -93.142876, 46.996197 ], [ -93.148705, 46.993286 ], [ -93.169548, 46.985382 ], [ -93.173485, 46.98436 ], [ -93.185181, 46.97945 ], [ -93.190956, 46.975624 ], [ -93.192817, 46.973274 ], [ -93.190537, 46.968281 ], [ -93.186989, 46.964245 ], [ -93.183552, 46.962498 ], [ -93.182205, 46.95013 ], [ -93.182716, 46.947365 ], [ -93.182915, 46.939087 ], [ -93.182075, 46.935898 ], [ -93.179901, 46.932739 ], [ -93.174385, 46.929214 ], [ -93.174202, 46.914063 ], [ -93.173279, 46.897552 ], [ -93.171616, 46.891624 ], [ -93.167358, 46.886688 ], [ -93.165314, 46.873882 ], [ -93.165771, 46.870205 ], [ -93.173492, 46.853924 ], [ -93.175308, 46.850658 ], [ -93.174438, 46.847008 ], [ -93.173622, 46.844276 ], [ -93.172089, 46.840645 ], [ -93.158608, 46.836872 ], [ -93.132507, 46.832974 ], [ -93.127006, 46.829445 ], [ -93.121551, 46.826836 ], [ -93.11686, 46.826042 ], [ -93.095916, 46.819244 ], [ -93.089165, 46.817127 ], [ -93.083084, 46.814987 ], [ -93.080307, 46.812763 ], [ -93.073608, 46.811562 ], [ -93.06968, 46.81258 ], [ -93.061729, 46.81279 ], [ -93.041069, 46.811027 ], [ -93.03572, 46.810249 ], [ -93.025757, 46.810047 ], [ -93.021149, 46.810623 ], [ -93.016487, 46.810284 ], [ -92.993362, 46.812252 ], [ -92.969589, 46.814232 ], [ -92.96502, 46.815723 ], [ -92.945168, 46.816681 ], [ -92.94117, 46.816326 ], [ -92.920318, 46.810875 ], [ -92.899407, 46.80405 ], [ -92.894699, 46.802788 ], [ -92.887199, 46.798843 ], [ -92.880501, 46.797634 ], [ -92.876503, 46.797272 ], [ -92.871109, 46.795567 ], [ -92.865013, 46.792961 ], [ -92.855911, 46.783547 ], [ -92.845985, 46.770935 ], [ -92.836647, 46.756931 ], [ -92.835182, 46.754215 ], [ -92.833084, 46.751972 ], [ -92.817231, 46.739964 ], [ -92.809944, 46.72683 ], [ -92.801934, 46.712334 ], [ -92.800205, 46.70725 ], [ -92.799365, 46.704813 ], [ -92.799368, 46.704773 ], [ -92.794884, 46.703785 ], [ -92.777138, 46.693199 ], [ -92.762772, 46.683903 ], [ -92.746994, 46.67281 ], [ -92.733193, 46.661201 ], [ -92.716125, 46.650593 ], [ -92.709404, 46.648457 ], [ -92.698143, 46.648258 ], [ -92.692924, 46.649757 ], [ -92.686981, 46.649895 ], [ -92.673844, 46.652039 ], [ -92.666046, 46.654968 ], [ -92.66021, 46.657402 ], [ -92.63945, 46.666134 ], [ -92.620659, 46.674824 ], [ -92.614113, 46.67635 ], [ -92.594597, 46.68367 ], [ -92.586006, 46.683868 ], [ -92.571327, 46.681438 ], [ -92.569085, 46.675987 ], [ -92.568619, 46.665901 ], [ -92.569809, 46.66312 ], [ -92.57235, 46.646545 ], [ -92.57019, 46.642925 ], [ -92.562904, 46.62841 ], [ -92.558662, 46.622539 ], [ -92.558223, 46.619626 ], [ -92.558221, 46.61961 ], [ -92.558218, 46.619592 ], [ -92.557701, 46.616138 ], [ -92.559471, 46.611511 ], [ -92.564248, 46.600399 ], [ -92.568634, 46.595253 ], [ -92.571831, 46.592888 ], [ -92.587868, 46.582436 ], [ -92.595161, 46.582729 ], [ -92.599739, 46.581711 ], [ -92.602249, 46.578899 ], [ -92.604698, 46.574715 ], [ -92.608353, 46.568211 ], [ -92.611549, 46.565846 ], [ -92.615417, 46.563919 ], [ -92.621956, 46.562397 ], [ -92.625855, 46.560932 ], [ -92.629089, 46.559479 ], [ -92.632279, 46.557118 ], [ -92.634041, 46.552486 ], [ -92.625382, 46.53709 ], [ -92.628471, 46.518677 ], [ -92.633944, 46.506276 ], [ -92.635859, 46.497462 ], [ -92.64414, 46.480055 ], [ -92.644661, 46.478959 ], [ -92.649345, 46.469147 ], [ -92.650126, 46.460244 ], [ -92.635642, 46.439982 ], [ -92.634167, 46.426028 ], [ -92.631901, 46.423944 ], [ -92.623713, 46.416415 ], [ -92.612848, 46.41234 ], [ -92.60055, 46.407726 ], [ -92.583011, 46.404012 ], [ -92.562173, 46.402972 ], [ -92.543963, 46.398053 ], [ -92.530501, 46.389104 ], [ -92.51269, 46.381318 ], [ -92.481248, 46.378136 ], [ -92.471626, 46.37761 ], [ -92.452107, 46.37654 ], [ -92.427679, 46.371199 ], [ -92.419743, 46.364906 ], [ -92.413246, 46.35516 ], [ -92.409241, 46.35387 ], [ -92.39151, 46.351479 ], [ -92.383453, 46.351669 ], [ -92.379448, 46.350376 ], [ -92.372772, 46.348228 ], [ -92.349983, 46.339077 ], [ -92.332443, 46.329361 ], [ -92.315033, 46.322391 ], [ -92.300537, 46.322227 ], [ -92.289052, 46.324886 ], [ -92.287498, 46.325245 ], [ -92.267412, 46.341132 ], [ -92.234856, 46.351669 ], [ -92.203944, 46.371001 ], [ -92.161735, 46.380872 ], [ -92.137396, 46.381237 ], [ -92.127289, 46.372377 ], [ -92.11756, 46.363845 ], [ -92.089281, 46.357913 ], [ -92.085108, 46.360394 ], [ -92.069087, 46.369914 ], [ -92.047829, 46.369133 ], [ -92.030798, 46.379338 ], [ -92.014135, 46.400267 ], [ -91.996238, 46.405132 ], [ -91.992302, 46.405662 ], [ -91.988335, 46.405277 ], [ -91.979622, 46.40131 ], [ -91.973808, 46.404621 ], [ -91.967272, 46.406117 ], [ -91.963913, 46.404343 ], [ -91.957314, 46.404003 ], [ -91.953415, 46.405449 ], [ -91.947617, 46.409218 ], [ -91.943687, 46.409748 ], [ -91.923973, 46.411472 ], [ -91.924087, 46.41468 ], [ -91.925545, 46.418323 ], [ -91.924239, 46.436223 ], [ -91.917717, 46.438629 ], [ -91.913765, 46.438702 ], [ -91.90979, 46.438313 ], [ -91.905128, 46.437019 ], [ -91.887734, 46.429989 ], [ -91.878326, 46.425114 ], [ -91.87175, 46.425682 ], [ -91.868538, 46.428032 ], [ -91.866661, 46.430817 ], [ -91.864144, 46.434073 ], [ -91.857567, 46.434639 ], [ -91.85157, 46.432907 ], [ -91.848854, 46.430664 ], [ -91.844727, 46.425694 ], [ -91.840558, 46.419342 ], [ -91.83593, 46.41942 ], [ -91.831482, 46.424084 ], [ -91.832237, 46.426819 ], [ -91.829086, 46.431 ], [ -91.815146, 46.42895 ], [ -91.812366, 46.423947 ], [ -91.805799, 46.424969 ], [ -91.803902, 46.427303 ], [ -91.797508, 46.432907 ], [ -91.794258, 46.434338 ], [ -91.78772, 46.435822 ], [ -91.778427, 46.434143 ], [ -91.766189, 46.423344 ], [ -91.765419, 46.420151 ], [ -91.765968, 46.416931 ], [ -91.767868, 46.414608 ], [ -91.769089, 46.411838 ], [ -91.768906, 46.406345 ], [ -91.76683, 46.403629 ], [ -91.764686, 46.398624 ], [ -91.758598, 46.394138 ], [ -91.753929, 46.392384 ], [ -91.748612, 46.391098 ], [ -91.744019, 46.391632 ], [ -91.737968, 46.388065 ], [ -91.736527, 46.384422 ], [ -91.7305, 46.381306 ], [ -91.727249, 46.382736 ], [ -91.722038, 46.384655 ], [ -91.71679, 46.385201 ], [ -91.712181, 46.385277 ], [ -91.708214, 46.38488 ], [ -91.703407, 46.379002 ], [ -91.693757, 46.366317 ], [ -91.687958, 46.370079 ], [ -91.68399, 46.36969 ], [ -91.672712, 46.367119 ], [ -91.672615, 46.367655 ], [ -91.672158, 46.370335 ], [ -91.672264, 46.373543 ], [ -91.669777, 46.378162 ], [ -91.663269, 46.380558 ], [ -91.645599, 46.384045 ], [ -91.643707, 46.386826 ], [ -91.641212, 46.390987 ], [ -91.64, 46.394218 ], [ -91.63189, 46.40855 ], [ -91.630737, 46.413612 ], [ -91.627037, 46.421463 ], [ -91.622467, 46.422909 ], [ -91.618546, 46.423885 ], [ -91.612671, 46.425808 ], [ -91.612099, 46.428566 ], [ -91.610886, 46.431797 ], [ -91.603737, 46.435116 ], [ -91.59977, 46.434719 ], [ -91.593765, 46.432518 ], [ -91.574433, 46.425926 ], [ -91.569244, 46.428306 ], [ -91.568039, 46.431995 ], [ -91.567558, 46.437506 ], [ -91.561722, 46.440796 ], [ -91.555198, 46.443188 ], [ -91.549942, 46.443726 ], [ -91.546688, 46.44515 ], [ -91.550774, 46.449211 ], [ -91.549901, 46.463444 ], [ -91.542048, 46.465854 ], [ -91.534729, 46.463661 ], [ -91.519523, 46.462513 ], [ -91.515586, 46.463028 ], [ -91.511658, 46.464001 ], [ -91.502936, 46.466498 ], [ -91.461304, 46.465411 ], [ -91.432572, 46.449917 ], [ -91.405884, 46.433896 ], [ -91.374256, 46.406125 ], [ -91.3588, 46.399577 ], [ -91.355106, 46.398011 ], [ -91.312958, 46.361832 ], [ -91.310906, 46.359108 ], [ -91.307548, 46.356865 ], [ -91.306809, 46.353672 ], [ -91.298469, 46.337738 ], [ -91.294807, 46.324043 ], [ -91.292694, 46.319031 ], [ -91.290299, 46.303482 ], [ -91.288887, 46.299835 ], [ -91.282883, 46.296707 ], [ -91.276268, 46.295421 ], [ -91.272934, 46.293633 ], [ -91.271515, 46.289986 ], [ -91.269241, 46.278561 ], [ -91.271126, 46.275326 ], [ -91.273682, 46.272545 ], [ -91.279983, 46.262386 ], [ -91.279252, 46.259647 ], [ -91.275856, 46.255569 ], [ -91.275772, 46.252365 ], [ -91.277634, 46.248218 ], [ -91.278793, 46.242702 ], [ -91.276756, 46.24044 ], [ -91.273415, 46.238197 ], [ -91.270088, 46.236866 ], [ -91.262848, 46.236504 ], [ -91.258919, 46.237011 ], [ -91.247734, 46.236698 ], [ -91.243805, 46.237205 ], [ -91.240555, 46.238617 ], [ -91.237999, 46.241398 ], [ -91.216982, 46.252456 ], [ -91.185763, 46.259461 ], [ -91.158269, 46.255363 ], [ -91.142397, 46.245451 ], [ -91.121404, 46.249203 ], [ -91.117638, 46.25977 ], [ -91.116061, 46.264191 ], [ -91.115519, 46.264911 ], [ -91.097481, 46.288876 ], [ -91.067711, 46.298641 ], [ -91.024127, 46.285909 ], [ -90.995278, 46.262596 ], [ -90.990013, 46.262657 ], [ -90.972658, 46.269622 ], [ -90.97242, 46.269718 ], [ -90.968369, 46.264721 ], [ -90.970208, 46.258751 ], [ -90.970649, 46.249126 ], [ -90.968605, 46.245941 ], [ -90.964424, 46.235455 ], [ -90.963692, 46.232254 ], [ -90.960957, 46.227707 ], [ -90.96094, 46.227701 ], [ -90.953018, 46.225037 ], [ -90.939003, 46.215111 ], [ -90.933708, 46.213333 ], [ -90.914581, 46.209869 ], [ -90.89418, 46.208252 ], [ -90.878426, 46.20887 ], [ -90.87249, 46.207554 ], [ -90.869171, 46.206215 ], [ -90.853317, 46.20179 ], [ -90.849396, 46.202743 ], [ -90.841522, 46.203281 ], [ -90.834915, 46.201515 ], [ -90.819756, 46.198914 ], [ -90.815826, 46.19941 ], [ -90.811905, 46.200363 ], [ -90.792297, 46.205589 ], [ -90.787712, 46.206089 ], [ -90.779831, 46.206161 ], [ -90.775215, 46.205292 ], [ -90.755455, 46.202724 ], [ -90.749588, 46.20507 ], [ -90.742378, 46.206055 ], [ -90.736427, 46.203815 ], [ -90.730492, 46.202496 ], [ -90.723938, 46.203468 ], [ -90.720017, 46.204418 ], [ -90.713432, 46.20356 ], [ -90.694939, 46.198227 ], [ -90.690269, 46.194149 ], [ -90.690834, 46.189106 ], [ -90.688591, 46.174015 ], [ -90.683937, 46.170853 ], [ -90.676025, 46.169087 ], [ -90.669464, 46.169601 ], [ -90.66359, 46.171482 ], [ -90.661003, 46.173798 ], [ -90.646065, 46.183079 ], [ -90.637528, 46.183151 ], [ -90.631592, 46.181824 ], [ -90.621727, 46.180531 ], [ -90.617188, 46.184235 ], [ -90.612709, 46.191139 ], [ -90.609443, 46.192539 ], [ -90.604862, 46.193967 ], [ -90.600906, 46.192608 ], [ -90.579888, 46.192322 ], [ -90.575371, 46.197392 ], [ -90.572182, 46.202915 ], [ -90.56826, 46.204315 ], [ -90.565003, 46.206173 ], [ -90.557884, 46.212189 ], [ -90.555298, 46.214954 ], [ -90.539055, 46.226528 ], [ -90.535797, 46.228382 ], [ -90.52858, 46.228897 ], [ -90.52462, 46.228012 ], [ -90.501602, 46.226807 ], [ -90.48056, 46.226044 ], [ -90.460861, 46.227558 ], [ -90.456948, 46.22942 ], [ -90.449798, 46.234966 ], [ -90.437492, 46.247414 ], [ -90.422523, 46.258514 ], [ -90.419265, 46.260365 ], [ -90.415321, 46.260395 ], [ -90.403473, 46.259556 ], [ -90.379715, 46.252838 ], [ -90.373779, 46.251049 ], [ -90.364525, 46.24744 ], [ -90.361214, 46.245628 ], [ -90.35527, 46.243378 ], [ -90.346054, 46.242062 ], [ -90.328934, 46.239418 ], [ -90.323632, 46.235786 ], [ -90.308464, 46.231754 ], [ -90.303879, 46.2327 ], [ -90.29998, 46.236843 ], [ -90.288994, 46.25248 ], [ -90.275353, 46.2663 ], [ -90.27076, 46.267239 ], [ -90.266815, 46.2668 ], [ -90.263511, 46.265446 ], [ -90.260208, 46.264091 ], [ -90.259499, 46.259972 ], [ -90.247535, 46.249498 ], [ -90.230609, 46.253992 ], [ -90.226109, 46.257598 ], [ -90.221528, 46.261268 ], [ -90.208115, 46.260136 ], [ -90.199599, 46.253387 ], [ -90.194149, 46.245493 ], [ -90.188792, 46.237731 ], [ -90.163528, 46.23224 ], [ -90.136003, 46.233923 ], [ -90.115421, 46.240213 ], [ -90.101593, 46.247013 ], [ -90.097679, 46.250244 ], [ -90.097054, 46.254368 ], [ -90.091926, 46.268593 ], [ -90.089416, 46.282345 ], [ -90.088172, 46.288301 ], [ -90.082252, 46.290157 ], [ -90.078308, 46.29063 ], [ -90.07042, 46.29113 ], [ -90.067826, 46.295258 ], [ -90.066762, 46.300887 ], [ -90.066726, 46.300889 ], [ -90.059982, 46.301247 ], [ -90.056022, 46.299889 ], [ -90.042847, 46.297195 ], [ -90.038246, 46.297672 ], [ -90.029053, 46.299995 ], [ -90.02578, 46.301845 ], [ -90.022499, 46.30323 ], [ -90.018562, 46.304161 ], [ -90.013954, 46.304176 ], [ -89.994209, 46.302879 ], [ -89.990936, 46.304722 ], [ -89.982407, 46.30796 ], [ -89.978462, 46.308433 ], [ -89.974503, 46.306614 ], [ -89.957978, 46.295216 ], [ -89.955971, 46.290642 ], [ -89.951332, 46.286076 ], [ -89.948029, 46.284714 ], [ -89.942779, 46.286564 ], [ -89.925048, 46.290741 ], [ -89.920448, 46.290756 ], [ -89.901382, 46.292644 ], [ -89.898088, 46.294303 ], [ -89.896797, 46.294952 ], [ -89.888946, 46.302757 ], [ -89.882385, 46.305984 ], [ -89.877785, 46.306 ], [ -89.872513, 46.3051 ], [ -89.868553, 46.303276 ], [ -89.866527, 46.288359 ], [ -89.866501, 46.288166 ], [ -89.868439, 46.282204 ], [ -89.869735, 46.278996 ], [ -89.869057, 46.275333 ], [ -89.866386, 46.268467 ], [ -89.863083, 46.264355 ], [ -89.859779, 46.26207 ], [ -89.845917, 46.251118 ], [ -89.832108, 46.25069 ], [ -89.826187, 46.248417 ], [ -89.82354, 46.245216 ], [ -89.814308, 46.239281 ], [ -89.8097, 46.237919 ], [ -89.804436, 46.236099 ], [ -89.797852, 46.233364 ], [ -89.795852, 46.227875 ], [ -89.79583, 46.222378 ], [ -89.797776, 46.216877 ], [ -89.800403, 46.210007 ], [ -89.795777, 46.209557 ], [ -89.788543, 46.209114 ], [ -89.783943, 46.208206 ], [ -89.779991, 46.206855 ], [ -89.785217, 46.199501 ], [ -89.785866, 46.196754 ], [ -89.783219, 46.192181 ], [ -89.762841, 46.189014 ], [ -89.7602, 46.185356 ], [ -89.75953, 46.181694 ], [ -89.758858, 46.17849 ], [ -89.754913, 46.178043 ], [ -89.747688, 46.177135 ], [ -89.743095, 46.178062 ], [ -89.739166, 46.17944 ], [ -89.734574, 46.182198 ], [ -89.716861, 46.187728 ], [ -89.70832, 46.184986 ], [ -89.701095, 46.183624 ], [ -89.696495, 46.182716 ], [ -89.693215, 46.184094 ], [ -89.689285, 46.187767 ], [ -89.68602, 46.193722 ], [ -89.682083, 46.195103 ], [ -89.678139, 46.195564 ], [ -89.674194, 46.193737 ], [ -89.670905, 46.190524 ], [ -89.660401, 46.191463 ], [ -89.652527, 46.194221 ], [ -89.648583, 46.195141 ], [ -89.644646, 46.195602 ], [ -89.640701, 46.194691 ], [ -89.630828, 46.192867 ], [ -89.628883, 46.196995 ], [ -89.626923, 46.200199 ], [ -89.621002, 46.196999 ], [ -89.619026, 46.193794 ], [ -89.61705, 46.18922 ], [ -89.615074, 46.185558 ], [ -89.601272, 46.180531 ], [ -89.596016, 46.177788 ], [ -89.585524, 46.16771 ], [ -89.578278, 46.167725 ], [ -89.569092, 46.170017 ], [ -89.565803, 46.171394 ], [ -89.541511, 46.177814 ], [ -89.536263, 46.178272 ], [ -89.53167, 46.182396 ], [ -89.519844, 46.180565 ], [ -89.516564, 46.178276 ], [ -89.503433, 46.166374 ], [ -89.499489, 46.163624 ], [ -89.495552, 46.162708 ], [ -89.491615, 46.161793 ], [ -89.473236, 46.15538 ], [ -89.4542, 46.151714 ], [ -89.434517, 46.146668 ], [ -89.431236, 46.144837 ], [ -89.424018, 46.142998 ], [ -89.419426, 46.142998 ], [ -89.410896, 46.140705 ], [ -89.407623, 46.137951 ], [ -89.408951, 46.128342 ], [ -89.410935, 46.114605 ], [ -89.40963, 46.10957 ], [ -89.407669, 46.106819 ], [ -89.404388, 46.104527 ], [ -89.39262, 46.096305 ], [ -89.392578, 46.096276 ], [ -89.390617, 46.101772 ], [ -89.385369, 46.104515 ], [ -89.38208, 46.109089 ], [ -89.379448, 46.112751 ], [ -89.369591, 46.121895 ], [ -89.364334, 46.123268 ], [ -89.357109, 46.128292 ], [ -89.35775, 46.136539 ], [ -89.359055, 46.141113 ], [ -89.359047, 46.144321 ], [ -89.357727, 46.147522 ], [ -89.353782, 46.151184 ], [ -89.345879, 46.163082 ], [ -89.341263, 46.173149 ], [ -89.341248, 46.178646 ], [ -89.34124, 46.182766 ], [ -89.338608, 46.185055 ], [ -89.333351, 46.185963 ], [ -89.332045, 46.186416 ], [ -89.329407, 46.187332 ], [ -89.324799, 46.190071 ], [ -89.309006, 46.2015 ], [ -89.30571, 46.205158 ], [ -89.297157, 46.211559 ], [ -89.289924, 46.212463 ], [ -89.268242, 46.212425 ], [ -89.247879, 46.21056 ], [ -89.24263, 46.208717 ], [ -89.237396, 46.203671 ], [ -89.229545, 46.196789 ], [ -89.225609, 46.194485 ], [ -89.209236, 46.183922 ], [ -89.203995, 46.182079 ], [ -89.177719, 46.184307 ], [ -89.152764, 46.184246 ], [ -89.1324, 46.185108 ], [ -89.117942, 46.186901 ], [ -89.112678, 46.189178 ], [ -89.088341, 46.195519 ], [ -89.08374, 46.195961 ], [ -89.080444, 46.197327 ], [ -89.075353, 46.172487 ], [ -89.074715, 46.169373 ], [ -89.070793, 46.166611 ], [ -89.066208, 46.165226 ], [ -89.052437, 46.162891 ], [ -89.046524, 46.163784 ], [ -89.033394, 46.1642 ], [ -89.027474, 46.166008 ], [ -89.007125, 46.165485 ], [ -89.003227, 46.159519 ], [ -89.002922, 46.158425 ], [ -89.003211, 46.153766 ], [ -89.010953, 46.138907 ], [ -89.009677, 46.12155 ], [ -88.992458, 46.112526 ], [ -88.952415, 46.111248 ], [ -88.945854, 46.112137 ], [ -88.941902, 46.113953 ], [ -88.92147, 46.124397 ], [ -88.910995, 46.122063 ], [ -88.908394, 46.119762 ], [ -88.907761, 46.117012 ], [ -88.909767, 46.112442 ], [ -88.913079, 46.109707 ], [ -88.915748, 46.103771 ], [ -88.916451, 46.099194 ], [ -88.917786, 46.096451 ], [ -88.919769, 46.094173 ], [ -88.932381, 46.07637 ], [ -88.934042, 46.075032 ], [ -88.93634, 46.073181 ], [ -88.94825, 46.060413 ], [ -88.957527, 46.048092 ], [ -88.959511, 46.045807 ], [ -88.964127, 46.042622 ], [ -88.968071, 46.04081 ], [ -88.986473, 46.033554 ], [ -89.006821, 46.029053 ], [ -89.010735, 46.030899 ], [ -89.015309, 46.031839 ], [ -89.019936, 46.02681 ], [ -89.02324, 46.023615 ], [ -89.031753, 46.023651 ], [ -89.035683, 46.023663 ], [ -89.038971, 46.021843 ], [ -89.042267, 46.01865 ], [ -89.044922, 46.013622 ], [ -89.045601, 46.009964 ], [ -89.044312, 46.007214 ], [ -89.04039, 46.005371 ], [ -89.038444, 46.002617 ], [ -89.038475, 45.998497 ], [ -89.03981, 45.995754 ], [ -89.039864, 45.987064 ], [ -89.038613, 45.978821 ], [ -89.033401, 45.975143 ], [ -89.029488, 45.973301 ], [ -89.010559, 45.96545 ], [ -89.012566, 45.959969 ], [ -89.019859, 45.946724 ], [ -89.023156, 45.943531 ], [ -89.031715, 45.935322 ], [ -89.034355, 45.932129 ], [ -89.034378, 45.928925 ], [ -89.03112, 45.927082 ], [ -89.023964, 45.922028 ], [ -89.022026, 45.918358 ], [ -89.02343, 45.90509 ], [ -89.021492, 45.901882 ], [ -89.013672, 45.898193 ], [ -89.000625, 45.894485 ], [ -88.987571, 45.890316 ], [ -88.983017, 45.8871 ], [ -88.981789, 45.877491 ], [ -88.983765, 45.875206 ], [ -88.987701, 45.87339 ], [ -88.99099, 45.871117 ], [ -88.99559, 45.867474 ], [ -88.997582, 45.863819 ], [ -89.000214, 45.861084 ], [ -89.001541, 45.857887 ], [ -89.001587, 45.851936 ], [ -89.001007, 45.842789 ], [ -88.998482, 45.830425 ], [ -88.996552, 45.826759 ], [ -88.993309, 45.823543 ], [ -88.985535, 45.815739 ], [ -88.979668, 45.813885 ], [ -88.975754, 45.813412 ], [ -88.971825, 45.815228 ], [ -88.965942, 45.815658 ], [ -88.962011, 45.814277 ], [ -88.96077, 45.809238 ] ] ] } }
]
}
