{
"type": "FeatureCollection",
"name": "pacific",
"features": [
{ "type": "Feature", "properties": { "hub_id": "pacific", "name": "Pacific" }, "geometry": { "type": "MultiPolygon", "coordinates": [ [ [ [ -142.344355, 56.434996 ], [ -142.014546, 56.251729 ], [ -141.671174, 56.085421 ], [ -141.641988, 56.062441 ], [ -141.413977, 55.739415 ], [ -141.070371, 55.372504 ], [ -140.583432, 54.979497 ], [ -140.010217, 54.626926 ], [ -139.739303, 54.320845 ], [ -139.331234, 53.961264 ], [ -138.887176, 53.649942 ], [ -138.794705, 53.594112 ], [ -138.791764, 53.581394 ], [ -138.791322, 53.579599 ], [ -138.79043, 53.576008 ], [ -138.789979, 53.574213 ], [ -138.788161, 53.567032 ], [ -138.787703, 53.565238 ], [ -138.786778, 53.56165 ], [ -138.786312, 53.559857 ], [ -138.782547, 53.545504 ], [ -138.782073, 53.543712 ], [ -138.781117, 53.540127 ], [ -138.780634, 53.538335 ], [ -138.778688, 53.531166 ], [ -138.778198, 53.529375 ], [ -138.777209, 53.525792 ], [ -138.776711, 53.524003 ], [ -138.772691, 53.509675 ], [ -138.772185, 53.507886 ], [ -138.771165, 53.504307 ], [ -138.770651, 53.502518 ], [ -138.768577, 53.495362 ], [ -138.768055, 53.493574 ], [ -138.767003, 53.489998 ], [ -138.766473, 53.488212 ], [ -138.762198, 53.47391 ], [ -138.76166, 53.472125 ], [ -138.760576, 53.468553 ], [ -138.76003, 53.466767 ], [ -138.75783, 53.459624 ], [ -138.757276, 53.45784 ], [ -138.75616, 53.454271 ], [ -138.755599, 53.452488 ], [ -138.751071, 53.438215 ], [ -138.750501, 53.436433 ], [ -138.749343, 53.432834 ], [ -138.748777, 53.431086 ], [ -138.74645, 53.423958 ], [ -138.745865, 53.422177 ], [ -138.744686, 53.418616 ], [ -138.744093, 53.416837 ], [ -138.739312, 53.402593 ], [ -138.738712, 53.400815 ], [ -138.737502, 53.397257 ], [ -138.736893, 53.395479 ], [ -138.73444, 53.388366 ], [ -138.734203, 53.387681 ], [ -138.733728, 53.38631 ], [ -138.733108, 53.384533 ], [ -138.732342, 53.38235 ], [ -138.731957, 53.38126 ], [ -138.726926, 53.367048 ], [ -138.726294, 53.365274 ], [ -138.725021, 53.361724 ], [ -138.724381, 53.35995 ], [ -138.721803, 53.352853 ], [ -138.721155, 53.35108 ], [ -138.719851, 53.347535 ], [ -138.719194, 53.34576 ], [ -138.713751, 53.331146 ], [ -138.713245, 53.329792 ], [ -138.712709, 53.328363 ], [ -138.711666, 53.325597 ], [ -138.711142, 53.324215 ], [ -138.709386, 53.319606 ], [ -138.708946, 53.318454 ], [ -138.708062, 53.316151 ], [ -138.707618, 53.315001 ], [ -138.703344, 53.30395 ], [ -138.702656, 53.302183 ], [ -138.701272, 53.298647 ], [ -138.700576, 53.296881 ], [ -138.697777, 53.289813 ], [ -138.697073, 53.288048 ], [ -138.695658, 53.284516 ], [ -138.694946, 53.282751 ], [ -138.693613, 53.279464 ], [ -138.693142, 53.278305 ], [ -138.692355, 53.276374 ], [ -138.691882, 53.275217 ], [ -138.686026, 53.260916 ], [ -138.685301, 53.259154 ], [ -138.683842, 53.255631 ], [ -138.683109, 53.25387 ], [ -138.680159, 53.246826 ], [ -138.679418, 53.245067 ], [ -138.677928, 53.241548 ], [ -138.67718, 53.23979 ], [ -138.671157, 53.225719 ], [ -138.670401, 53.223962 ], [ -138.66888, 53.220449 ], [ -138.668116, 53.218693 ], [ -138.665044, 53.211668 ], [ -138.664272, 53.209913 ], [ -138.662721, 53.206404 ], [ -138.661942, 53.204651 ], [ -138.655674, 53.19062 ], [ -138.654888, 53.188868 ], [ -138.653306, 53.185364 ], [ -138.652512, 53.183613 ], [ -138.649317, 53.176608 ], [ -138.648515, 53.174859 ], [ -138.646903, 53.17136 ], [ -138.646093, 53.169612 ], [ -138.639582, 53.155621 ], [ -138.638765, 53.153875 ], [ -138.637122, 53.150381 ], [ -138.636298, 53.148635 ], [ -138.632982, 53.141651 ], [ -138.632149, 53.139907 ], [ -138.630476, 53.136418 ], [ -138.629637, 53.134676 ], [ -138.622883, 53.120727 ], [ -138.622036, 53.118986 ], [ -138.620333, 53.115503 ], [ -138.619478, 53.113763 ], [ -138.616041, 53.1068 ], [ -138.615179, 53.105061 ], [ -138.613446, 53.101584 ], [ -138.612576, 53.099847 ], [ -138.605581, 53.085943 ], [ -138.604704, 53.084207 ], [ -138.602941, 53.080735 ], [ -138.602056, 53.079 ], [ -138.598499, 53.07206 ], [ -138.597606, 53.070327 ], [ -138.595813, 53.06686 ], [ -138.594913, 53.065129 ], [ -138.587679, 53.05127 ], [ -138.586772, 53.04954 ], [ -138.584949, 53.04608 ], [ -138.584034, 53.044351 ], [ -138.580358, 53.037434 ], [ -138.579436, 53.035706 ], [ -138.577583, 53.032252 ], [ -138.576653, 53.030526 ], [ -138.569181, 53.016714 ], [ -138.568244, 53.01499 ], [ -138.566362, 53.011542 ], [ -138.565417, 53.009819 ], [ -138.561622, 53.002926 ], [ -138.56067, 53.001204 ], [ -138.558758, 52.997761 ], [ -138.557799, 52.996042 ], [ -138.55009, 52.982279 ], [ -138.549137, 52.980585 ], [ -138.547223, 52.977196 ], [ -138.546263, 52.975503 ], [ -138.542405, 52.968731 ], [ -138.541437, 52.967039 ], [ -138.539495, 52.963657 ], [ -138.53852, 52.961967 ], [ -138.530689, 52.948445 ], [ -138.529708, 52.946757 ], [ -138.527737, 52.943381 ], [ -138.526748, 52.941694 ], [ -138.522776, 52.934946 ], [ -138.52178, 52.933261 ], [ -138.51978, 52.92989 ], [ -138.518781, 52.928214 ], [ -138.512186, 52.917187 ], [ -138.507349, 52.908985 ], [ -138.506121, 52.906914 ], [ -138.503647, 52.90276 ], [ -138.502405, 52.900685 ], [ -138.497395, 52.892357 ], [ -138.496138, 52.890277 ], [ -138.493612, 52.88612 ], [ -138.492344, 52.884043 ], [ -138.482143, 52.867414 ], [ -138.480864, 52.865338 ], [ -138.478293, 52.861188 ], [ -138.477003, 52.859114 ], [ -138.471816, 52.85082 ], [ -138.471166, 52.849783 ], [ -138.470515, 52.848749 ], [ -138.467901, 52.844608 ], [ -138.466589, 52.84254 ], [ -138.45795, 52.828986 ], [ -138.456868, 52.827294 ], [ -138.454695, 52.82391 ], [ -138.453605, 52.82222 ], [ -138.45175, 52.819353 ], [ -138.419058, 52.764376 ], [ -138.290037, 52.544863 ], [ -138.271383, 52.513419 ], [ -138.252241, 52.482088 ], [ -138.232613, 52.450873 ], [ -138.212501, 52.419775 ], [ -138.191909, 52.388799 ], [ -138.170839, 52.357947 ], [ -138.149295, 52.327221 ], [ -137.487478, 51.617569 ], [ -137.455907, 51.587031 ], [ -137.423846, 51.5567 ], [ -137.400231, 51.534779 ], [ -137.37636, 51.51297 ], [ -137.352236, 51.491275 ], [ -137.344662, 51.484568 ], [ -137.332014, 51.471231 ], [ -137.308802, 51.447186 ], [ -137.285292, 51.423259 ], [ -137.261484, 51.399452 ], [ -137.237382, 51.375766 ], [ -137.212987, 51.352203 ], [ -137.188301, 51.328764 ], [ -137.157125, 51.299722 ], [ -137.125504, 51.270879 ], [ -137.093442, 51.242236 ], [ -137.060943, 51.213797 ], [ -137.028011, 51.185565 ], [ -136.994649, 51.157541 ], [ -136.960861, 51.129729 ], [ -136.926653, 51.102132 ], [ -136.881498, 51.066027 ], [ -136.880068, 51.064879 ], [ -136.878287, 51.063452 ], [ -136.874717, 51.060601 ], [ -136.872931, 51.059177 ], [ -136.858603, 51.047791 ], [ -136.856811, 51.04637 ], [ -136.853219, 51.04353 ], [ -136.851421, 51.042112 ], [ -136.844213, 51.036443 ], [ -136.842409, 51.035028 ], [ -136.838795, 51.0322 ], [ -136.836986, 51.030789 ], [ -136.82248, 51.019496 ], [ -136.820666, 51.018088 ], [ -136.81703, 51.015272 ], [ -136.815209, 51.013865 ], [ -136.807913, 51.008244 ], [ -136.806087, 51.006841 ], [ -136.802428, 51.004037 ], [ -136.800597, 51.002637 ], [ -136.785914, 50.99144 ], [ -136.784078, 50.990044 ], [ -136.780398, 50.987251 ], [ -136.778556, 50.985857 ], [ -136.771172, 50.980284 ], [ -136.769324, 50.978893 ], [ -136.765622, 50.976113 ], [ -136.763769, 50.974725 ], [ -136.748911, 50.963625 ], [ -136.747053, 50.962241 ], [ -136.74333, 50.959473 ], [ -136.741466, 50.958091 ], [ -136.733995, 50.952566 ], [ -136.732267, 50.951292 ], [ -136.72838, 50.948432 ], [ -136.726505, 50.947056 ], [ -136.711475, 50.936055 ], [ -136.709595, 50.934682 ], [ -136.705829, 50.931939 ], [ -136.703943, 50.930569 ], [ -136.696386, 50.925094 ], [ -136.695346, 50.924341 ], [ -136.693264, 50.922837 ], [ -136.69137, 50.921471 ], [ -136.689663, 50.920245 ], [ -136.688811, 50.919633 ], [ -136.67361, 50.90873 ], [ -136.672014, 50.907588 ], [ -136.668816, 50.905304 ], [ -136.667215, 50.904163 ], [ -136.660802, 50.899603 ], [ -136.658976, 50.898307 ], [ -136.655318, 50.895718 ], [ -136.653486, 50.894425 ], [ -136.652487, 50.893721 ], [ -136.651822, 50.893254 ], [ -136.648874, 50.891281 ], [ -136.647297, 50.890159 ], [ -136.645365, 50.888813 ], [ -136.645242, 50.888718 ], [ -136.64347, 50.887346 ], [ -136.64005, 50.884415 ], [ -136.63833, 50.882961 ], [ -136.631435, 50.877151 ], [ -136.629709, 50.8757 ], [ -136.626251, 50.872801 ], [ -136.62452, 50.871354 ], [ -136.610637, 50.859777 ], [ -136.6089, 50.858332 ], [ -136.60542, 50.855445 ], [ -136.603677, 50.854003 ], [ -136.596691, 50.848238 ], [ -136.594943, 50.846799 ], [ -136.591439, 50.843923 ], [ -136.589685, 50.842487 ], [ -136.575621, 50.831002 ], [ -136.573862, 50.82957 ], [ -136.570336, 50.826705 ], [ -136.568571, 50.825275 ], [ -136.561495, 50.819556 ], [ -136.559724, 50.818129 ], [ -136.556175, 50.815276 ], [ -136.554399, 50.813852 ], [ -136.540155, 50.80246 ], [ -136.538374, 50.801039 ], [ -136.534804, 50.798198 ], [ -136.533016, 50.796779 ], [ -136.52585, 50.791108 ], [ -136.524057, 50.789692 ], [ -136.520464, 50.786863 ], [ -136.518666, 50.785451 ], [ -136.504245, 50.774153 ], [ -136.502441, 50.772744 ], [ -136.498826, 50.769926 ], [ -136.497017, 50.76852 ], [ -136.489763, 50.762896 ], [ -136.487948, 50.761492 ], [ -136.484311, 50.758686 ], [ -136.48249, 50.757286 ], [ -136.467893, 50.746084 ], [ -136.466068, 50.744687 ], [ -136.462409, 50.741894 ], [ -136.460578, 50.740499 ], [ -136.453236, 50.734923 ], [ -136.451399, 50.733531 ], [ -136.447719, 50.73075 ], [ -136.445876, 50.729362 ], [ -136.431106, 50.718257 ], [ -136.429258, 50.716871 ], [ -136.425557, 50.714102 ], [ -136.423703, 50.71272 ], [ -136.416276, 50.707192 ], [ -136.41442, 50.705815 ], [ -136.410679, 50.703046 ], [ -136.408829, 50.70168 ], [ -136.393886, 50.690673 ], [ -136.392018, 50.6893 ], [ -136.388273, 50.686555 ], [ -136.386398, 50.685185 ], [ -136.378885, 50.679707 ], [ -136.377746, 50.678877 ], [ -136.375464, 50.677219 ], [ -136.37358, 50.675853 ], [ -136.372095, 50.674779 ], [ -136.371353, 50.674244 ], [ -136.35624, 50.663336 ], [ -136.354618, 50.662167 ], [ -136.351366, 50.659831 ], [ -136.349739, 50.658664 ], [ -136.343219, 50.653999 ], [ -136.341394, 50.652696 ], [ -136.337738, 50.650093 ], [ -136.335869, 50.648766 ], [ -136.334727, 50.647957 ], [ -136.319689, 50.637313 ], [ -136.317776, 50.635962 ], [ -136.313948, 50.633266 ], [ -136.312031, 50.63192 ], [ -136.304352, 50.62654 ], [ -136.302415, 50.625186 ], [ -136.298534, 50.622481 ], [ -136.296571, 50.621117 ], [ -136.295549, 50.620408 ], [ -136.279689, 50.609416 ], [ -136.277755, 50.608079 ], [ -136.273883, 50.605409 ], [ -136.271945, 50.604076 ], [ -136.26418, 50.598749 ], [ -136.262237, 50.59742 ], [ -136.258346, 50.594763 ], [ -136.256398, 50.593438 ], [ -136.240785, 50.582834 ], [ -136.238833, 50.581511 ], [ -136.234921, 50.578867 ], [ -136.232963, 50.577548 ], [ -136.225116, 50.572272 ], [ -136.223153, 50.570955 ], [ -136.21922, 50.568325 ], [ -136.217252, 50.567012 ], [ -136.201476, 50.556512 ], [ -136.199504, 50.555202 ], [ -136.195551, 50.552584 ], [ -136.193573, 50.551277 ], [ -136.185645, 50.546054 ], [ -136.183662, 50.54475 ], [ -136.179689, 50.542146 ], [ -136.177701, 50.540846 ], [ -136.161764, 50.53045 ], [ -136.159771, 50.529154 ], [ -136.155779, 50.526562 ], [ -136.15378, 50.525268 ], [ -136.145773, 50.520097 ], [ -136.143769, 50.518807 ], [ -136.139756, 50.516229 ], [ -136.137748, 50.514942 ], [ -136.121652, 50.504652 ], [ -136.11964, 50.503369 ], [ -136.115607, 50.500804 ], [ -136.113589, 50.499523 ], [ -136.105502, 50.494405 ], [ -136.103479, 50.493128 ], [ -136.099427, 50.490577 ], [ -136.097399, 50.489303 ], [ -136.081146, 50.47912 ], [ -136.079114, 50.47785 ], [ -136.075042, 50.475311 ], [ -136.073005, 50.474044 ], [ -136.06484, 50.46898 ], [ -136.062797, 50.467716 ], [ -136.058706, 50.465192 ], [ -136.056659, 50.463932 ], [ -136.04025, 50.453856 ], [ -136.038198, 50.452599 ], [ -136.034088, 50.450088 ], [ -136.032031, 50.448835 ], [ -136.023789, 50.443824 ], [ -136.021727, 50.442574 ], [ -136.017597, 50.440077 ], [ -136.015531, 50.43883 ], [ -135.998968, 50.428863 ], [ -135.996898, 50.42762 ], [ -135.992749, 50.425136 ], [ -135.990673, 50.423896 ], [ -135.982355, 50.418941 ], [ -135.980274, 50.417704 ], [ -135.976106, 50.415234 ], [ -135.974021, 50.414001 ], [ -135.957307, 50.404144 ], [ -135.955217, 50.402915 ], [ -135.951031, 50.400458 ], [ -135.948936, 50.399232 ], [ -135.940543, 50.394332 ], [ -135.938443, 50.393109 ], [ -135.934238, 50.390667 ], [ -135.932134, 50.389448 ], [ -135.91527, 50.379701 ], [ -135.913162, 50.378486 ], [ -135.908938, 50.376057 ], [ -135.906825, 50.374845 ], [ -135.898357, 50.37 ], [ -135.896238, 50.368791 ], [ -135.891996, 50.366376 ], [ -135.889874, 50.365172 ], [ -135.876433, 50.35756 ], [ -135.808902, 50.313419 ], [ -135.776711, 50.293831 ], [ -135.766957, 50.286258 ], [ -135.765151, 50.284859 ], [ -135.761532, 50.282063 ], [ -135.75972, 50.280667 ], [ -135.752458, 50.275087 ], [ -135.750641, 50.273694 ], [ -135.747, 50.27091 ], [ -135.745177, 50.269521 ], [ -135.730565, 50.258406 ], [ -135.728738, 50.25702 ], [ -135.725076, 50.254248 ], [ -135.723242, 50.252864 ], [ -135.715894, 50.247332 ], [ -135.714056, 50.245952 ], [ -135.710372, 50.243192 ], [ -135.70984, 50.242795 ], [ -135.708528, 50.241815 ], [ -135.693745, 50.230799 ], [ -135.691896, 50.229424 ], [ -135.688191, 50.226677 ], [ -135.686337, 50.225306 ], [ -135.678903, 50.219823 ], [ -135.677584, 50.218851 ], [ -135.67494, 50.216908 ], [ -135.673076, 50.215542 ], [ -135.671993, 50.21475 ], [ -135.671452, 50.214355 ], [ -135.6565, 50.203438 ], [ -135.654829, 50.202221 ], [ -135.652261, 50.200354 ], [ -135.606005, 50.16439 ], [ -135.579201, 50.143703 ], [ -135.552162, 50.123149 ], [ -135.524888, 50.102729 ], [ -135.497382, 50.082445 ], [ -135.469646, 50.062298 ], [ -135.441682, 50.042289 ], [ -135.413491, 50.022419 ], [ -135.385075, 50.002689 ], [ -135.337682, 49.970429 ], [ -135.28969, 49.93856 ], [ -135.10727, 49.818433 ], [ -135.029959, 49.766852 ], [ -135.029674, 49.766653 ], [ -135.01598, 49.757139 ], [ -135.014268, 49.755952 ], [ -135.010838, 49.753579 ], [ -135.009121, 49.752394 ], [ -135.002243, 49.747658 ], [ -135.000522, 49.746476 ], [ -134.997075, 49.744114 ], [ -134.99535, 49.742935 ], [ -134.983151, 49.734611 ], [ -134.981626, 49.733573 ], [ -134.978571, 49.731497 ], [ -134.977043, 49.73046 ], [ -134.970919, 49.726315 ], [ -134.969387, 49.72528 ], [ -134.966319, 49.723213 ], [ -134.964785, 49.72218 ], [ -134.952486, 49.713922 ], [ -134.950948, 49.712891 ], [ -134.947869, 49.710832 ], [ -134.946328, 49.709803 ], [ -134.940154, 49.705691 ], [ -134.93861, 49.704664 ], [ -134.935518, 49.702613 ], [ -134.933971, 49.701589 ], [ -134.921573, 49.693396 ], [ -134.920024, 49.692374 ], [ -134.916919, 49.69033 ], [ -134.915366, 49.68931 ], [ -134.909144, 49.68523 ], [ -134.907587, 49.684212 ], [ -134.904471, 49.682177 ], [ -134.902911, 49.681161 ], [ -134.890416, 49.673034 ], [ -134.888854, 49.67202 ], [ -134.885725, 49.669994 ], [ -134.88416, 49.668982 ], [ -134.877889, 49.664935 ], [ -134.87632, 49.663925 ], [ -134.873179, 49.661907 ], [ -134.871608, 49.660899 ], [ -134.859016, 49.652839 ], [ -134.857442, 49.651833 ], [ -134.854289, 49.649823 ], [ -134.852712, 49.64882 ], [ -134.846392, 49.644807 ], [ -134.844812, 49.643805 ], [ -134.841647, 49.641803 ], [ -134.840064, 49.640804 ], [ -134.827375, 49.632811 ], [ -134.825789, 49.631814 ], [ -134.824092, 49.630749 ], [ -134.819862, 49.627986 ], [ -134.817917, 49.626718 ], [ -134.813964, 49.624149 ], [ -134.811985, 49.622866 ], [ -134.804057, 49.617739 ], [ -134.802074, 49.61646 ], [ -134.798101, 49.613904 ], [ -134.796113, 49.612628 ], [ -134.780177, 49.602427 ], [ -134.778185, 49.601154 ], [ -134.774193, 49.598611 ], [ -134.772196, 49.597342 ], [ -134.76419, 49.592269 ], [ -134.762188, 49.591003 ], [ -134.758176, 49.588474 ], [ -134.756169, 49.587212 ], [ -134.74008, 49.577118 ], [ -134.738069, 49.575859 ], [ -134.734039, 49.573343 ], [ -134.732022, 49.572087 ], [ -134.723941, 49.567068 ], [ -134.721919, 49.565816 ], [ -134.71787, 49.563314 ], [ -134.715844, 49.562065 ], [ -134.699603, 49.55208 ], [ -134.697573, 49.550835 ], [ -134.693505, 49.548347 ], [ -134.691469, 49.547104 ], [ -134.683312, 49.54214 ], [ -134.681272, 49.540901 ], [ -134.677185, 49.538427 ], [ -134.67514, 49.537192 ], [ -134.65875, 49.527317 ], [ -134.656701, 49.526085 ], [ -134.652596, 49.523624 ], [ -134.650542, 49.522396 ], [ -134.642311, 49.517486 ], [ -134.640252, 49.516261 ], [ -134.636128, 49.513814 ], [ -134.634065, 49.512593 ], [ -134.617527, 49.502829 ], [ -134.615459, 49.501611 ], [ -134.611318, 49.499178 ], [ -134.609245, 49.497963 ], [ -134.60094, 49.49311 ], [ -134.598863, 49.491899 ], [ -134.594703, 49.48948 ], [ -134.592621, 49.488273 ], [ -134.575937, 49.47862 ], [ -134.573852, 49.477416 ], [ -134.569674, 49.475011 ], [ -134.567583, 49.473811 ], [ -134.559206, 49.469013 ], [ -134.55711, 49.467816 ], [ -134.552914, 49.465425 ], [ -134.550814, 49.464232 ], [ -134.533986, 49.454693 ], [ -134.531883, 49.453503 ], [ -134.527669, 49.451126 ], [ -134.52556, 49.44994 ], [ -134.517112, 49.445199 ], [ -134.514998, 49.444016 ], [ -134.510766, 49.441653 ], [ -134.508649, 49.440474 ], [ -134.491679, 49.431049 ], [ -134.488353, 49.429208 ], [ -134.481686, 49.425535 ], [ -134.478348, 49.423704 ], [ -134.464969, 49.416392 ], [ -134.461621, 49.414569 ], [ -134.454912, 49.410932 ], [ -134.451684, 49.40919 ], [ -134.424613, 49.394631 ], [ -134.421263, 49.392836 ], [ -134.414527, 49.389242 ], [ -134.411154, 49.38745 ], [ -134.397502, 49.380225 ], [ -134.396831, 49.37987 ], [ -134.393455, 49.378092 ], [ -134.387231, 49.374827 ], [ -134.384152, 49.373218 ], [ -134.383302, 49.372776 ], [ -134.375237, 49.368484 ], [ -134.373957, 49.367804 ], [ -134.371394, 49.366444 ], [ -134.368504, 49.364917 ], [ -134.365286, 49.363222 ], [ -134.363678, 49.362377 ], [ -134.340504, 49.350216 ], [ -134.33944, 49.349658 ], [ -134.337307, 49.348541 ], [ -134.33624, 49.347983 ], [ -134.331967, 49.345751 ], [ -134.328942, 49.344177 ], [ -134.322882, 49.341035 ], [ -134.319848, 49.339469 ], [ -134.311992, 49.335426 ], [ -134.310027, 49.334417 ], [ -134.306093, 49.332402 ], [ -134.30411, 49.33139 ], [ -134.302913, 49.330779 ], [ -134.301959, 49.330293 ], [ -134.288273, 49.323325 ], [ -134.286015, 49.322178 ], [ -134.281496, 49.319889 ], [ -134.279235, 49.318747 ], [ -134.270176, 49.314184 ], [ -134.267911, 49.313046 ], [ -134.263374, 49.310773 ], [ -134.261104, 49.30964 ], [ -134.242916, 49.300576 ], [ -134.240643, 49.299446 ], [ -134.236089, 49.297189 ], [ -134.233811, 49.296063 ], [ -134.224684, 49.291563 ], [ -134.222401, 49.290441 ], [ -134.21783, 49.2882 ], [ -134.215544, 49.287082 ], [ -134.192548, 49.275867 ], [ -134.189674, 49.274469 ], [ -134.183914, 49.271678 ], [ -134.181031, 49.270287 ], [ -134.180448, 49.270006 ], [ -133.389386, 48.850863 ], [ -132.584173, 48.408378 ], [ -132.582659, 48.407484 ], [ -132.580616, 48.406281 ], [ -132.572428, 48.401474 ], [ -132.57038, 48.400274 ], [ -132.566278, 48.397878 ], [ -132.564226, 48.396682 ], [ -132.547778, 48.387122 ], [ -132.545722, 48.38593 ], [ -132.541603, 48.383547 ], [ -132.539542, 48.382358 ], [ -132.531283, 48.377607 ], [ -132.529218, 48.376422 ], [ -132.525081, 48.374054 ], [ -132.523011, 48.372873 ], [ -132.506423, 48.363426 ], [ -132.50435, 48.362248 ], [ -132.500196, 48.359894 ], [ -132.498117, 48.35872 ], [ -132.48979, 48.354026 ], [ -132.487707, 48.352855 ], [ -132.483535, 48.350515 ], [ -132.481448, 48.349348 ], [ -132.464722, 48.340017 ], [ -132.462631, 48.338853 ], [ -132.458443, 48.336528 ], [ -132.456347, 48.335368 ], [ -132.447951, 48.330731 ], [ -132.446384, 48.329868 ], [ -132.445851, 48.329575 ], [ -132.441645, 48.327265 ], [ -132.439541, 48.326112 ], [ -132.422679, 48.316896 ], [ -132.420571, 48.315747 ], [ -132.416349, 48.313451 ], [ -132.414236, 48.312305 ], [ -132.405717, 48.307697 ], [ -132.403573, 48.30654 ], [ -132.399389, 48.304289 ], [ -132.397295, 48.303165 ], [ -132.380299, 48.294066 ], [ -132.379586, 48.293685 ], [ -132.378157, 48.292921 ], [ -132.377443, 48.29254 ], [ -132.374581, 48.291013 ], [ -132.372452, 48.28988 ], [ -132.36819, 48.287617 ], [ -132.366057, 48.286488 ], [ -132.360388, 48.283496 ], [ -132.358971, 48.282749 ], [ -132.356133, 48.281256 ], [ -132.354713, 48.28051 ], [ -132.337218, 48.271337 ], [ -132.335757, 48.270571 ], [ -132.333921, 48.26961 ], [ -132.331876, 48.268542 ], [ -132.327821, 48.26643 ], [ -132.325793, 48.265376 ], [ -132.317669, 48.261166 ], [ -132.315638, 48.260116 ], [ -132.31157, 48.258018 ], [ -132.309535, 48.256971 ], [ -132.294718, 48.249367 ], [ -132.292866, 48.248419 ], [ -132.289158, 48.246524 ], [ -132.287302, 48.245579 ], [ -132.279871, 48.241799 ], [ -132.278013, 48.240857 ], [ -132.274292, 48.238973 ], [ -132.272431, 48.238033 ], [ -132.256987, 48.230249 ], [ -132.255057, 48.229278 ], [ -132.251191, 48.227339 ], [ -132.249258, 48.226371 ], [ -132.241511, 48.222503 ], [ -132.239574, 48.221538 ], [ -132.235696, 48.219611 ], [ -132.233756, 48.218649 ], [ -132.218211, 48.21096 ], [ -132.216269, 48.210001 ], [ -132.212378, 48.208086 ], [ -132.210431, 48.20713 ], [ -132.202635, 48.203309 ], [ -132.200686, 48.202356 ], [ -132.196782, 48.200453 ], [ -132.19483, 48.199503 ], [ -132.179187, 48.19191 ], [ -132.177232, 48.190963 ], [ -132.173316, 48.189071 ], [ -132.171357, 48.188127 ], [ -132.163512, 48.184355 ], [ -132.16155, 48.183414 ], [ -132.157622, 48.181534 ], [ -132.155658, 48.180596 ], [ -132.139917, 48.173099 ], [ -132.137949, 48.172164 ], [ -132.13401, 48.170297 ], [ -132.132039, 48.169365 ], [ -132.124145, 48.165641 ], [ -132.122171, 48.164712 ], [ -132.118219, 48.162856 ], [ -132.116243, 48.161931 ], [ -132.100405, 48.15453 ], [ -132.098426, 48.153607 ], [ -132.094462, 48.151764 ], [ -132.092479, 48.150844 ], [ -132.084537, 48.147169 ], [ -132.082552, 48.146252 ], [ -132.078576, 48.144421 ], [ -132.076587, 48.143507 ], [ -132.060655, 48.136204 ], [ -132.058664, 48.135294 ], [ -132.054676, 48.133475 ], [ -132.052682, 48.132567 ], [ -132.044693, 48.12894 ], [ -132.042695, 48.128036 ], [ -132.038696, 48.126229 ], [ -132.036696, 48.125328 ], [ -132.020669, 48.118123 ], [ -132.018667, 48.117224 ], [ -132.014656, 48.11543 ], [ -132.01265, 48.114534 ], [ -132.00908, 48.112945 ], [ -132.0027, 48.107552 ], [ -132.001014, 48.106129 ], [ -131.997634, 48.103287 ], [ -131.995942, 48.101868 ], [ -131.982375, 48.090518 ], [ -131.980679, 48.089102 ], [ -131.977278, 48.086271 ], [ -131.975575, 48.084858 ], [ -131.96875, 48.079207 ], [ -131.967042, 48.077797 ], [ -131.96362, 48.074978 ], [ -131.961907, 48.073571 ], [ -131.948172, 48.062317 ], [ -131.946454, 48.060912 ], [ -131.943011, 48.058106 ], [ -131.941288, 48.056704 ], [ -131.934379, 48.051102 ], [ -131.93265, 48.049703 ], [ -131.929186, 48.046909 ], [ -131.927452, 48.045514 ], [ -131.91355, 48.034356 ], [ -131.911811, 48.032964 ], [ -131.908327, 48.030182 ], [ -131.906582, 48.028792 ], [ -131.899591, 48.023238 ], [ -131.897841, 48.021852 ], [ -131.894336, 48.019082 ], [ -131.892581, 48.017699 ], [ -131.878513, 48.006639 ], [ -131.877447, 48.005802 ], [ -131.876754, 48.005259 ], [ -131.873229, 48.002501 ], [ -131.871464, 48.001124 ], [ -131.864389, 47.99562 ], [ -131.862619, 47.994246 ], [ -131.859073, 47.9915 ], [ -131.857298, 47.99013 ], [ -131.842874, 47.97902 ], [ -131.841908, 47.978277 ], [ -131.840127, 47.97691 ], [ -131.837333, 47.974771 ], [ -131.835935, 47.973704 ], [ -131.82878, 47.968249 ], [ -131.826989, 47.966887 ], [ -131.823402, 47.964167 ], [ -131.821606, 47.962808 ], [ -131.806974, 47.951767 ], [ -131.80623, 47.951205 ], [ -131.804403, 47.949831 ], [ -131.800793, 47.947123 ], [ -131.798986, 47.94577 ], [ -131.792255, 47.940747 ], [ -131.790571, 47.939493 ], [ -131.787197, 47.936987 ], [ -131.78551, 47.935736 ], [ -131.770822, 47.924877 ], [ -131.768985, 47.923523 ], [ -131.765306, 47.920816 ], [ -131.763464, 47.919465 ], [ -131.756082, 47.914063 ], [ -131.754235, 47.912715 ], [ -131.750535, 47.910022 ], [ -131.748683, 47.908677 ], [ -131.734106, 47.898119 ], [ -131.732284, 47.896802 ], [ -131.728631, 47.89417 ], [ -131.726803, 47.892856 ], [ -131.719476, 47.887602 ], [ -131.717643, 47.886291 ], [ -131.71397, 47.883672 ], [ -131.712133, 47.882364 ], [ -131.697264, 47.87181 ], [ -131.695405, 47.870494 ], [ -131.69168, 47.867863 ], [ -131.689816, 47.86655 ], [ -131.682343, 47.861299 ], [ -131.680474, 47.859989 ], [ -131.676729, 47.857371 ], [ -131.674855, 47.856065 ], [ -131.659832, 47.845616 ], [ -131.657954, 47.844312 ], [ -131.65419, 47.841707 ], [ -131.652306, 47.840407 ], [ -131.644757, 47.835209 ], [ -131.642868, 47.833912 ], [ -131.639085, 47.831321 ], [ -131.637192, 47.830028 ], [ -131.622016, 47.819684 ], [ -131.620118, 47.818394 ], [ -131.616316, 47.815816 ], [ -131.614413, 47.814528 ], [ -131.606788, 47.809384 ], [ -131.60488, 47.8081 ], [ -131.601059, 47.805535 ], [ -131.599147, 47.804255 ], [ -131.58382, 47.794019 ], [ -131.581903, 47.792742 ], [ -131.578064, 47.79019 ], [ -131.576142, 47.788917 ], [ -131.568442, 47.783826 ], [ -131.566515, 47.782555 ], [ -131.562657, 47.780017 ], [ -131.560726, 47.778751 ], [ -131.545249, 47.768622 ], [ -131.543314, 47.767359 ], [ -131.539437, 47.764834 ], [ -131.537497, 47.763574 ], [ -131.529722, 47.758537 ], [ -131.527777, 47.75728 ], [ -131.523881, 47.75477 ], [ -131.521932, 47.753517 ], [ -131.506307, 47.743496 ], [ -131.504354, 47.742247 ], [ -131.50044, 47.73975 ], [ -131.498482, 47.738503 ], [ -131.490634, 47.733521 ], [ -131.48867, 47.732278 ], [ -131.484738, 47.729794 ], [ -131.482771, 47.728555 ], [ -131.467, 47.718645 ], [ -131.465028, 47.717409 ], [ -131.461078, 47.714939 ], [ -131.459102, 47.713707 ], [ -131.451181, 47.70878 ], [ -131.4492, 47.70755 ], [ -131.445231, 47.705095 ], [ -131.443246, 47.703869 ], [ -131.427331, 47.69407 ], [ -131.425342, 47.692848 ], [ -131.421356, 47.690406 ], [ -131.419361, 47.689187 ], [ -131.411369, 47.684316 ], [ -131.40937, 47.683101 ], [ -131.405366, 47.680673 ], [ -131.403362, 47.679461 ], [ -131.387305, 47.669774 ], [ -131.385298, 47.668566 ], [ -131.381277, 47.666152 ], [ -131.379264, 47.664947 ], [ -131.371201, 47.660132 ], [ -131.369185, 47.658931 ], [ -131.365145, 47.656531 ], [ -131.363125, 47.655334 ], [ -131.346927, 47.64576 ], [ -131.344902, 47.644566 ], [ -131.340846, 47.64218 ], [ -131.338816, 47.640989 ], [ -131.330684, 47.636231 ], [ -131.328649, 47.635044 ], [ -131.324575, 47.632673 ], [ -131.322537, 47.63149 ], [ -131.306201, 47.622029 ], [ -131.304159, 47.62085 ], [ -131.300068, 47.618492 ], [ -131.298021, 47.617316 ], [ -131.28982, 47.612615 ], [ -131.287769, 47.611442 ], [ -131.28366, 47.6091 ], [ -131.281605, 47.607931 ], [ -131.265132, 47.598585 ], [ -131.263073, 47.59742 ], [ -131.258948, 47.595092 ], [ -131.256884, 47.59393 ], [ -131.248615, 47.589286 ], [ -131.246547, 47.588128 ], [ -131.242299, 47.585755 ], [ -131.240332, 47.58466 ], [ -131.223725, 47.57543 ], [ -131.221469, 47.57418 ], [ -131.21695, 47.571682 ], [ -131.214686, 47.570435 ], [ -131.205484, 47.565378 ], [ -131.203151, 47.5641 ], [ -131.198754, 47.561698 ], [ -131.196552, 47.560498 ], [ -131.178351, 47.550609 ], [ -131.177737, 47.550275 ], [ -131.176505, 47.549606 ], [ -131.175889, 47.549272 ], [ -131.173421, 47.547935 ], [ -131.169717, 47.545938 ], [ -131.162297, 47.541955 ], [ -131.158581, 47.53997 ], [ -131.146173, 47.533373 ], [ -131.143068, 47.531729 ], [ -131.136846, 47.528447 ], [ -131.133732, 47.52681 ], [ -131.12223, 47.520789 ], [ -131.1208, 47.520042 ], [ -131.117938, 47.51855 ], [ -131.116507, 47.517804 ], [ -131.110774, 47.514824 ], [ -131.109356, 47.514089 ], [ -131.106518, 47.512619 ], [ -131.105129, 47.511901 ], [ -131.09995, 47.509227 ], [ -131.098951, 47.508703 ], [ -131.089726, 47.503891 ], [ -131.085105, 47.501495 ], [ -131.066515, 47.491908 ], [ -131.061861, 47.489522 ], [ -131.05253, 47.484766 ], [ -131.047857, 47.482399 ], [ -131.010315, 47.463479 ], [ -131.005618, 47.461125 ], [ -130.996199, 47.456431 ], [ -130.991481, 47.454095 ], [ -130.972562, 47.444779 ], [ -130.967825, 47.44246 ], [ -130.958329, 47.437839 ], [ -130.953573, 47.435539 ], [ -130.933955, 47.426105 ], [ -130.932614, 47.42546 ], [ -130.930375, 47.424386 ], [ -130.929031, 47.423741 ], [ -130.924994, 47.421808 ], [ -130.923649, 47.421164 ], [ -130.921404, 47.420092 ], [ -130.920057, 47.419449 ], [ -130.919288, 47.419082 ], [ -130.91819, 47.41856 ], [ -130.915994, 47.417515 ], [ -130.914895, 47.416994 ], [ -130.910497, 47.414909 ], [ -130.909398, 47.414388 ], [ -130.907198, 47.413348 ], [ -130.906098, 47.412828 ], [ -130.897288, 47.408674 ], [ -130.896187, 47.408155 ], [ -130.893984, 47.407119 ], [ -130.892882, 47.406602 ], [ -130.888471, 47.404533 ], [ -130.887368, 47.404016 ], [ -130.885162, 47.402984 ], [ -130.884059, 47.40247 ], [ -130.866426, 47.394243 ], [ -130.865325, 47.39373 ], [ -130.86312, 47.392703 ], [ -130.862018, 47.392191 ], [ -130.857602, 47.390142 ], [ -130.856498, 47.38963 ], [ -130.854289, 47.388607 ], [ -130.853184, 47.388097 ], [ -130.844335, 47.384013 ], [ -130.84323, 47.383503 ], [ -130.841016, 47.382484 ], [ -130.839909, 47.381975 ], [ -130.835478, 47.379941 ], [ -130.83437, 47.379433 ], [ -130.832152, 47.378417 ], [ -130.831043, 47.37791 ], [ -130.82958, 47.377242 ], [ -130.828345, 47.37668 ], [ -130.825874, 47.375555 ], [ -130.824638, 47.374994 ], [ -130.819691, 47.37275 ], [ -130.818455, 47.372189 ], [ -130.81598, 47.37107 ], [ -130.814742, 47.370511 ], [ -130.804831, 47.366042 ], [ -130.803593, 47.365485 ], [ -130.801114, 47.36437 ], [ -130.799874, 47.363814 ], [ -130.79491, 47.36159 ], [ -130.79367, 47.361034 ], [ -130.791187, 47.359925 ], [ -130.789946, 47.359372 ], [ -130.77354, 47.352064 ], [ -130.772422, 47.351566 ], [ -130.770183, 47.350571 ], [ -130.769063, 47.350075 ], [ -130.764579, 47.348088 ], [ -130.763458, 47.347592 ], [ -130.761215, 47.346601 ], [ -130.760093, 47.346106 ], [ -130.751109, 47.342147 ], [ -130.749986, 47.341653 ], [ -130.747739, 47.340666 ], [ -130.746615, 47.340173 ], [ -130.742116, 47.338201 ], [ -130.740991, 47.337709 ], [ -130.73874, 47.336726 ], [ -130.737614, 47.336234 ], [ -130.734088, 47.334698 ], [ -130.733466, 47.334427 ], [ -130.732219, 47.333885 ], [ -130.731596, 47.333614 ], [ -130.729102, 47.332531 ], [ -130.728478, 47.33226 ], [ -130.727231, 47.33172 ], [ -130.726607, 47.331449 ], [ -130.721614, 47.329287 ], [ -130.72099, 47.329017 ], [ -130.719742, 47.328478 ], [ -130.719118, 47.328208 ], [ -130.716619, 47.32713 ], [ -130.715995, 47.32686 ], [ -130.714745, 47.326322 ], [ -130.714121, 47.326053 ], [ -130.709654, 47.324131 ], [ -130.709149, 47.323914 ], [ -130.708138, 47.323479 ], [ -130.707632, 47.323262 ], [ -130.705609, 47.322394 ], [ -130.705103, 47.322177 ], [ -130.704091, 47.321743 ], [ -130.703586, 47.321526 ], [ -130.699536, 47.319792 ], [ -130.69903, 47.319576 ], [ -130.698018, 47.319143 ], [ -130.697512, 47.318927 ], [ -130.695486, 47.318062 ], [ -130.69498, 47.317846 ], [ -130.693967, 47.317414 ], [ -130.693462, 47.317198 ], [ -130.683371, 47.3129 ], [ -130.682242, 47.312419 ], [ -130.679982, 47.311459 ], [ -130.678851, 47.310979 ], [ -130.674326, 47.309062 ], [ -130.673194, 47.308583 ], [ -130.67093, 47.307627 ], [ -130.669798, 47.307149 ], [ -130.660732, 47.30333 ], [ -130.659599, 47.302853 ], [ -130.657332, 47.301901 ], [ -130.656198, 47.301425 ], [ -130.651658, 47.299524 ], [ -130.650523, 47.299049 ], [ -130.648252, 47.2981 ], [ -130.647117, 47.297627 ], [ -130.641057, 47.295103 ], [ -130.640041, 47.29468 ], [ -130.638008, 47.293836 ], [ -130.636991, 47.293414 ], [ -130.632921, 47.291727 ], [ -130.631904, 47.291306 ], [ -130.629868, 47.290465 ], [ -130.628851, 47.290045 ], [ -130.620699, 47.286685 ], [ -130.619681, 47.286265 ], [ -130.617643, 47.285427 ], [ -130.616624, 47.285009 ], [ -130.612544, 47.283335 ], [ -130.611524, 47.282917 ], [ -130.609483, 47.282083 ], [ -130.608464, 47.281666 ], [ -130.596227, 47.276673 ], [ -130.595087, 47.276208 ], [ -130.592803, 47.275278 ], [ -130.59166, 47.274814 ], [ -130.587087, 47.272958 ], [ -130.585944, 47.272495 ], [ -130.583656, 47.271569 ], [ -130.582513, 47.271107 ], [ -130.573351, 47.267411 ], [ -130.572207, 47.26695 ], [ -130.569915, 47.266028 ], [ -130.56877, 47.265568 ], [ -130.564183, 47.263728 ], [ -130.563036, 47.263269 ], [ -130.560741, 47.262351 ], [ -130.559593, 47.261892 ], [ -130.555509, 47.260264 ], [ -130.554481, 47.259854 ], [ -130.552424, 47.259036 ], [ -130.551395, 47.258627 ], [ -130.547278, 47.256994 ], [ -130.540246, 47.254231 ], [ -130.530359, 47.250381 ], [ -130.528952, 47.249822 ], [ -130.524652, 47.248125 ], [ -130.512748, 47.243525 ], [ -130.512052, 47.24325 ], [ -130.510261, 47.242543 ], [ -130.506677, 47.241131 ], [ -130.504884, 47.240425 ], [ -130.500167, 47.238571 ], [ -130.498682, 47.237988 ], [ -130.497988, 47.237715 ], [ -130.494274, 47.236259 ], [ -130.493627, 47.236009 ], [ -130.491439, 47.235174 ], [ -130.481875, 47.231531 ], [ -130.480481, 47.231 ], [ -130.477693, 47.22994 ], [ -130.475047, 47.228937 ], [ -130.473087, 47.228212 ], [ -130.466649, 47.225843 ], [ -130.463432, 47.224653 ], [ -130.458819, 47.222746 ], [ -130.458135, 47.222489 ], [ -130.456766, 47.221976 ], [ -130.456082, 47.22172 ], [ -130.454013, 47.220947 ], [ -130.453493, 47.220752 ], [ -130.452453, 47.220364 ], [ -130.451933, 47.22017 ], [ -130.447882, 47.218658 ], [ -130.44736, 47.218464 ], [ -130.446316, 47.218075 ], [ -130.445797, 47.217881 ], [ -130.44367, 47.21709 ], [ -130.439014, 47.215305 ], [ -130.438263, 47.215017 ], [ -130.436669, 47.214406 ], [ -130.431329, 47.212377 ], [ -130.422233, 47.208944 ], [ -130.417678, 47.207236 ], [ -130.415991, 47.206607 ], [ -130.414866, 47.206188 ], [ -130.411675, 47.205001 ], [ -130.409395, 47.204155 ], [ -130.404831, 47.202467 ], [ -130.402549, 47.201626 ], [ -130.393409, 47.198266 ], [ -130.391124, 47.197429 ], [ -130.386549, 47.195757 ], [ -130.384261, 47.194923 ], [ -130.368955, 47.189364 ], [ -130.367042, 47.18867 ], [ -130.363213, 47.187286 ], [ -130.361298, 47.186596 ], [ -130.35363, 47.183838 ], [ -130.351713, 47.183151 ], [ -130.347876, 47.181778 ], [ -130.345958, 47.181093 ], [ -130.327052, 47.174361 ], [ -130.32469, 47.173523 ], [ -130.31996, 47.171848 ], [ -130.317593, 47.171014 ], [ -130.308118, 47.167681 ], [ -130.305749, 47.166851 ], [ -130.301006, 47.165194 ], [ -130.298635, 47.164367 ], [ -130.282201, 47.15866 ], [ -130.275348, 47.153767 ], [ -130.273506, 47.152455 ], [ -130.269816, 47.149834 ], [ -130.267969, 47.148526 ], [ -130.253164, 47.138064 ], [ -130.251313, 47.136759 ], [ -130.247604, 47.134151 ], [ -130.245748, 47.132849 ], [ -130.238308, 47.127644 ], [ -130.236447, 47.126346 ], [ -130.232718, 47.123751 ], [ -130.230853, 47.122456 ], [ -130.215897, 47.112099 ], [ -130.214027, 47.110807 ], [ -130.21028, 47.108226 ], [ -130.208404, 47.106937 ], [ -130.20089, 47.101786 ], [ -130.19901, 47.100501 ], [ -130.195244, 47.097932 ], [ -130.193359, 47.096651 ], [ -130.178253, 47.086401 ], [ -130.176365, 47.085122 ], [ -130.17258, 47.082568 ], [ -130.170686, 47.081292 ], [ -130.163097, 47.076195 ], [ -130.161199, 47.074923 ], [ -130.157396, 47.072382 ], [ -130.155493, 47.071113 ], [ -130.140239, 47.060971 ], [ -130.138331, 47.059706 ], [ -130.13451, 47.057178 ], [ -130.132598, 47.055917 ], [ -130.124935, 47.050873 ], [ -130.123018, 47.049615 ], [ -130.119178, 47.047101 ], [ -130.117257, 47.045846 ], [ -130.114773, 47.044228 ], [ -130.10996, 47.040993 ], [ -130.071671, 47.015779 ], [ -130.033018, 46.990839 ], [ -129.994006, 46.966174 ], [ -129.95464, 46.941788 ], [ -129.914924, 46.917684 ], [ -129.874863, 46.893862 ], [ -129.834461, 46.870327 ], [ -129.793723, 46.847081 ], [ -129.752653, 46.824125 ], [ -129.711257, 46.801463 ], [ -129.62236, 46.75436 ], [ -129.574789, 46.730002 ], [ -129.526831, 46.706025 ], [ -129.478494, 46.682433 ], [ -129.429782, 46.659228 ], [ -129.380704, 46.636413 ], [ -129.331266, 46.613991 ], [ -129.124073, 46.523503 ], [ -129.112804, 46.508782 ], [ -129.101434, 46.494098 ], [ -129.089964, 46.479452 ], [ -129.078395, 46.464845 ], [ -129.066726, 46.450276 ], [ -129.054959, 46.435747 ], [ -129.043093, 46.421258 ], [ -129.031129, 46.406808 ], [ -129.024972, 46.399433 ], [ -129.019298, 46.392359 ], [ -129.01539, 46.38751 ], [ -129.014652, 46.386127 ], [ -129.011205, 46.379695 ], [ -129.002763, 46.364103 ], [ -128.994214, 46.348539 ], [ -128.985557, 46.333004 ], [ -128.976794, 46.317499 ], [ -128.967924, 46.302023 ], [ -128.958947, 46.286577 ], [ -128.949865, 46.271162 ], [ -128.940677, 46.255778 ], [ -128.931383, 46.240425 ], [ -128.921984, 46.225104 ], [ -128.912481, 46.209815 ], [ -128.902872, 46.194557 ], [ -128.89316, 46.179333 ], [ -128.888167, 46.171582 ], [ -128.888135, 46.171198 ], [ -128.886689, 46.154576 ], [ -128.885125, 46.137959 ], [ -128.883442, 46.121348 ], [ -128.881642, 46.104743 ], [ -128.879723, 46.088144 ], [ -128.877686, 46.071552 ], [ -128.875532, 46.054968 ], [ -128.87326, 46.03839 ], [ -128.87087, 46.021821 ], [ -128.868364, 46.005261 ], [ -128.86574, 45.988709 ], [ -128.863, 45.972166 ], [ -128.860143, 45.955633 ], [ -128.859169, 45.950154 ], [ -128.85716, 45.939059 ], [ -128.854069, 45.922546 ], [ -128.850863, 45.906045 ], [ -128.847541, 45.889554 ], [ -128.844103, 45.873075 ], [ -128.840549, 45.856608 ], [ -128.836879, 45.840154 ], [ -128.833095, 45.823712 ], [ -128.829195, 45.807284 ], [ -128.825181, 45.790869 ], [ -128.821051, 45.774469 ], [ -128.816808, 45.758082 ], [ -128.81245, 45.741711 ], [ -128.807977, 45.725355 ], [ -128.803392, 45.709014 ], [ -128.798692, 45.692689 ], [ -128.793879, 45.676381 ], [ -128.788953, 45.66009 ], [ -128.783913, 45.643815 ], [ -128.778761, 45.627559 ], [ -128.773496, 45.61132 ], [ -128.768119, 45.595099 ], [ -128.76263, 45.578898 ], [ -128.757029, 45.562715 ], [ -128.751316, 45.546552 ], [ -128.745492, 45.530409 ], [ -128.73977, 45.51486 ], [ -128.738373, 45.508673 ], [ -128.738651, 45.499046 ], [ -128.739037, 45.482394 ], [ -128.739306, 45.465741 ], [ -128.739456, 45.449088 ], [ -128.739487, 45.432433 ], [ -128.739401, 45.415779 ], [ -128.739197, 45.399125 ], [ -128.738875, 45.382473 ], [ -128.738435, 45.365821 ], [ -128.737878, 45.349171 ], [ -128.737203, 45.332524 ], [ -128.736411, 45.315878 ], [ -128.735501, 45.299236 ], [ -128.734475, 45.282597 ], [ -128.733331, 45.265962 ], [ -128.73256, 45.255609 ], [ -128.734667, 45.240361 ], [ -128.736844, 45.223778 ], [ -128.738902, 45.207186 ], [ -128.740842, 45.190588 ], [ -128.742663, 45.173983 ], [ -128.743634, 45.164659 ], [ -128.743875, 45.162397 ], [ -128.745579, 45.145786 ], [ -128.747164, 45.129169 ], [ -128.748632, 45.112546 ], [ -128.749981, 45.095918 ], [ -128.751212, 45.079286 ], [ -128.752326, 45.062649 ], [ -128.753322, 45.046009 ], [ -128.753366, 45.045213 ], [ -128.754536, 45.029389 ], [ -128.755651, 45.012753 ], [ -128.756648, 44.996112 ], [ -128.757528, 44.979468 ], [ -128.75829, 44.962822 ], [ -128.758935, 44.946172 ], [ -128.759462, 44.929521 ], [ -128.759872, 44.912867 ], [ -128.760164, 44.896213 ], [ -128.76034, 44.879558 ], [ -128.760399, 44.862902 ], [ -128.76034, 44.846246 ], [ -128.760165, 44.82959 ], [ -128.759874, 44.812936 ], [ -128.759465, 44.796282 ], [ -128.758941, 44.77963 ], [ -128.758299, 44.76298 ], [ -128.757542, 44.746333 ], [ -128.756668, 44.729688 ], [ -128.755679, 44.713047 ], [ -128.754573, 44.696409 ], [ -128.753382, 44.680159 ], [ -128.753861, 44.665156 ], [ -128.754281, 44.648503 ], [ -128.754585, 44.631847 ], [ -128.754772, 44.615191 ], [ -128.754843, 44.598535 ], [ -128.754797, 44.581878 ], [ -128.754635, 44.565222 ], [ -128.754357, 44.548566 ], [ -128.754268, 44.544358 ], [ -128.754419, 44.542032 ], [ -128.75543, 44.525391 ], [ -128.756324, 44.508746 ], [ -128.757102, 44.492098 ], [ -128.757763, 44.475448 ], [ -128.758308, 44.458796 ], [ -128.758737, 44.442141 ], [ -128.758943, 44.43187 ], [ -128.759165, 44.422697 ], [ -128.759219, 44.4202 ], [ -128.760339, 44.417698 ], [ -128.767372, 44.401822 ], [ -128.77429, 44.38592 ], [ -128.781093, 44.369994 ], [ -128.787782, 44.354042 ], [ -128.794356, 44.338067 ], [ -128.800815, 44.322068 ], [ -128.80716, 44.306045 ], [ -128.81339, 44.29 ], [ -128.819505, 44.273932 ], [ -128.825505, 44.257842 ], [ -128.831389, 44.24173 ], [ -128.837159, 44.225597 ], [ -128.842813, 44.209443 ], [ -128.848352, 44.193269 ], [ -128.853776, 44.177075 ], [ -128.859085, 44.160861 ], [ -128.864278, 44.144628 ], [ -128.869356, 44.128376 ], [ -128.874318, 44.112106 ], [ -128.879165, 44.095818 ], [ -128.883897, 44.079513 ], [ -128.888512, 44.063191 ], [ -128.893013, 44.046851 ], [ -128.897397, 44.030496 ], [ -128.901667, 44.014125 ], [ -128.90582, 43.997739 ], [ -128.909858, 43.981337 ], [ -128.91378, 43.964921 ], [ -128.917587, 43.948491 ], [ -128.921278, 43.932048 ], [ -128.924115, 43.919033 ], [ -128.92442, 43.918382 ], [ -128.931749, 43.902589 ], [ -128.938965, 43.886768 ], [ -128.946068, 43.870922 ], [ -128.953058, 43.855049 ], [ -128.959934, 43.839151 ], [ -128.966697, 43.823228 ], [ -128.973347, 43.80728 ], [ -128.979883, 43.791308 ], [ -128.986306, 43.775312 ], [ -128.992615, 43.759292 ], [ -128.99881, 43.74325 ], [ -129.004892, 43.727185 ], [ -129.010859, 43.711097 ], [ -129.016713, 43.694988 ], [ -129.022452, 43.678858 ], [ -129.028078, 43.662707 ], [ -129.033589, 43.646535 ], [ -129.038987, 43.630343 ], [ -129.04427, 43.614132 ], [ -129.049439, 43.597901 ], [ -129.054493, 43.581652 ], [ -129.059433, 43.565384 ], [ -129.064259, 43.549098 ], [ -129.068971, 43.532795 ], [ -129.073568, 43.516474 ], [ -129.07805, 43.500137 ], [ -129.082418, 43.483783 ], [ -129.086672, 43.467414 ], [ -129.090811, 43.451029 ], [ -129.094836, 43.434629 ], [ -129.098746, 43.418214 ], [ -129.102541, 43.401786 ], [ -129.106222, 43.385343 ], [ -129.109789, 43.368887 ], [ -129.11324, 43.352418 ], [ -129.116578, 43.335937 ], [ -129.119801, 43.319443 ], [ -129.122909, 43.302938 ], [ -129.125903, 43.286422 ], [ -129.128782, 43.269895 ], [ -129.131547, 43.253357 ], [ -129.134198, 43.23681 ], [ -129.136734, 43.220252 ], [ -129.139156, 43.203686 ], [ -129.141463, 43.187111 ], [ -129.143656, 43.170528 ], [ -129.145735, 43.153936 ], [ -129.147699, 43.137338 ], [ -129.14955, 43.120732 ], [ -129.151286, 43.10412 ], [ -129.152908, 43.087501 ], [ -129.154416, 43.070876 ], [ -129.15581, 43.054247 ], [ -129.15709, 43.037612 ], [ -129.158256, 43.020973 ], [ -129.159309, 43.004329 ], [ -129.160247, 42.987682 ], [ -129.161072, 42.971032 ], [ -129.161784, 42.954378 ], [ -129.162382, 42.937723 ], [ -129.162866, 42.921065 ], [ -129.163237, 42.904405 ], [ -129.163495, 42.887745 ], [ -129.163639, 42.871084 ], [ -129.163671, 42.854422 ], [ -129.163589, 42.83776 ], [ -129.163395, 42.821099 ], [ -129.163087, 42.804438 ], [ -129.162667, 42.787779 ], [ -129.162135, 42.771122 ], [ -129.161489, 42.754467 ], [ -129.160732, 42.737814 ], [ -129.159862, 42.721164 ], [ -129.159236, 42.710339 ], [ -129.158871, 42.704375 ], [ -129.157777, 42.687732 ], [ -129.15657, 42.671094 ], [ -129.155252, 42.65446 ], [ -129.153822, 42.637831 ], [ -129.152281, 42.621207 ], [ -129.150628, 42.60459 ], [ -129.148863, 42.587978 ], [ -129.146988, 42.571373 ], [ -129.145001, 42.554775 ], [ -129.142904, 42.538185 ], [ -129.140695, 42.521603 ], [ -129.138376, 42.505028 ], [ -129.135946, 42.488463 ], [ -129.133406, 42.471906 ], [ -129.130756, 42.455359 ], [ -129.127996, 42.438822 ], [ -129.125126, 42.422296 ], [ -129.122146, 42.405779 ], [ -129.119056, 42.389274 ], [ -129.115857, 42.372781 ], [ -129.112549, 42.356299 ], [ -129.109131, 42.33983 ], [ -129.105605, 42.323373 ], [ -129.101969, 42.30693 ], [ -129.098226, 42.2905 ], [ -129.094373, 42.274084 ], [ -129.090413, 42.257682 ], [ -129.086344, 42.241295 ], [ -129.082168, 42.224923 ], [ -129.077883, 42.208566 ], [ -129.073492, 42.192226 ], [ -129.068993, 42.175901 ], [ -129.064386, 42.159594 ], [ -129.059673, 42.143303 ], [ -129.054853, 42.12703 ], [ -129.049927, 42.110775 ], [ -129.044894, 42.094538 ], [ -129.039755, 42.078319 ], [ -129.034509, 42.06212 ], [ -129.029159, 42.04594 ], [ -129.023702, 42.02978 ], [ -129.018141, 42.01364 ], [ -129.012474, 41.997521 ], [ -129.006702, 41.981422 ], [ -129.000826, 41.965345 ], [ -124.205616, 41.960792 ], [ -124.205664, 41.958128 ], [ -124.205664, 41.958128 ], [ -124.205664, 41.958128 ], [ -124.18518, 41.958046 ], [ -124.172993, 41.953696 ], [ -124.154983, 41.959271 ], [ -124.149838, 41.966918 ], [ -124.141416, 41.966598 ], [ -124.121045, 41.965822 ], [ -124.099231, 41.967962 ], [ -124.088509, 41.970979 ], [ -124.078351, 41.973838 ], [ -124.075469, 41.974648 ], [ -124.074009, 41.975803 ], [ -124.061438, 41.985744 ], [ -124.056118, 41.98995 ], [ -124.054308, 41.997251 ], [ -124.053237, 42.001571 ], [ -124.045725, 42.008737 ], [ -124.029498, 42.013043 ], [ -124.018804, 42.026404 ], [ -124.019689, 42.059138 ], [ -124.008627, 42.073951 ], [ -123.986088, 42.083769 ], [ -123.966402, 42.093633 ], [ -123.946199, 42.118699 ], [ -123.935189, 42.126629 ], [ -123.931917, 42.126797 ], [ -123.911072, 42.12786 ], [ -123.888166, 42.125865 ], [ -123.877727, 42.124954 ], [ -123.865009, 42.131869 ], [ -123.854752, 42.131826 ], [ -123.847022, 42.126255 ], [ -123.838753, 42.115052 ], [ -123.833321, 42.099107 ], [ -123.824946, 42.089985 ], [ -123.822908, 42.080148 ], [ -123.829922, 42.066942 ], [ -123.839539, 42.053159 ], [ -123.841063, 42.035678 ], [ -123.837996, 42.018527 ], [ -123.832855, 42.008006 ], [ -123.823515, 42.001156 ], [ -123.820777, 42.000734 ], [ -123.803399, 41.998057 ], [ -123.800581, 41.996537 ], [ -123.796186, 41.994165 ], [ -123.790941, 41.985724 ], [ -123.779991, 41.97717 ], [ -123.764975, 41.974998 ], [ -123.754547, 41.972497 ], [ -123.745223, 41.96564 ], [ -123.738136, 41.95966 ], [ -123.698695, 41.955317 ], [ -123.68408, 41.952069 ], [ -123.675148, 41.943569 ], [ -123.653862, 41.941025 ], [ -123.644096, 41.922867 ], [ -123.635307, 41.901932 ], [ -123.636672, 41.891468 ], [ -123.63674, 41.890934 ], [ -123.636719, 41.890928 ], [ -123.619931, 41.886898 ], [ -123.615939, 41.886448 ], [ -123.603679, 41.886394 ], [ -123.59155, 41.903442 ], [ -123.582105, 41.902945 ], [ -123.57136, 41.902379 ], [ -123.561236, 41.905703 ], [ -123.558849, 41.906486 ], [ -123.551662, 41.926558 ], [ -123.539515, 41.9436 ], [ -123.532942, 41.958053 ], [ -123.537651, 41.979636 ], [ -123.532317, 41.992448 ], [ -123.522796, 41.999656 ], [ -123.522144, 42.000149 ], [ -123.497329, 42.008983 ], [ -123.458365, 42.015408 ], [ -123.442607, 42.016092 ], [ -123.421405, 42.007682 ], [ -123.398758, 42.005108 ], [ -123.388741, 42.003784 ], [ -123.37661, 41.999828 ], [ -123.352417, 41.999203 ], [ -123.352027, 41.998937 ], [ -123.343971, 41.993449 ], [ -123.341828, 41.987258 ], [ -123.338138, 41.977784 ], [ -123.331583, 41.973038 ], [ -123.316836, 41.971433 ], [ -123.30596, 41.962827 ], [ -123.300806, 41.949561 ], [ -123.27814, 41.946924 ], [ -123.263045, 41.941964 ], [ -123.256634, 41.935131 ], [ -123.246019, 41.92715 ], [ -123.237119, 41.923591 ], [ -123.213814, 41.922947 ], [ -123.199287, 41.919548 ], [ -123.199257, 41.919557 ], [ -123.193387, 41.924791 ], [ -123.180646, 41.929754 ], [ -123.181555, 41.935549 ], [ -123.171135, 41.937789 ], [ -123.162668, 41.939221 ], [ -123.156129, 41.940327 ], [ -123.122428, 41.940711 ], [ -123.112699, 41.943229 ], [ -123.107037, 41.944693 ], [ -123.09338, 41.950025 ], [ -123.091506, 41.950756 ], [ -123.077063, 41.95286 ], [ -123.051438, 41.956586 ], [ -123.048703, 41.955487 ], [ -123.041434, 41.952564 ], [ -123.022743, 41.950395 ], [ -123.005752, 41.947369 ], [ -122.991837, 41.936642 ], [ -122.979972, 41.934918 ], [ -122.964824, 41.936403 ], [ -122.957409, 41.941736 ], [ -122.956978, 41.947985 ], [ -122.956788, 41.954867 ], [ -122.94667, 41.965118 ], [ -122.91758, 41.98509 ], [ -122.8997, 42.002001 ], [ -122.89893, 42.002729 ], [ -122.897722, 42.004115 ], [ -122.874079, 42.031252 ], [ -122.86131, 42.042164 ], [ -122.850718, 42.046456 ], [ -122.823852, 42.049622 ], [ -122.817157, 42.051842 ], [ -122.808689, 42.054651 ], [ -122.789533, 42.058692 ], [ -122.763888, 42.065463 ], [ -122.754639, 42.07083 ], [ -122.749835, 42.077996 ], [ -122.739381, 42.080195 ], [ -122.737965, 42.080233 ], [ -122.724481, 42.080592 ], [ -122.705855, 42.081086 ], [ -122.694655, 42.073864 ], [ -122.686173, 42.070024 ], [ -122.683305, 42.068725 ], [ -122.667624, 42.072013 ], [ -122.658392, 42.075549 ], [ -122.64791, 42.079562 ], [ -122.631832, 42.084296 ], [ -122.622793, 42.082768 ], [ -122.615088, 42.074809 ], [ -122.60015, 42.052638 ], [ -122.583255, 42.037712 ], [ -122.564003, 42.031479 ], [ -122.540806, 42.039736 ], [ -122.531482, 42.042957 ], [ -122.515861, 42.048351 ], [ -122.495742, 42.057322 ], [ -122.481402, 42.069188 ], [ -122.473871, 42.089205 ], [ -122.470064, 42.101613 ], [ -122.471252, 42.112301 ], [ -122.46578, 42.120271 ], [ -122.451345, 42.129417 ], [ -122.440634, 42.138471 ], [ -122.437218, 42.14943 ], [ -122.440071, 42.157039 ], [ -122.447209, 42.168544 ], [ -122.478722, 42.187294 ], [ -122.490554, 42.193723 ], [ -122.495723, 42.204952 ], [ -122.494856, 42.21265 ], [ -122.481834, 42.218087 ], [ -122.464443, 42.224428 ], [ -122.450146, 42.231492 ], [ -122.442441, 42.246072 ], [ -122.441411, 42.263371 ], [ -122.435213, 42.276955 ], [ -122.418404, 42.284097 ], [ -122.41327, 42.286277 ], [ -122.392282, 42.283096 ], [ -122.374165, 42.272485 ], [ -122.347624, 42.267026 ], [ -122.327372, 42.258216 ], [ -122.311972, 42.249772 ], [ -122.294757, 42.250164 ], [ -122.290947, 42.254524 ], [ -122.286133, 42.264729 ], [ -122.283112, 42.273949 ], [ -122.285454, 42.288414 ], [ -122.290382, 42.304138 ], [ -122.270043, 42.306335 ], [ -122.260269, 42.308552 ], [ -122.250152, 42.314423 ], [ -122.244438, 42.321022 ], [ -122.237437, 42.332709 ], [ -122.239332, 42.337785 ], [ -122.234222, 42.344297 ], [ -122.23484, 42.351002 ], [ -122.262904, 42.363012 ], [ -122.267669, 42.368183 ], [ -122.27083, 42.379149 ], [ -122.278198, 42.398817 ], [ -122.28109, 42.406531 ], [ -122.285096, 42.417215 ], [ -122.29344, 42.4319 ], [ -122.304401, 42.439019 ], [ -122.313429, 42.444879 ], [ -122.302581, 42.451206 ], [ -122.294039, 42.461157 ], [ -122.282376, 42.477897 ], [ -122.273102, 42.493462 ], [ -122.260906, 42.499993 ], [ -122.256575, 42.502312 ], [ -122.247272, 42.508584 ], [ -122.236205, 42.516044 ], [ -122.223955, 42.53631 ], [ -122.224803, 42.551167 ], [ -122.230926, 42.564946 ], [ -122.232343, 42.576271 ], [ -122.221203, 42.596992 ], [ -122.214557, 42.604497 ], [ -122.217495, 42.614828 ], [ -122.218827, 42.630954 ], [ -122.214415, 42.639369 ], [ -122.201368, 42.647494 ], [ -122.184887, 42.651535 ], [ -122.169999, 42.657298 ], [ -122.168386, 42.663091 ], [ -122.169249, 42.67043 ], [ -122.175782, 42.682764 ], [ -122.186393, 42.698367 ], [ -122.191059, 42.730894 ], [ -122.183003, 42.759861 ], [ -122.17561, 42.772978 ], [ -122.158603, 42.783265 ], [ -122.158111, 42.789514 ], [ -122.166022, 42.802937 ], [ -122.178742, 42.821533 ], [ -122.188103, 42.838761 ], [ -122.187692, 42.847727 ], [ -122.181178, 42.860665 ], [ -122.163662, 42.877203 ], [ -122.150162, 42.886773 ], [ -122.144751, 42.907683 ], [ -122.163931, 42.918142 ], [ -122.172505, 42.938267 ], [ -122.174903, 42.952129 ], [ -122.164442, 42.967232 ], [ -122.15784, 42.977453 ], [ -122.159517, 42.989412 ], [ -122.165374, 43.007357 ], [ -122.16922, 43.032543 ], [ -122.169486, 43.05146 ], [ -122.169312, 43.057392 ], [ -122.171506, 43.061402 ], [ -122.133603, 43.052503 ], [ -122.11384, 43.048735 ], [ -122.094124, 43.044971 ], [ -122.093147, 43.044785 ], [ -122.092747, 43.044834 ], [ -122.081677, 43.046194 ], [ -122.077663, 43.046686 ], [ -122.071607, 43.050964 ], [ -122.071445, 43.059552 ], [ -122.077895, 43.076586 ], [ -122.087226, 43.096706 ], [ -122.087127, 43.114451 ], [ -122.075854, 43.132002 ], [ -122.065879, 43.146234 ], [ -122.0536, 43.156651 ], [ -122.050978, 43.170013 ], [ -122.043284, 43.194783 ], [ -122.044054, 43.208074 ], [ -122.04108, 43.216006 ], [ -122.021054, 43.228583 ], [ -122.008606, 43.240859 ], [ -122.005945, 43.243653 ], [ -122.001821, 43.24798 ], [ -121.996369, 43.253701 ], [ -121.986895, 43.258044 ], [ -121.983103, 43.25869 ], [ -121.979767, 43.258324 ], [ -121.975588, 43.259962 ], [ -121.975571, 43.259969 ], [ -121.975553, 43.259976 ], [ -121.958072, 43.256481 ], [ -121.94737, 43.259844 ], [ -121.93615, 43.266364 ], [ -121.921467, 43.270518 ], [ -121.906112, 43.269124 ], [ -121.904637, 43.26899 ], [ -121.880524, 43.264023 ], [ -121.84761, 43.242477 ], [ -121.819441, 43.235551 ], [ -121.81465, 43.234372 ], [ -121.787594, 43.230584 ], [ -121.767329, 43.226664 ], [ -121.754919, 43.22546 ], [ -121.73822, 43.228769 ], [ -121.723858, 43.238329 ], [ -121.715068, 43.255946 ], [ -121.711689, 43.274324 ], [ -121.70942, 43.288818 ], [ -121.71453, 43.302465 ], [ -121.688308, 43.310086 ], [ -121.670628, 43.315406 ], [ -121.644714, 43.319291 ], [ -121.62053, 43.318379 ], [ -121.604973, 43.320629 ], [ -121.595575, 43.321996 ], [ -121.557154, 43.307351 ], [ -121.555313, 43.306649 ], [ -121.580941, 43.263279 ], [ -121.583107, 43.24863 ], [ -121.583313, 43.242248 ], [ -121.574333, 43.229804 ], [ -121.553268, 43.225987 ], [ -121.534767, 43.222073 ], [ -121.525802, 43.210087 ], [ -121.51606, 43.19585 ], [ -121.503753, 43.190354 ], [ -121.489349, 43.18174 ], [ -121.478249, 43.165726 ], [ -121.470863, 43.148674 ], [ -121.470251, 43.128563 ], [ -121.470183, 43.126303 ], [ -121.462799, 43.102051 ], [ -121.449807, 43.085647 ], [ -121.411645, 43.058666 ], [ -121.391421, 43.037565 ], [ -121.365115, 43.004628 ], [ -121.350759, 42.982534 ], [ -121.351663, 42.964215 ], [ -121.347581, 42.93411 ], [ -121.318417, 42.939044 ], [ -121.311492, 42.940565 ], [ -121.299584, 42.941418 ], [ -121.293714, 42.930849 ], [ -121.27301, 42.915845 ], [ -121.209851, 42.895902 ], [ -121.159295, 42.891052 ], [ -121.081627, 42.880528 ], [ -121.049958, 42.874229 ], [ -121.018096, 42.868511 ], [ -121.006802, 42.856783 ], [ -120.992688, 42.84852 ], [ -120.972925, 42.84719 ], [ -120.929823, 42.843009 ], [ -120.905811, 42.839513 ], [ -120.890152, 42.837231 ], [ -120.879372, 42.834362 ], [ -120.858887, 42.826324 ], [ -120.848762, 42.812973 ], [ -120.851967, 42.79195 ], [ -120.854148, 42.763683 ], [ -120.847527, 42.757049 ], [ -120.842361, 42.754021 ], [ -120.83081, 42.748444 ], [ -120.821038, 42.730076 ], [ -120.813857, 42.713001 ], [ -120.804291, 42.697815 ], [ -120.791496, 42.692269 ], [ -120.768447, 42.681568 ], [ -120.762543, 42.676281 ], [ -120.747333, 42.670163 ], [ -120.739715, 42.662839 ], [ -120.733018, 42.64657 ], [ -120.734136, 42.626625 ], [ -120.759427, 42.606472 ], [ -120.782832, 42.592517 ], [ -120.786585, 42.583032 ], [ -120.780825, 42.563664 ], [ -120.785641, 42.552029 ], [ -120.787394, 42.547795 ], [ -120.795468, 42.544292 ], [ -120.808428, 42.538668 ], [ -120.819474, 42.531799 ], [ -120.826798, 42.529308 ], [ -120.844513, 42.522877 ], [ -120.860148, 42.513438 ], [ -120.874288, 42.50196 ], [ -120.870913, 42.489447 ], [ -120.858103, 42.481665 ], [ -120.840956, 42.483029 ], [ -120.839218, 42.483463 ], [ -120.815239, 42.48872 ], [ -120.801239, 42.483215 ], [ -120.78408, 42.476895 ], [ -120.778236, 42.472061 ], [ -120.765063, 42.451922 ], [ -120.756968, 42.43154 ], [ -120.741815, 42.41981 ], [ -120.730466, 42.416124 ], [ -120.723122, 42.406561 ], [ -120.715289, 42.38686 ], [ -120.702058, 42.361942 ], [ -120.688355, 42.349593 ], [ -120.667502, 42.351214 ], [ -120.642967, 42.361712 ], [ -120.626212, 42.365618 ], [ -120.616146, 42.366655 ], [ -120.582232, 42.368003 ], [ -120.570769, 42.368955 ], [ -120.541712, 42.371361 ], [ -120.524476, 42.376801 ], [ -120.506283, 42.388261 ], [ -120.490897, 42.406989 ], [ -120.486407, 42.409814 ], [ -120.481738, 42.412752 ], [ -120.468279, 42.411629 ], [ -120.442562, 42.40112 ], [ -120.42392, 42.396582 ], [ -120.407874, 42.393746 ], [ -120.402806, 42.393207 ], [ -120.375542, 42.390304 ], [ -120.359523, 42.381615 ], [ -120.336997, 42.350777 ], [ -120.332846, 42.32965 ], [ -120.325469, 42.306675 ], [ -120.313881, 42.297882 ], [ -120.302125, 42.298642 ], [ -120.289871, 42.288494 ], [ -120.287139, 42.283558 ], [ -120.261893, 42.274831 ], [ -120.261234, 42.266925 ], [ -120.275451, 42.252598 ], [ -120.289167, 42.242743 ], [ -120.295121, 42.230683 ], [ -120.296981, 42.220451 ], [ -120.296003, 42.208775 ], [ -120.275553, 42.165874 ], [ -120.260596, 42.151145 ], [ -120.242131, 42.134879 ], [ -120.235203, 42.117193 ], [ -120.235808, 42.098105 ], [ -120.238505, 42.082276 ], [ -120.236311, 42.06079 ], [ -120.229836, 42.047401 ], [ -120.218894, 42.035573 ], [ -120.214123, 42.015298 ], [ -120.203467, 41.998308 ], [ -120.200471, 41.995202 ], [ -120.197579, 41.992202 ], [ -120.189747, 41.984078 ], [ -120.178064, 41.983405 ], [ -120.176964, 41.982696 ], [ -120.176952, 41.982683 ], [ -120.176936, 41.982671 ], [ -120.163192, 41.972435 ], [ -120.15532, 41.962177 ], [ -120.142518, 41.952038 ], [ -120.133453, 41.942719 ], [ -120.117279, 41.93993 ], [ -120.098038, 41.937668 ], [ -120.08255, 41.936222 ], [ -120.070007, 41.931976 ], [ -120.062263, 41.923981 ], [ -120.04962, 41.910113 ], [ -120.025858, 41.891902 ], [ -120.024313, 41.890717 ], [ -119.998437, 41.866032 ], [ -119.996767, 41.864438 ], [ -119.971653, 41.851563 ], [ -119.965396, 41.848689 ], [ -119.936535, 41.83542 ], [ -119.901358, 41.825113 ], [ -119.887047, 41.824668 ], [ -119.866681, 41.826215 ], [ -119.865753, 41.827194 ], [ -119.864144, 41.833138 ], [ -119.863379, 41.860468 ], [ -119.853215, 41.884204 ], [ -119.840615, 41.88433 ], [ -119.83636, 41.884372 ], [ -119.812169, 41.874212 ], [ -119.785752, 41.872473 ], [ -119.762156, 41.874171 ], [ -119.754054, 41.874753 ], [ -119.752719, 41.874849 ], [ -119.746887, 41.876697 ], [ -119.731079, 41.881703 ], [ -119.726857, 41.892555 ], [ -119.722571, 41.903567 ], [ -119.721311, 41.906806 ], [ -119.720977, 41.915728 ], [ -119.720585, 41.926216 ], [ -119.720076, 41.939834 ], [ -119.720271, 41.960012 ], [ -119.720574, 41.960712 ], [ -119.720278, 41.960719 ], [ -119.713172, 41.960869 ], [ -119.705833, 41.962383 ], [ -119.701393, 41.959755 ], [ -119.699929, 41.953876 ], [ -119.700287, 41.94751 ], [ -119.698868, 41.942543 ], [ -119.692413, 41.934956 ], [ -119.681022, 41.927921 ], [ -119.672287, 41.925377 ], [ -119.668839, 41.915909 ], [ -119.657045, 41.886397 ], [ -119.639244, 41.834231 ], [ -119.633549, 41.825788 ], [ -119.635961, 41.808588 ], [ -119.635556, 41.806849 ], [ -119.633358, 41.797399 ], [ -119.617353, 41.790823 ], [ -119.606624, 41.792765 ], [ -119.590154, 41.795743 ], [ -119.571394, 41.799131 ], [ -119.563438, 41.796082 ], [ -119.553726, 41.787876 ], [ -119.548462, 41.778439 ], [ -119.537262, 41.775482 ], [ -119.52494, 41.775273 ], [ -119.517968, 41.769955 ], [ -119.517617, 41.760426 ], [ -119.519836, 41.753571 ], [ -119.52253, 41.742619 ], [ -119.519829, 41.735859 ], [ -119.515412, 41.715507 ], [ -119.514648, 41.711434 ], [ -119.50837, 41.707924 ], [ -119.499421, 41.698563 ], [ -119.499809, 41.692192 ], [ -119.505074, 41.684376 ], [ -119.512176, 41.676968 ], [ -119.519387, 41.67184 ], [ -119.50972, 41.65976 ], [ -119.502159, 41.654457 ], [ -119.491501, 41.648762 ], [ -119.483939, 41.643456 ], [ -119.475518, 41.631363 ], [ -119.473351, 41.621872 ], [ -119.46566, 41.612934 ], [ -119.458656, 41.606258 ], [ -119.457702, 41.595833 ], [ -119.456757, 41.586765 ], [ -119.455406, 41.58316 ], [ -119.454361, 41.579922 ], [ -119.445534, 41.581531 ], [ -119.435279, 41.587174 ], [ -119.433006, 41.592671 ], [ -119.437028, 41.602127 ], [ -119.436612, 41.607589 ], [ -119.416519, 41.612957 ], [ -119.412407, 41.618939 ], [ -119.407211, 41.628117 ], [ -119.398339, 41.638275 ], [ -119.39177, 41.643845 ], [ -119.379471, 41.643619 ], [ -119.365806, 41.639332 ], [ -119.354767, 41.640442 ], [ -119.344322, 41.640179 ], [ -119.336693, 41.632145 ], [ -119.332047, 41.622238 ], [ -119.327538, 41.615959 ], [ -119.321342, 41.614258 ], [ -119.317131, 41.617058 ], [ -119.312447, 41.623955 ], [ -119.307129, 41.630406 ], [ -119.296089, 41.631058 ], [ -119.291153, 41.630238 ], [ -119.290154, 41.63707 ], [ -119.285988, 41.641682 ], [ -119.279488, 41.649517 ], [ -119.265747, 41.662022 ], [ -119.264213, 41.671582 ], [ -119.260696, 41.677094 ], [ -119.254096, 41.682201 ], [ -119.241546, 41.693318 ], [ -119.238022, 41.698376 ], [ -119.233338, 41.705723 ], [ -119.232337, 41.713009 ], [ -119.23374, 41.718885 ], [ -119.243103, 41.722355 ], [ -119.256722, 41.725292 ], [ -119.263649, 41.730167 ], [ -119.266244, 41.734211 ], [ -119.26899, 41.743244 ], [ -119.272987, 41.752712 ], [ -119.287812, 41.753811 ], [ -119.29219, 41.756008 ], [ -119.296624, 41.75956 ], [ -119.299988, 41.768585 ], [ -119.300796, 41.774925 ], [ -119.301086, 41.78355 ], [ -119.302757, 41.796688 ], [ -119.301727, 41.803066 ], [ -119.301209, 41.805801 ], [ -119.298188, 41.807671 ], [ -119.291603, 41.81324 ], [ -119.292539, 41.823215 ], [ -119.288299, 41.825562 ], [ -119.281664, 41.830221 ], [ -119.282379, 41.832932 ], [ -119.288017, 41.836014 ], [ -119.306579, 41.837952 ], [ -119.318818, 41.835915 ], [ -119.326317, 41.838959 ], [ -119.335018, 41.84062 ], [ -119.337181, 41.850117 ], [ -119.342881, 41.854557 ], [ -119.347999, 41.860371 ], [ -119.346871, 41.863113 ], [ -119.342057, 41.86729 ], [ -119.332946, 41.87109 ], [ -119.32193, 41.873558 ], [ -119.319641, 41.878597 ], [ -119.320343, 41.881309 ], [ -119.330704, 41.896111 ], [ -119.331204, 41.896684 ], [ -119.333274, 41.902295 ], [ -119.327306, 41.917925 ], [ -119.327925, 41.925091 ], [ -119.329538, 41.943748 ], [ -119.324573, 41.956285 ], [ -119.305757, 41.959631 ], [ -119.285293, 41.973461 ], [ -119.274956, 41.976435 ], [ -119.266864, 41.978762 ], [ -119.258873, 41.98106 ], [ -119.248744, 41.980626 ], [ -119.235697, 41.980066 ], [ -119.195356, 41.971907 ], [ -119.159301, 41.952056 ], [ -119.133392, 41.938583 ], [ -119.114616, 41.92981 ], [ -119.098472, 41.926441 ], [ -119.083123, 41.929413 ], [ -119.072761, 41.933666 ], [ -119.070549, 41.942333 ], [ -119.073914, 41.951817 ], [ -119.080811, 41.955341 ], [ -119.092071, 41.960156 ], [ -119.104011, 41.967228 ], [ -119.104852, 41.974483 ], [ -119.100051, 41.979103 ], [ -119.096153, 41.992977 ], [ -119.095191, 41.994596 ], [ -119.076318, 42.026349 ], [ -119.052421, 42.061113 ], [ -119.034519, 42.099187 ], [ -119.008575, 42.12119 ], [ -118.999196, 42.129378 ], [ -118.986999, 42.163533 ], [ -118.980209, 42.180002 ], [ -118.964694, 42.194467 ], [ -118.962601, 42.208137 ], [ -118.952331, 42.217373 ], [ -118.940781, 42.225269 ], [ -118.937134, 42.22805 ], [ -118.913014, 42.259142 ], [ -118.896577, 42.274606 ], [ -118.879158, 42.291206 ], [ -118.868375, 42.295012 ], [ -118.856572, 42.294681 ], [ -118.856499, 42.294659 ], [ -118.81112, 42.270436 ], [ -118.786831, 42.240421 ], [ -118.756721, 42.178665 ], [ -118.742142, 42.163711 ], [ -118.73412, 42.134534 ], [ -118.727114, 42.118278 ], [ -118.717216, 42.111977 ], [ -118.69888, 42.068568 ], [ -118.706299, 42.034558 ], [ -118.715719, 42.00384 ], [ -118.715943, 42.002771 ], [ -118.717881, 41.993515 ], [ -118.724566, 41.961579 ], [ -118.731176, 41.937889 ], [ -118.727054, 41.927687 ], [ -118.720204, 41.915046 ], [ -118.697663, 41.902922 ], [ -118.681202, 41.891205 ], [ -118.675633, 41.882706 ], [ -118.671412, 41.868884 ], [ -118.677136, 41.858445 ], [ -118.684431, 41.849916 ], [ -118.668897, 41.824948 ], [ -118.657204, 41.817051 ], [ -118.652184, 41.813938 ], [ -118.639236, 41.813652 ], [ -118.630707, 41.816937 ], [ -118.614906, 41.826668 ], [ -118.594562, 41.840624 ], [ -118.586274, 41.867443 ], [ -118.584004, 41.873979 ], [ -118.580258, 41.884766 ], [ -118.571068, 41.897972 ], [ -118.555092, 41.907329 ], [ -118.543991, 41.907467 ], [ -118.525253, 41.89679 ], [ -118.518349, 41.890968 ], [ -118.507133, 41.885647 ], [ -118.484253, 41.882278 ], [ -118.468178, 41.880196 ], [ -118.448883, 41.87133 ], [ -118.433456, 41.871048 ], [ -118.420082, 41.879368 ], [ -118.407212, 41.883598 ], [ -118.407202, 41.883644 ], [ -118.412552, 41.903977 ], [ -118.401013, 41.916222 ], [ -118.38689, 41.935088 ], [ -118.38362, 41.937888 ], [ -118.355431, 41.956864 ], [ -118.343369, 41.966167 ], [ -118.313691, 41.982795 ], [ -118.297451, 41.996029 ], [ -118.294583, 41.998365 ], [ -118.275581, 42.011005 ], [ -118.256065, 42.018639 ], [ -118.251084, 42.027105 ], [ -118.247525, 42.033153 ], [ -118.244302, 42.055497 ], [ -118.238291, 42.065225 ], [ -118.220529, 42.075464 ], [ -118.194446, 42.0824 ], [ -118.192329, 42.082134 ], [ -118.175011, 42.08139 ], [ -118.162079, 42.085136 ], [ -118.150451, 42.091602 ], [ -118.141259, 42.09668 ], [ -118.133262, 42.099472 ], [ -118.070778, 42.119781 ], [ -118.041506, 42.123659 ], [ -118.021172, 42.128965 ], [ -118.01042, 42.139437 ], [ -118.011284, 42.145825 ], [ -118.012919, 42.157913 ], [ -118.024303, 42.199623 ], [ -118.028954, 42.228643 ], [ -118.024877, 42.258377 ], [ -118.014487, 42.273425 ], [ -118.002341, 42.286082 ], [ -118.007836, 42.304551 ], [ -118.004175, 42.314141 ], [ -118.001127, 42.322123 ], [ -117.988732, 42.331864 ], [ -117.988719, 42.331879 ], [ -117.980333, 42.330353 ], [ -117.971946, 42.328827 ], [ -117.959458, 42.323013 ], [ -117.95375, 42.314423 ], [ -117.943656, 42.302227 ], [ -117.929359, 42.299603 ], [ -117.876142, 42.320735 ], [ -117.862118, 42.29963 ], [ -117.840083, 42.292334 ], [ -117.8004, 42.302734 ], [ -117.778717, 42.305138 ], [ -117.763206, 42.304321 ], [ -117.75576, 42.303459 ], [ -117.744033, 42.308972 ], [ -117.716842, 42.318665 ], [ -117.692159, 42.322193 ], [ -117.674812, 42.317253 ], [ -117.666429, 42.30215 ], [ -117.668637, 42.281478 ], [ -117.66927, 42.275554 ], [ -117.672119, 42.249855 ], [ -117.670729, 42.2335 ], [ -117.657653, 42.227673 ], [ -117.647057, 42.220001 ], [ -117.633324, 42.208713 ], [ -117.627083, 42.203293 ], [ -117.620064, 42.180157 ], [ -117.612754, 42.142615 ], [ -117.598997, 42.112168 ], [ -117.577837, 42.080011 ], [ -117.567733, 42.074877 ], [ -117.54422, 42.062922 ], [ -117.497047, 42.032166 ], [ -117.473519, 42.024532 ], [ -117.472213, 42.014091 ], [ -117.470321, 42.007286 ], [ -117.455915, 41.998546 ], [ -117.447997, 41.99374 ], [ -117.410882, 41.981876 ], [ -117.386177, 41.980587 ], [ -117.366418, 41.978378 ], [ -117.356522, 41.975681 ], [ -117.350971, 41.975703 ], [ -117.352798, 41.970696 ], [ -117.345328, 41.958454 ], [ -117.337867, 41.947575 ], [ -117.331047, 41.939873 ], [ -117.325463, 41.930805 ], [ -117.324188, 41.925812 ], [ -117.324142, 41.916279 ], [ -117.325364, 41.913094 ], [ -117.325927, 41.902195 ], [ -117.325881, 41.891297 ], [ -117.319077, 41.888134 ], [ -117.314743, 41.883152 ], [ -117.315339, 41.877701 ], [ -117.315308, 41.8718 ], [ -117.31527, 41.862263 ], [ -117.308738, 41.85271 ], [ -117.307832, 41.851394 ], [ -117.307825, 41.851383 ], [ -117.307824, 41.851366 ], [ -117.307012, 41.841213 ], [ -117.311651, 41.831382 ], [ -117.31265, 41.817439 ], [ -117.293076, 41.78283 ], [ -117.289177, 41.768941 ], [ -117.2795, 41.7625 ], [ -117.264949, 41.759112 ], [ -117.259407, 41.756142 ], [ -117.238457, 41.747101 ], [ -117.223641, 41.732143 ], [ -117.204528, 41.718109 ], [ -117.185448, 41.713142 ], [ -117.163292, 41.707725 ], [ -117.147925, 41.706391 ], [ -117.137421, 41.685966 ], [ -117.126961, 41.678257 ], [ -117.124482, 41.66782 ], [ -117.11647, 41.659653 ], [ -117.103561, 41.647407 ], [ -117.089416, 41.636066 ], [ -117.06974, 41.620647 ], [ -117.061142, 41.617016 ], [ -117.043953, 41.616577 ], [ -117.024292, 41.619759 ], [ -116.999107, 41.620667 ], [ -116.979462, 41.62748 ], [ -116.969023, 41.631565 ], [ -116.958573, 41.626564 ], [ -116.937087, 41.615193 ], [ -116.929093, 41.616566 ], [ -116.913109, 41.629719 ], [ -116.904503, 41.632889 ], [ -116.882393, 41.639683 ], [ -116.871323, 41.640125 ], [ -116.850456, 41.629208 ], [ -116.844932, 41.62693 ], [ -116.838173, 41.634186 ], [ -116.819733, 41.637794 ], [ -116.812363, 41.635963 ], [ -116.787827, 41.622765 ], [ -116.773109, 41.617744 ], [ -116.765792, 41.601391 ], [ -116.758476, 41.584125 ], [ -116.744377, 41.577743 ], [ -116.732725, 41.578188 ], [ -116.730957, 41.556839 ], [ -116.721184, 41.546833 ], [ -116.712638, 41.534103 ], [ -116.705338, 41.520924 ], [ -116.703567, 41.503216 ], [ -116.704873, 41.487331 ], [ -116.694504, 41.475506 ], [ -116.683503, 41.467766 ], [ -116.665772, 41.458191 ], [ -116.663391, 41.443203 ], [ -116.667362, 41.420305 ], [ -116.654646, 41.405594 ], [ -116.629792, 41.39197 ], [ -116.626907, 41.389099 ], [ -116.622094, 41.378197 ], [ -116.622073, 41.378186 ], [ -116.608243, 41.377938 ], [ -116.595305, 41.380645 ], [ -116.588496, 41.388733 ], [ -116.584911, 41.401487 ], [ -116.572337, 41.407646 ], [ -116.563436, 41.407684 ], [ -116.560533, 41.407696 ], [ -116.532811, 41.402509 ], [ -116.505893, 41.40422 ], [ -116.503025, 41.404402 ], [ -116.500186, 41.404582 ], [ -116.473391, 41.402861 ], [ -116.461949, 41.4016 ], [ -116.451287, 41.400423 ], [ -116.437832, 41.393773 ], [ -116.417265, 41.386025 ], [ -116.39405, 41.38302 ], [ -116.370447, 41.382241 ], [ -116.357005, 41.37558 ], [ -116.32299, 41.355175 ], [ -116.322149, 41.354172 ], [ -116.33715, 41.325713 ], [ -116.341429, 41.304792 ], [ -116.335251, 41.281104 ], [ -116.326787, 41.263553 ], [ -116.309995, 41.258843 ], [ -116.304289, 41.248117 ], [ -116.306526, 41.226782 ], [ -116.297931, 41.204906 ], [ -116.298812, 41.189568 ], [ -116.295443, 41.174421 ], [ -116.284561, 41.163014 ], [ -116.267571, 41.153389 ], [ -116.25119, 41.145122 ], [ -116.226823, 41.13649 ], [ -116.215981, 41.132084 ], [ -116.199501, 41.132554 ], [ -116.181084, 41.141521 ], [ -116.168052, 41.15913 ], [ -116.157593, 41.167229 ], [ -116.150063, 41.183514 ], [ -116.142487, 41.203884 ], [ -116.127129, 41.212406 ], [ -116.103202, 41.22086 ], [ -116.075141, 41.229708 ], [ -116.059241, 41.230861 ], [ -116.040446, 41.227013 ], [ -116.021762, 41.226763 ], [ -116.007867, 41.229422 ], [ -115.995452, 41.23789 ], [ -115.992461, 41.246512 ], [ -115.989808, 41.249508 ], [ -115.992188, 41.25407 ], [ -115.995155, 41.2692 ], [ -115.99675, 41.277328 ], [ -116.004009, 41.294348 ], [ -116.013597, 41.305235 ], [ -116.013233, 41.31904 ], [ -115.98532, 41.335463 ], [ -115.973599, 41.358177 ], [ -115.965496, 41.376015 ], [ -115.967666, 41.395958 ], [ -115.976442, 41.414602 ], [ -115.985116, 41.437535 ], [ -115.986055, 41.456468 ], [ -115.989229, 41.464363 ], [ -115.992919, 41.469247 ], [ -116.00224, 41.473905 ], [ -116.0038, 41.476199 ], [ -116.006444, 41.4865 ], [ -115.9957, 41.505453 ], [ -115.979579, 41.518681 ], [ -115.97339, 41.529415 ], [ -115.971259, 41.536965 ], [ -115.972154, 41.540452 ], [ -115.982082, 41.547436 ], [ -115.996679, 41.556747 ], [ -115.999449, 41.561499 ], [ -116.002506, 41.566745 ], [ -116.006577, 41.577335 ], [ -115.997742, 41.594975 ], [ -115.984756, 41.601681 ], [ -115.980414, 41.603467 ], [ -115.967644, 41.596096 ], [ -115.931316, 41.591912 ], [ -115.921916, 41.590827 ], [ -115.889518, 41.582541 ], [ -115.856241, 41.570756 ], [ -115.824914, 41.555062 ], [ -115.805893, 41.533953 ], [ -115.799572, 41.525551 ], [ -115.789893, 41.517643 ], [ -115.77544, 41.504435 ], [ -115.775092, 41.504117 ], [ -115.761016, 41.499234 ], [ -115.742469, 41.500409 ], [ -115.726743, 41.5057 ], [ -115.721301, 41.513119 ], [ -115.72247, 41.527418 ], [ -115.725112, 41.537887 ], [ -115.722604, 41.556937 ], [ -115.719479, 41.571522 ], [ -115.717004, 41.583066 ], [ -115.699398, 41.602916 ], [ -115.667831, 41.613254 ], [ -115.62648, 41.615604 ], [ -115.621566, 41.615551 ], [ -115.618379, 41.608121 ], [ -115.61113, 41.601928 ], [ -115.605453, 41.59551 ], [ -115.604088, 41.587993 ], [ -115.60332, 41.583762 ], [ -115.603556, 41.582499 ], [ -115.606098, 41.568898 ], [ -115.600578, 41.559028 ], [ -115.586663, 41.549334 ], [ -115.569427, 41.55188 ], [ -115.554738, 41.550369 ], [ -115.557571, 41.531773 ], [ -115.55587, 41.524948 ], [ -115.547378, 41.519856 ], [ -115.535775, 41.515084 ], [ -115.513928, 41.489278 ], [ -115.477445, 41.446876 ], [ -115.453878, 41.423718 ], [ -115.447372, 41.410202 ], [ -115.437187, 41.399635 ], [ -115.433532, 41.399136 ], [ -115.428497, 41.404976 ], [ -115.415657, 41.403912 ], [ -115.408965, 41.402445 ], [ -115.403389, 41.405121 ], [ -115.398941, 41.412327 ], [ -115.395653, 41.422275 ], [ -115.393043, 41.429504 ], [ -115.38794, 41.438065 ], [ -115.378518, 41.447929 ], [ -115.375389, 41.451065 ], [ -115.368615, 41.468658 ], [ -115.365911, 41.497237 ], [ -115.359513, 41.514769 ], [ -115.365363, 41.538524 ], [ -115.373945, 41.548435 ], [ -115.396048, 41.547143 ], [ -115.396715, 41.547104 ], [ -115.410449, 41.563234 ], [ -115.417037, 41.59773 ], [ -115.420502, 41.64713 ], [ -115.426842, 41.6766 ], [ -115.427007, 41.704776 ], [ -115.42981, 41.723902 ], [ -115.432466, 41.75028 ], [ -115.422737, 41.771729 ], [ -115.422058, 41.774441 ], [ -115.418267, 41.778938 ], [ -115.414498, 41.781609 ], [ -115.410789, 41.782932 ], [ -115.402787, 41.782375 ], [ -115.398513, 41.780964 ], [ -115.387551, 41.775833 ], [ -115.377052, 41.773227 ], [ -115.362444, 41.770528 ], [ -115.347101, 41.764192 ], [ -115.331774, 41.761528 ], [ -115.325824, 41.757799 ], [ -115.325841, 41.757775 ], [ -115.332817, 41.74789 ], [ -115.333165, 41.734222 ], [ -115.323184, 41.712414 ], [ -115.326485, 41.704675 ], [ -115.329464, 41.696185 ], [ -115.325024, 41.691387 ], [ -115.313574, 41.684563 ], [ -115.292264, 41.683942 ], [ -115.282912, 41.68403 ], [ -115.278463, 41.684071 ], [ -115.235701, 41.682228 ], [ -115.206036, 41.670712 ], [ -115.191862, 41.657322 ], [ -115.182768, 41.648727 ], [ -115.171912, 41.62422 ], [ -115.166918, 41.622241 ], [ -115.165995, 41.621875 ], [ -115.150325, 41.615662 ], [ -115.135269, 41.601856 ], [ -115.126649, 41.586432 ], [ -115.113736, 41.577385 ], [ -115.112494, 41.577292 ], [ -115.096865, 41.576113 ], [ -115.070569, 41.576144 ], [ -115.066036, 41.572427 ], [ -115.048707, 41.558213 ], [ -115.039175, 41.542911 ], [ -115.030144, 41.525219 ], [ -115.018807, 41.513245 ], [ -115.013123, 41.497719 ], [ -115.011789, 41.485689 ], [ -115.005908, 41.478071 ], [ -114.9986, 41.471252 ], [ -114.995999, 41.463783 ], [ -114.996529, 41.45615 ], [ -114.984658, 41.463226 ], [ -114.96685, 41.464764 ], [ -114.95121, 41.454525 ], [ -114.93682, 41.443852 ], [ -114.919296, 41.434944 ], [ -114.899017, 41.437336 ], [ -114.880927, 41.447933 ], [ -114.860458, 41.456219 ], [ -114.843773, 41.460934 ], [ -114.822861, 41.463306 ], [ -114.810859, 41.474453 ], [ -114.799056, 41.47879 ], [ -114.777993, 41.486141 ], [ -114.762322, 41.496769 ], [ -114.737778, 41.497246 ], [ -114.718509, 41.502896 ], [ -114.703318, 41.503746 ], [ -114.68809, 41.500988 ], [ -114.679765, 41.506927 ], [ -114.668432, 41.535718 ], [ -114.661999, 41.552051 ], [ -114.652689, 41.570763 ], [ -114.64101, 41.597008 ], [ -114.626454, 41.638682 ], [ -114.617459, 41.659145 ], [ -114.608734, 41.666935 ], [ -114.582237, 41.685526 ], [ -114.578584, 41.689311 ], [ -114.57813, 41.689781 ], [ -114.555481, 41.713235 ], [ -114.541344, 41.712959 ], [ -114.521919, 41.705319 ], [ -114.515412, 41.715641 ], [ -114.514687, 41.718349 ], [ -114.510147, 41.725075 ], [ -114.499397, 41.73304 ], [ -114.49308, 41.737915 ], [ -114.485229, 41.750931 ], [ -114.483414, 41.767242 ], [ -114.481613, 41.783104 ], [ -114.478233, 41.791668 ], [ -114.469886, 41.800587 ], [ -114.4702, 41.809223 ], [ -114.473107, 41.813824 ], [ -114.479072, 41.819393 ], [ -114.481349, 41.824884 ], [ -114.466398, 41.840529 ], [ -114.456191, 41.8491 ], [ -114.448839, 41.852479 ], [ -114.440353, 41.850426 ], [ -114.435463, 41.849415 ], [ -114.429078, 41.838387 ], [ -114.419028, 41.826832 ], [ -114.40944, 41.819374 ], [ -114.395561, 41.811825 ], [ -114.383491, 41.804772 ], [ -114.377114, 41.794193 ], [ -114.3646, 41.783035 ], [ -114.346932, 41.778133 ], [ -114.331658, 41.775089 ], [ -114.325608, 41.77224 ], [ -114.317238, 41.765705 ], [ -114.309532, 41.75782 ], [ -114.303093, 41.749058 ], [ -114.295547, 41.737545 ], [ -114.290574, 41.722908 ], [ -114.282558, 41.707295 ], [ -114.272133, 41.706627 ], [ -114.264733, 41.70693 ], [ -114.260177, 41.697742 ], [ -114.255097, 41.685825 ], [ -114.245987, 41.682903 ], [ -114.233368, 41.691265 ], [ -114.227577, 41.697498 ], [ -114.219253, 41.705948 ], [ -114.214737, 41.710846 ], [ -114.201088, 41.714184 ], [ -114.15808, 41.715534 ], [ -114.117607, 41.70916 ], [ -114.105667, 41.700264 ], [ -114.097473, 41.690087 ], [ -114.092697, 41.686344 ], [ -114.08152, 41.68927 ], [ -114.07158, 41.706303 ], [ -114.06839, 41.723946 ], [ -114.063568, 41.736099 ], [ -114.059953, 41.758883 ], [ -114.047343, 41.774937 ], [ -114.039353, 41.778212 ], [ -114.039045, 41.778339 ], [ -114.030248, 41.781944 ], [ -114.012985, 41.789154 ], [ -114.009465, 41.790624 ], [ -113.99473, 41.793715 ], [ -113.980551, 41.79449 ], [ -113.957824, 41.795729 ], [ -113.950649, 41.799953 ], [ -113.941296, 41.816176 ], [ -113.933386, 41.83522 ], [ -113.91428, 41.85148 ], [ -113.896751, 41.863929 ], [ -113.860687, 41.88213 ], [ -113.847864, 41.874338 ], [ -113.828383, 41.867186 ], [ -113.806665, 41.860914 ], [ -113.786544, 41.85083 ], [ -113.771832, 41.839461 ], [ -113.767255, 41.82982 ], [ -113.763378, 41.808672 ], [ -113.753848, 41.787634 ], [ -113.742718, 41.774009 ], [ -113.724118, 41.755913 ], [ -113.712843, 41.757329 ], [ -113.709911, 41.757697 ], [ -113.691867, 41.764167 ], [ -113.678393, 41.776672 ], [ -113.67634, 41.793154 ], [ -113.673315, 41.819974 ], [ -113.670694, 41.844941 ], [ -113.663785, 41.857823 ], [ -113.652017, 41.867104 ], [ -113.636459, 41.870247 ], [ -113.622858, 41.871236 ], [ -113.613268, 41.871933 ], [ -113.596163, 41.874967 ], [ -113.593948, 41.874909 ], [ -113.579887, 41.872261 ], [ -113.566513, 41.868271 ], [ -113.562233, 41.867702 ], [ -113.54998, 41.866013 ], [ -113.542557, 41.866268 ], [ -113.522714, 41.870539 ], [ -113.498422, 41.878345 ], [ -113.480454, 41.885367 ], [ -113.47961, 41.885713 ], [ -113.470013, 41.889656 ], [ -113.447604, 41.89121 ], [ -113.429246, 41.896468 ], [ -113.416944, 41.900196 ], [ -113.415612, 41.900516 ], [ -113.402527, 41.902878 ], [ -113.390663, 41.905727 ], [ -113.385697, 41.906044 ], [ -113.381287, 41.907738 ], [ -113.369347, 41.911945 ], [ -113.356292, 41.913849 ], [ -113.350808, 41.912331 ], [ -113.338563, 41.910622 ], [ -113.324547, 41.90704 ], [ -113.31958, 41.907806 ], [ -113.307137, 41.909725 ], [ -113.292762, 41.912952 ], [ -113.277092, 41.917496 ], [ -113.265213, 41.920334 ], [ -113.243393, 41.924702 ], [ -113.239357, 41.930489 ], [ -113.228363, 41.940167 ], [ -113.221458, 41.953144 ], [ -113.215027, 41.969318 ], [ -113.208366, 41.978214 ], [ -113.19432, 41.986431 ], [ -113.183298, 41.996553 ], [ -113.17116, 42.007696 ], [ -113.150562, 42.029385 ], [ -113.13756, 42.044755 ], [ -113.133204, 42.054884 ], [ -113.137284, 42.066405 ], [ -113.135106, 42.07147 ], [ -113.128335, 42.074082 ], [ -113.11571, 42.079795 ], [ -113.108049, 42.089718 ], [ -113.105228, 42.103265 ], [ -113.10789, 42.111954 ], [ -113.115071, 42.118903 ], [ -113.121833, 42.127703 ], [ -113.124328, 42.139414 ], [ -113.117878, 42.147391 ], [ -113.105238, 42.153103 ], [ -113.091754, 42.162517 ], [ -113.059655, 42.187954 ], [ -113.027247, 42.21569 ], [ -113.014427, 42.215298 ], [ -112.993187, 42.218281 ], [ -112.973083, 42.22311 ], [ -112.957367, 42.226711 ], [ -112.95343, 42.230229 ], [ -112.937431, 42.249279 ], [ -112.932806, 42.2546 ], [ -112.924538, 42.257969 ], [ -112.908943, 42.259296 ], [ -112.903008, 42.254562 ], [ -112.884598, 42.251247 ], [ -112.850838, 42.24517 ], [ -112.842902, 42.243098 ], [ -112.831306, 42.260456 ], [ -112.81752, 42.283661 ], [ -112.807877, 42.309723 ], [ -112.799263, 42.328998 ], [ -112.79435, 42.33839 ], [ -112.782127, 42.345268 ], [ -112.753043, 42.352399 ], [ -112.73456, 42.36174 ], [ -112.722133, 42.380581 ], [ -112.7205, 42.404176 ], [ -112.712953, 42.438656 ], [ -112.706891, 42.453152 ], [ -112.709824, 42.470249 ], [ -112.685239, 42.470656 ], [ -112.663725, 42.469527 ], [ -112.654222, 42.459216 ], [ -112.648009, 42.437125 ], [ -112.649618, 42.409335 ], [ -112.629258, 42.394261 ], [ -112.601727, 42.383612 ], [ -112.559236, 42.371663 ], [ -112.532172, 42.371145 ], [ -112.519398, 42.376204 ], [ -112.512577, 42.402779 ], [ -112.501837, 42.438197 ], [ -112.48857, 42.473299 ], [ -112.477411, 42.51476 ], [ -112.471648, 42.53461 ], [ -112.469531, 42.53729 ], [ -112.460238, 42.544471 ], [ -112.448003, 42.548731 ], [ -112.422112, 42.548233 ], [ -112.423103, 42.542808 ], [ -112.420853, 42.539089 ], [ -112.413521, 42.527458 ], [ -112.395692, 42.491267 ], [ -112.380503, 42.468016 ], [ -112.369076, 42.456821 ], [ -112.343208, 42.454267 ], [ -112.337696, 42.454245 ], [ -112.327662, 42.454206 ], [ -112.318391, 42.454421 ], [ -112.307318, 42.454678 ], [ -112.298732, 42.452637 ], [ -112.295925, 42.442753 ], [ -112.291627, 42.413241 ], [ -112.300206, 42.378694 ], [ -112.324234, 42.352015 ], [ -112.328497, 42.340741 ], [ -112.325132, 42.33212 ], [ -112.307968, 42.323842 ], [ -112.288935, 42.326568 ], [ -112.266848, 42.334428 ], [ -112.24795, 42.341929 ], [ -112.219681, 42.347467 ], [ -112.205993, 42.348385 ], [ -112.18415, 42.337009 ], [ -112.163631, 42.311689 ], [ -112.139055, 42.294611 ], [ -112.124553, 42.287214 ], [ -112.113195, 42.271739 ], [ -112.102172, 42.272885 ], [ -112.09593, 42.282566 ], [ -112.090726, 42.29753 ], [ -112.09055, 42.317338 ], [ -112.088189, 42.330189 ], [ -112.080796, 42.338196 ], [ -112.064954, 42.344729 ], [ -112.037921, 42.348286 ], [ -112.014546, 42.358032 ], [ -112.002009, 42.368992 ], [ -111.99107, 42.383972 ], [ -111.97818, 42.393168 ], [ -111.963118, 42.403797 ], [ -111.953879, 42.419188 ], [ -111.946238, 42.438602 ], [ -111.948541, 42.462934 ], [ -111.947987, 42.485178 ], [ -111.943424, 42.499461 ], [ -111.937941, 42.509048 ], [ -111.925708, 42.521761 ], [ -111.909009, 42.536752 ], [ -111.903176, 42.552969 ], [ -111.900777, 42.570014 ], [ -111.895168, 42.579011 ], [ -111.881884, 42.586435 ], [ -111.880207, 42.586738 ], [ -111.857373, 42.590866 ], [ -111.832723, 42.595107 ], [ -111.81894, 42.605251 ], [ -111.804337, 42.616955 ], [ -111.787033, 42.631283 ], [ -111.771148, 42.6352 ], [ -111.752021, 42.632149 ], [ -111.746597, 42.637856 ], [ -111.734443, 42.650105 ], [ -111.726799, 42.660267 ], [ -111.694732, 42.671253 ], [ -111.683739, 42.676269 ], [ -111.678886, 42.682445 ], [ -111.678932, 42.697926 ], [ -111.684303, 42.709526 ], [ -111.69291, 42.71944 ], [ -111.711357, 42.731575 ], [ -111.728393, 42.745918 ], [ -111.731568, 42.761532 ], [ -111.730873, 42.770607 ], [ -111.712379, 42.79171 ], [ -111.699867, 42.799854 ], [ -111.691429, 42.803173 ], [ -111.685092, 42.804718 ], [ -111.685516, 42.807468 ], [ -111.689117, 42.817631 ], [ -111.686928, 42.829838 ], [ -111.68364, 42.831978 ], [ -111.676666, 42.833057 ], [ -111.672959, 42.832455 ], [ -111.667488, 42.83041 ], [ -111.663468, 42.825687 ], [ -111.65873, 42.822307 ], [ -111.656433, 42.819485 ], [ -111.656677, 42.816307 ], [ -111.65244, 42.806569 ], [ -111.633713, 42.805801 ], [ -111.619507, 42.803394 ], [ -111.613083, 42.797661 ], [ -111.591168, 42.778506 ], [ -111.56973, 42.770009 ], [ -111.56365, 42.767598 ], [ -111.535414, 42.76267 ], [ -111.531407, 42.76197 ], [ -111.511146, 42.750295 ], [ -111.493603, 42.726949 ], [ -111.4569, 42.671432 ], [ -111.442396, 42.646569 ], [ -111.420399, 42.629668 ], [ -111.393173, 42.60854 ], [ -111.363854, 42.585415 ], [ -111.359013, 42.581179 ], [ -111.338484, 42.563207 ], [ -111.325949, 42.559174 ], [ -111.315888, 42.555936 ], [ -111.311152, 42.555159 ], [ -111.295688, 42.552617 ], [ -111.295664, 42.552613 ], [ -111.278974, 42.550723 ], [ -111.26849, 42.569165 ], [ -111.261543, 42.592785 ], [ -111.239502, 42.59368 ], [ -111.228574, 42.587602 ], [ -111.22229, 42.575661 ], [ -111.225246, 42.556192 ], [ -111.227742, 42.547552 ], [ -111.226626, 42.523705 ], [ -111.234929, 42.506688 ], [ -111.2434, 42.495043 ], [ -111.241931, 42.482613 ], [ -111.237213, 42.472881 ], [ -111.234973, 42.471847 ], [ -111.23304, 42.470955 ], [ -111.232953, 42.470958 ], [ -111.220459, 42.475865 ], [ -111.191947, 42.480555 ], [ -111.163802, 42.482805 ], [ -111.129639, 42.485363 ], [ -111.115799, 42.487015 ], [ -111.094544, 42.487869 ], [ -111.084686, 42.493794 ], [ -111.06868, 42.508486 ], [ -111.046571, 42.512494 ], [ -111.046556, 42.512496 ], [ -111.030371, 42.508723 ], [ -111.012779, 42.501509 ], [ -111.009227, 42.500052 ], [ -111.000688, 42.502331 ], [ -110.991322, 42.504829 ], [ -110.978689, 42.516265 ], [ -110.976731, 42.532628 ], [ -110.972902, 42.53874 ], [ -110.967209, 42.538124 ], [ -110.94149, 42.536766 ], [ -110.920601, 42.533779 ], [ -110.916077, 42.532204 ], [ -110.913139, 42.527802 ], [ -110.908638, 42.513916 ], [ -110.904541, 42.49773 ], [ -110.902314, 42.494205 ], [ -110.89534, 42.486828 ], [ -110.891876, 42.483364 ], [ -110.884827, 42.48146 ], [ -110.874153, 42.48066 ], [ -110.868134, 42.482803 ], [ -110.852898, 42.492718 ], [ -110.840317, 42.504314 ], [ -110.838203, 42.508072 ], [ -110.832718, 42.52203 ], [ -110.823418, 42.535278 ], [ -110.81247, 42.538128 ], [ -110.79673, 42.543053 ], [ -110.797623, 42.545742 ], [ -110.799133, 42.548397 ], [ -110.799393, 42.551117 ], [ -110.799666, 42.553842 ], [ -110.79673, 42.555813 ], [ -110.792519, 42.5574 ], [ -110.775757, 42.564651 ], [ -110.76622, 42.569252 ], [ -110.764654, 42.570253 ], [ -110.764663, 42.585312 ], [ -110.765493, 42.593856 ], [ -110.765498, 42.593906 ], [ -110.745903, 42.584885 ], [ -110.736548, 42.578517 ], [ -110.73481, 42.573608 ], [ -110.718857, 42.554395 ], [ -110.69104, 42.527584 ], [ -110.68821, 42.524086 ], [ -110.684837, 42.521523 ], [ -110.678987, 42.519084 ], [ -110.674782, 42.520676 ], [ -110.671944, 42.523556 ], [ -110.665626, 42.529347 ], [ -110.660103, 42.530086 ], [ -110.653091, 42.528622 ], [ -110.649246, 42.527451 ], [ -110.645287, 42.525379 ], [ -110.638946, 42.524334 ], [ -110.636516, 42.531298 ], [ -110.632874, 42.532394 ], [ -110.61525, 42.537392 ], [ -110.611793, 42.540299 ], [ -110.610283, 42.544018 ], [ -110.60981, 42.552246 ], [ -110.610947, 42.557652 ], [ -110.613953, 42.562965 ], [ -110.620499, 42.572651 ], [ -110.626533, 42.576904 ], [ -110.632232, 42.584354 ], [ -110.629509, 42.588596 ], [ -110.62622, 42.593319 ], [ -110.625229, 42.596104 ], [ -110.624046, 42.609829 ], [ -110.626427, 42.615177 ], [ -110.628601, 42.618256 ], [ -110.632683, 42.628071 ], [ -110.629372, 42.632794 ], [ -110.625923, 42.635704 ], [ -110.615837, 42.648064 ], [ -110.613609, 42.650909 ], [ -110.61325, 42.653664 ], [ -110.611229, 42.658775 ], [ -110.622779, 42.672871 ], [ -110.635391, 42.684231 ], [ -110.637287, 42.69219 ], [ -110.637436, 42.692815 ], [ -110.638458, 42.697106 ], [ -110.633997, 42.713697 ], [ -110.62974, 42.731464 ], [ -110.635695, 42.760823 ], [ -110.641452, 42.789004 ], [ -110.638973, 42.798221 ], [ -110.626391, 42.801223 ], [ -110.621469, 42.800303 ], [ -110.609453, 42.798055 ], [ -110.591917, 42.79614 ], [ -110.584569, 42.798213 ], [ -110.579148, 42.807583 ], [ -110.575588, 42.824633 ], [ -110.580649, 42.840426 ], [ -110.580986, 42.841477 ], [ -110.583469, 42.84524 ], [ -110.592136, 42.85837 ], [ -110.593523, 42.864538 ], [ -110.595591, 42.87373 ], [ -110.595827, 42.874778 ], [ -110.598234, 42.893051 ], [ -110.598318, 42.893695 ], [ -110.607232, 42.902421 ], [ -110.608516, 42.909739 ], [ -110.608988, 42.91243 ], [ -110.603375, 42.922543 ], [ -110.602812, 42.933371 ], [ -110.605978, 42.94305 ], [ -110.619637, 42.955486 ], [ -110.625603, 42.958828 ], [ -110.635849, 42.967426 ], [ -110.637978, 42.970055 ], [ -110.639527, 42.97316 ], [ -110.63739, 42.976917 ], [ -110.637649, 42.979641 ], [ -110.635945, 42.994332 ], [ -110.632301, 42.995869 ], [ -110.615676, 43.005829 ], [ -110.610733, 43.006531 ], [ -110.602547, 43.006489 ], [ -110.596543, 43.002689 ], [ -110.584077, 42.999803 ], [ -110.570129, 42.999932 ], [ -110.567051, 42.987057 ], [ -110.566803, 42.980488 ], [ -110.560632, 42.968147 ], [ -110.541342, 42.970381 ], [ -110.519134, 42.980827 ], [ -110.499157, 42.993488 ], [ -110.497369, 42.995819 ], [ -110.48777, 43.008328 ], [ -110.477404, 43.024557 ], [ -110.476787, 43.025523 ], [ -110.464162, 43.033294 ], [ -110.439086, 43.03565 ], [ -110.405414, 43.040599 ], [ -110.343922, 43.051119 ], [ -110.291813, 43.068516 ], [ -110.259505, 43.091243 ], [ -110.235193, 43.103054 ], [ -110.23469, 43.10332 ], [ -110.213302, 43.114636 ], [ -110.198786, 43.130924 ], [ -110.196277, 43.135969 ], [ -110.190888, 43.149242 ], [ -110.191239, 43.156948 ], [ -110.192292, 43.179981 ], [ -110.187992, 43.198324 ], [ -110.181668, 43.214457 ], [ -110.167347, 43.222345 ], [ -110.164075, 43.232216 ], [ -110.158867, 43.245254 ], [ -110.163402, 43.257405 ], [ -110.172612, 43.267934 ], [ -110.1866, 43.277427 ], [ -110.203941, 43.279915 ], [ -110.229741, 43.283653 ], [ -110.246286, 43.288718 ], [ -110.255311, 43.302848 ], [ -110.258078, 43.310106 ], [ -110.265106, 43.328533 ], [ -110.266414, 43.335774 ], [ -110.263389, 43.33728 ], [ -110.245201, 43.34544 ], [ -110.220094, 43.352747 ], [ -110.216889, 43.353627 ], [ -110.200553, 43.358109 ], [ -110.19721, 43.359026 ], [ -110.185301, 43.366694 ], [ -110.166477, 43.372596 ], [ -110.141566, 43.371868 ], [ -110.136088, 43.371461 ], [ -110.130688, 43.37106 ], [ -110.119082, 43.375701 ], [ -110.112387, 43.383443 ], [ -110.1101, 43.386086 ], [ -110.101518, 43.401432 ], [ -110.100585, 43.403099 ], [ -110.101051, 43.420158 ], [ -110.102013, 43.423767 ], [ -110.102249, 43.426487 ], [ -110.101723, 43.434723 ], [ -110.100159, 43.438442 ], [ -110.097214, 43.440857 ], [ -110.091789, 43.443851 ], [ -110.075157, 43.448723 ], [ -110.068321, 43.449951 ], [ -110.044327, 43.450146 ], [ -110.038756, 43.449039 ], [ -110.014936, 43.444303 ], [ -109.979284, 43.428946 ], [ -109.933907, 43.409657 ], [ -109.899763, 43.388162 ], [ -109.877522, 43.38355 ], [ -109.839976, 43.386263 ], [ -109.806595, 43.389196 ], [ -109.789129, 43.398241 ], [ -109.789122, 43.398258 ], [ -109.788904, 43.398746 ], [ -109.786461, 43.404305 ], [ -109.779549, 43.404602 ], [ -109.772591, 43.404453 ], [ -109.769676, 43.407318 ], [ -109.766403, 43.413387 ], [ -109.765404, 43.416622 ], [ -109.768066, 43.433372 ], [ -109.768387, 43.437008 ], [ -109.78186, 43.446903 ], [ -109.787789, 43.449833 ], [ -109.790497, 43.451996 ], [ -109.792557, 43.454182 ], [ -109.794854, 43.458637 ], [ -109.798698, 43.459381 ], [ -109.80426, 43.457767 ], [ -109.818847, 43.458496 ], [ -109.823333, 43.459209 ], [ -109.841088, 43.467537 ], [ -109.861237, 43.473938 ], [ -109.879601, 43.481785 ], [ -109.903732, 43.49028 ], [ -109.906646, 43.487411 ], [ -109.913743, 43.477241 ], [ -109.929655, 43.473438 ], [ -109.945018, 43.476261 ], [ -109.95482, 43.490344 ], [ -109.950932, 43.511625 ], [ -109.951912, 43.51748 ], [ -109.954242, 43.531394 ], [ -109.954386, 43.532253 ], [ -109.95532, 43.533623 ], [ -109.959198, 43.53931 ], [ -109.974762, 43.550915 ], [ -109.980202, 43.555229 ], [ -109.998528, 43.562149 ], [ -110.018089, 43.568554 ], [ -110.037064, 43.57544 ], [ -110.043511, 43.576965 ], [ -110.048126, 43.579033 ], [ -110.057762, 43.587715 ], [ -110.0606, 43.591236 ], [ -110.064659, 43.594242 ], [ -110.066292, 43.59827 ], [ -110.062866, 43.602531 ], [ -110.050903, 43.610382 ], [ -110.047241, 43.611916 ], [ -110.042473, 43.61533 ], [ -110.040191, 43.618172 ], [ -110.040603, 43.622711 ], [ -110.041496, 43.625866 ], [ -110.053803, 43.640026 ], [ -110.05457, 43.654315 ], [ -110.048913, 43.664992 ], [ -110.035693, 43.675149 ], [ -110.031885, 43.68207 ], [ -110.033285, 43.690319 ], [ -110.033838, 43.691219 ], [ -110.041313, 43.70336 ], [ -110.046354, 43.709367 ], [ -110.054858, 43.719496 ], [ -110.057556, 43.721092 ], [ -110.081657, 43.735336 ], [ -110.086357, 43.738316 ], [ -110.086742, 43.742568 ], [ -110.079368, 43.752122 ], [ -110.075729, 43.754318 ], [ -110.062233, 43.759499 ], [ -110.053787, 43.76445 ], [ -110.049019, 43.775162 ], [ -110.038451, 43.789163 ], [ -110.024603, 43.795783 ], [ -110.004834, 43.796947 ], [ -109.99504, 43.795255 ], [ -109.991122, 43.794578 ], [ -109.968197, 43.791829 ], [ -109.954763, 43.796011 ], [ -109.949878, 43.797593 ], [ -109.938744, 43.801199 ], [ -109.931888, 43.803419 ], [ -109.914406, 43.80391 ], [ -109.902081, 43.804255 ], [ -109.886209, 43.803858 ], [ -109.881331, 43.814455 ], [ -109.873892, 43.824679 ], [ -109.861166, 43.828188 ], [ -109.863563, 43.83326 ], [ -109.865865, 43.837716 ], [ -109.86174, 43.841553 ], [ -109.858757, 43.843967 ], [ -109.847717, 43.84856 ], [ -109.835923, 43.851818 ], [ -109.834251, 43.854633 ], [ -109.834648, 43.859177 ], [ -109.836182, 43.862305 ], [ -109.840408, 43.867134 ], [ -109.842015, 43.87071 ], [ -109.836052, 43.875538 ], [ -109.83371, 43.877922 ], [ -109.83029, 43.882647 ], [ -109.842903, 43.88847 ], [ -109.848793, 43.890491 ], [ -109.852966, 43.894871 ], [ -109.858844, 43.896428 ], [ -109.862642, 43.903572 ], [ -109.854652, 43.914417 ], [ -109.851173, 43.918224 ], [ -109.850883, 43.92234 ], [ -109.8544, 43.926292 ], [ -109.860184, 43.926952 ], [ -109.868019, 43.929337 ], [ -109.873359, 43.932293 ], [ -109.874443, 43.937271 ], [ -109.871529, 43.940594 ], [ -109.867973, 43.943489 ], [ -109.867456, 43.95354 ], [ -109.878342, 43.953068 ], [ -109.887062, 43.950855 ], [ -109.910216, 43.946494 ], [ -109.927247, 43.948583 ], [ -109.944657, 43.957813 ], [ -109.958906, 43.963133 ], [ -109.964035, 43.96268 ], [ -109.976165, 43.961606 ], [ -109.987269, 43.958228 ], [ -110.000819, 43.959418 ], [ -110.008454, 43.963966 ], [ -110.015678, 43.968267 ], [ -110.0257, 43.982035 ], [ -110.028766, 43.986245 ], [ -110.032932, 43.989714 ], [ -110.048239, 44.002457 ], [ -110.06437, 44.004008 ], [ -110.079081, 43.997308 ], [ -110.099636, 43.995466 ], [ -110.126149, 43.994282 ], [ -110.135906, 43.997593 ], [ -110.141343, 44.004881 ], [ -110.144008, 44.010624 ], [ -110.159001, 44.024829 ], [ -110.169683, 44.038225 ], [ -110.173291, 44.046181 ], [ -110.176462, 44.05317 ], [ -110.177585, 44.069223 ], [ -110.183653, 44.075257 ], [ -110.198033, 44.082202 ], [ -110.198263, 44.082313 ], [ -110.215656, 44.086124 ], [ -110.226978, 44.088687 ], [ -110.230583, 44.094942 ], [ -110.231411, 44.104441 ], [ -110.220503, 44.118594 ], [ -110.214843, 44.134066 ], [ -110.214937, 44.147105 ], [ -110.214951, 44.149016 ], [ -110.215117, 44.161239 ], [ -110.215162, 44.164554 ], [ -110.224753, 44.176251 ], [ -110.243311, 44.181749 ], [ -110.270328, 44.187672 ], [ -110.314423, 44.20055 ], [ -110.329257, 44.212815 ], [ -110.340819, 44.216544 ], [ -110.357739, 44.217387 ], [ -110.380224, 44.216519 ], [ -110.387454, 44.219445 ], [ -110.390683, 44.228126 ], [ -110.387731, 44.239768 ], [ -110.383507, 44.262562 ], [ -110.377197, 44.277027 ], [ -110.368927, 44.284275 ], [ -110.361589, 44.295434 ], [ -110.361409, 44.303829 ], [ -110.363233, 44.30653 ], [ -110.367119, 44.312283 ], [ -110.387003, 44.324822 ], [ -110.40431, 44.336996 ], [ -110.410216, 44.339961 ], [ -110.415394, 44.342559 ], [ -110.429363, 44.345461 ], [ -110.432273, 44.344649 ], [ -110.438965, 44.34278 ], [ -110.448331, 44.334134 ], [ -110.459796, 44.332475 ], [ -110.463011, 44.334347 ], [ -110.466484, 44.336369 ], [ -110.475763, 44.341771 ], [ -110.488695, 44.343565 ], [ -110.506133, 44.337756 ], [ -110.532047, 44.332352 ], [ -110.554498, 44.335646 ], [ -110.579211, 44.351295 ], [ -110.599319, 44.370358 ], [ -110.611282, 44.381191 ], [ -110.625023, 44.39056 ], [ -110.63324, 44.396091 ], [ -110.645023, 44.407381 ], [ -110.652048, 44.418095 ], [ -110.650474, 44.427823 ], [ -110.635477, 44.442404 ], [ -110.62555, 44.457106 ], [ -110.629916, 44.471663 ], [ -110.638122, 44.484978 ], [ -110.645104, 44.484169 ], [ -110.660843, 44.481102 ], [ -110.665642, 44.477657 ], [ -110.678619, 44.485695 ], [ -110.685143, 44.486732 ], [ -110.711456, 44.486782 ], [ -110.728111, 44.486404 ], [ -110.745537, 44.480949 ], [ -110.748975, 44.476657 ], [ -110.73848, 44.461651 ], [ -110.726272, 44.448551 ], [ -110.720901, 44.439682 ], [ -110.72168, 44.434616 ], [ -110.724426, 44.429909 ], [ -110.743057, 44.417534 ], [ -110.750183, 44.41169 ], [ -110.766029, 44.403572 ], [ -110.784073, 44.398087 ], [ -110.816651, 44.390472 ], [ -110.82608, 44.388618 ], [ -110.837188, 44.384392 ], [ -110.843597, 44.378121 ], [ -110.845421, 44.370712 ], [ -110.84317, 44.354832 ], [ -110.846334, 44.348615 ], [ -110.847948, 44.345469 ], [ -110.847964, 44.345437 ], [ -110.851976, 44.344846 ], [ -110.857452, 44.34404 ], [ -110.871147, 44.346531 ], [ -110.875076, 44.347244 ], [ -110.87986, 44.350193 ], [ -110.884827, 44.354969 ], [ -110.894272, 44.365906 ], [ -110.899842, 44.376583 ], [ -110.902184, 44.380577 ], [ -110.907921, 44.386681 ], [ -110.918961, 44.394333 ], [ -110.931961, 44.402344 ], [ -110.963424, 44.426601 ], [ -110.979398, 44.438905 ], [ -111.007212, 44.455221 ], [ -111.013563, 44.458944 ], [ -111.047945, 44.47196 ], [ -111.05156, 44.473328 ], [ -111.07869, 44.48194 ], [ -111.093437, 44.486525 ], [ -111.114167, 44.492967 ], [ -111.114972, 44.493343 ], [ -111.122742, 44.496971 ], [ -111.128921, 44.500755 ], [ -111.131813, 44.503803 ], [ -111.132187, 44.507442 ], [ -111.132094, 44.51212 ], [ -111.132087, 44.512478 ], [ -111.131577, 44.519821 ], [ -111.132835, 44.523474 ], [ -111.134361, 44.527905 ], [ -111.1399, 44.531723 ], [ -111.147812, 44.533585 ], [ -111.152771, 44.537891 ], [ -111.158798, 44.540318 ], [ -111.166069, 44.54221 ], [ -111.170227, 44.545189 ], [ -111.171372, 44.549702 ], [ -111.175621, 44.559536 ], [ -111.178757, 44.564854 ], [ -111.186234, 44.568569 ], [ -111.195908, 44.568962 ], [ -111.210167, 44.570019 ], [ -111.219513, 44.573174 ], [ -111.221957, 44.577329 ], [ -111.222641, 44.578491 ], [ -111.225837, 44.584263 ], [ -111.228188, 44.588253 ], [ -111.231331, 44.593571 ], [ -111.23151, 44.593779 ], [ -111.255447, 44.621636 ], [ -111.270668, 44.642216 ], [ -111.272926, 44.645294 ], [ -111.274514, 44.647949 ], [ -111.274416, 44.649417 ], [ -111.274269, 44.651627 ], [ -111.272972, 44.657642 ], [ -111.270398, 44.662584 ], [ -111.269783, 44.663765 ], [ -111.269088, 44.669292 ], [ -111.269765, 44.672032 ], [ -111.270203, 44.673805 ], [ -111.273174, 44.67603 ], [ -111.275472, 44.677752 ], [ -111.28558, 44.685319 ], [ -111.304611, 44.705859 ], [ -111.307845, 44.70937 ], [ -111.317743, 44.72011 ], [ -111.321444, 44.724123 ], [ -111.322109, 44.724515 ], [ -111.326842, 44.727295 ], [ -111.33142, 44.729983 ], [ -111.338958, 44.727985 ], [ -111.346495, 44.725985 ], [ -111.351023, 44.726948 ], [ -111.35846, 44.728528 ], [ -111.369401, 44.743637 ], [ -111.375062, 44.749926 ], [ -111.382945, 44.753373 ], [ -111.386657, 44.754996 ], [ -111.388932, 44.752348 ], [ -111.393099, 44.747494 ], [ -111.394824, 44.746794 ], [ -111.397178, 44.745839 ], [ -111.396507, 44.737516 ], [ -111.395982, 44.731 ], [ -111.397419, 44.726538 ], [ -111.397548, 44.72614 ], [ -111.400338, 44.717475 ], [ -111.406959, 44.715486 ], [ -111.412813, 44.713728 ], [ -111.427065, 44.718842 ], [ -111.431806, 44.720543 ], [ -111.446252, 44.719501 ], [ -111.453533, 44.718976 ], [ -111.475142, 44.71243 ], [ -111.47781, 44.710069 ], [ -111.486671, 44.702228 ], [ -111.487867, 44.701169 ], [ -111.489727, 44.692878 ], [ -111.482337, 44.682406 ], [ -111.476806, 44.668006 ], [ -111.482622, 44.653081 ], [ -111.493235, 44.644526 ], [ -111.495742, 44.64334 ], [ -111.50502, 44.63895 ], [ -111.507699, 44.6377 ], [ -111.507981, 44.634048 ], [ -111.508231, 44.633654 ], [ -111.514579, 44.62366 ], [ -111.525063, 44.610128 ], [ -111.525932, 44.601313 ], [ -111.524462, 44.589619 ], [ -111.52176, 44.580543 ], [ -111.513398, 44.56955 ], [ -111.499373, 44.561001 ], [ -111.498849, 44.560768 ], [ -111.486826, 44.555418 ], [ -111.486015, 44.551362 ], [ -111.485604, 44.549309 ], [ -111.489553, 44.542675 ], [ -111.493072, 44.540684 ], [ -111.502976, 44.535079 ], [ -111.513439, 44.536943 ], [ -111.523028, 44.53865 ], [ -111.539667, 44.546719 ], [ -111.546403, 44.549983 ], [ -111.578034, 44.558598 ], [ -111.595267, 44.556835 ], [ -111.602377, 44.555417 ], [ -111.627275, 44.550448 ], [ -111.627389, 44.550425 ], [ -111.645975, 44.551009 ], [ -111.670227, 44.5535 ], [ -111.680945, 44.55863 ], [ -111.697688, 44.558772 ], [ -111.70944, 44.552166 ], [ -111.72215, 44.545019 ], [ -111.727486, 44.543203 ], [ -111.735307, 44.540539 ], [ -111.760268, 44.533584 ], [ -111.791485, 44.522854 ], [ -111.795909, 44.517074 ], [ -111.800209, 44.511456 ], [ -111.800407, 44.50872 ], [ -111.80191, 44.506039 ], [ -111.807839, 44.50399 ], [ -111.811638, 44.504593 ], [ -111.819137, 44.507164 ], [ -111.824608, 44.511036 ], [ -111.827873, 44.515568 ], [ -111.828667, 44.51667 ], [ -111.834618, 44.522839 ], [ -111.837433, 44.527973 ], [ -111.841461, 44.534065 ], [ -111.84626, 44.538361 ], [ -111.850487, 44.541721 ], [ -111.851817, 44.542643 ], [ -111.855369, 44.545105 ], [ -111.85897, 44.548443 ], [ -111.862571, 44.551777 ], [ -111.866852, 44.554684 ], [ -111.874073, 44.556086 ], [ -111.89048, 44.55927 ], [ -111.908922, 44.554837 ], [ -111.935272, 44.549534 ], [ -111.940392, 44.549728 ], [ -111.94635, 44.547215 ], [ -111.966179, 44.538196 ], [ -111.986331, 44.533569 ], [ -112.004679, 44.531624 ], [ -112.005268, 44.531562 ], [ -112.024442, 44.533771 ], [ -112.02781, 44.534159 ], [ -112.056891, 44.538549 ], [ -112.06566, 44.537402 ], [ -112.082586, 44.535185 ], [ -112.103461, 44.529836 ], [ -112.118092, 44.52827 ], [ -112.119463, 44.528664 ], [ -112.143391, 44.535539 ], [ -112.181919, 44.538014 ], [ -112.19426, 44.538803 ], [ -112.218324, 44.544319 ], [ -112.221603, 44.547789 ], [ -112.226775, 44.553262 ], [ -112.227419, 44.553943 ], [ -112.236473, 44.560336 ], [ -112.245048, 44.566388 ], [ -112.26774, 44.566012 ], [ -112.27226, 44.565937 ], [ -112.300092, 44.556052 ], [ -112.329056, 44.539171 ], [ -112.329898, 44.53853 ], [ -112.347215, 44.525335 ], [ -112.356614, 44.503843 ], [ -112.357246, 44.502398 ], [ -112.365289, 44.478429 ], [ -112.374165, 44.458856 ], [ -112.379967, 44.446056 ], [ -112.3825, 44.446598 ], [ -112.388827, 44.449464 ], [ -112.395797, 44.452621 ], [ -112.405046, 44.454727 ], [ -112.416514, 44.453467 ], [ -112.423088, 44.452745 ], [ -112.426481, 44.452883 ], [ -112.435511, 44.453251 ], [ -112.443679, 44.463377 ], [ -112.444122, 44.463783 ], [ -112.462273, 44.475268 ], [ -112.474437, 44.47455 ], [ -112.494266, 44.468615 ], [ -112.49433, 44.468605 ], [ -112.50695, 44.466665 ], [ -112.508741, 44.46639 ], [ -112.525871, 44.476352 ], [ -112.553514, 44.482024 ], [ -112.58088, 44.478357 ], [ -112.598218, 44.485166 ], [ -112.612905, 44.487898 ], [ -112.632481, 44.488833 ], [ -112.65653, 44.48898 ], [ -112.664224, 44.489027 ], [ -112.665656, 44.488964 ], [ -112.678758, 44.488388 ], [ -112.692428, 44.497101 ], [ -112.713813, 44.50219 ], [ -112.732586, 44.499453 ], [ -112.754301, 44.490136 ], [ -112.780576, 44.481548 ], [ -112.800558, 44.460553 ], [ -112.805699, 44.457941 ], [ -112.81149, 44.454998 ], [ -112.817956, 44.451712 ], [ -112.83042, 44.436559 ], [ -112.833845, 44.431432 ], [ -112.838995, 44.423719 ], [ -112.83465, 44.420732 ], [ -112.832759, 44.419432 ], [ -112.832745, 44.418764 ], [ -112.832574, 44.410711 ], [ -112.836949, 44.40272 ], [ -112.832333, 44.382014 ], [ -112.823801, 44.379237 ], [ -112.819015, 44.373536 ], [ -112.818725, 44.371848 ], [ -112.817414, 44.364212 ], [ -112.821571, 44.35886 ], [ -112.827072, 44.355049 ], [ -112.835869, 44.355209 ], [ -112.844291, 44.353631 ], [ -112.852958, 44.358025 ], [ -112.863457, 44.364281 ], [ -112.870781, 44.369984 ], [ -112.874178, 44.376383 ], [ -112.875954, 44.379726 ], [ -112.878753, 44.386204 ], [ -112.881752, 44.389488 ], [ -112.882616, 44.389995 ], [ -112.884216, 44.390934 ], [ -112.887306, 44.392853 ], [ -112.892387, 44.393467 ], [ -112.905189, 44.393406 ], [ -112.912689, 44.396374 ], [ -112.921387, 44.400749 ], [ -112.930169, 44.403751 ], [ -112.938279, 44.407196 ], [ -112.945648, 44.412441 ], [ -112.950623, 44.414871 ], [ -112.957512, 44.417366 ], [ -112.962486, 44.4198 ], [ -112.967453, 44.422688 ], [ -112.973007, 44.426048 ], [ -112.977226, 44.430283 ], [ -112.980323, 44.432201 ], [ -112.981506, 44.433605 ], [ -112.98526, 44.435543 ], [ -112.991623, 44.436191 ], [ -112.996757, 44.43589 ], [ -113.003853, 44.435192 ], [ -113.00827, 44.436237 ], [ -113.010021, 44.43693 ], [ -113.012008, 44.437717 ], [ -113.012007, 44.437738 ], [ -113.011833, 44.440907 ], [ -113.010338, 44.444511 ], [ -113.00885, 44.44812 ], [ -113.006661, 44.452618 ], [ -113.00956, 44.457729 ], [ -113.011231, 44.461883 ], [ -113.014686, 44.468376 ], [ -113.01931, 44.477188 ], [ -113.020309, 44.481781 ], [ -113.020037, 44.486504 ], [ -113.01989, 44.489071 ], [ -113.017052, 44.493561 ], [ -113.017812, 44.498185 ], [ -113.016144, 44.508088 ], [ -113.015559, 44.511562 ], [ -113.013322, 44.516614 ], [ -113.010895, 44.522093 ], [ -113.014272, 44.5292 ], [ -113.01488, 44.529798 ], [ -113.021089, 44.535911 ], [ -113.032273, 44.537841 ], [ -113.040192, 44.539207 ], [ -113.044962, 44.54003 ], [ -113.048345, 44.547135 ], [ -113.045405, 44.557469 ], [ -113.044182, 44.559479 ], [ -113.04091, 44.564859 ], [ -113.042875, 44.568273 ], [ -113.045294, 44.572474 ], [ -113.058585, 44.576563 ], [ -113.062754, 44.57923 ], [ -113.066856, 44.581855 ], [ -113.067366, 44.584089 ], [ -113.068246, 44.587941 ], [ -113.075495, 44.596474 ], [ -113.075612, 44.600963 ], [ -113.075722, 44.605194 ], [ -113.070229, 44.612075 ], [ -113.055241, 44.623801 ], [ -113.054623, 44.625322 ], [ -113.053991, 44.626878 ], [ -113.050717, 44.634942 ], [ -113.056327, 44.643599 ], [ -113.061642, 44.651798 ], [ -113.064098, 44.670256 ], [ -113.068086, 44.675637 ], [ -113.071777, 44.680615 ], [ -113.093923, 44.696174 ], [ -113.094607, 44.697684 ], [ -113.099305, 44.708047 ], [ -113.099647, 44.709274 ], [ -113.104366, 44.726204 ], [ -113.116794, 44.737887 ], [ -113.128806, 44.747742 ], [ -113.132824, 44.753551 ], [ -113.133094, 44.755271 ], [ -113.134637, 44.765112 ], [ -113.134745, 44.765797 ], [ -113.139582, 44.775234 ], [ -113.148193, 44.777984 ], [ -113.170612, 44.779131 ], [ -113.180679, 44.785038 ], [ -113.18557, 44.789741 ], [ -113.214349, 44.80716 ], [ -113.251139, 44.816616 ], [ -113.284392, 44.807101 ], [ -113.319519, 44.790481 ], [ -113.326454, 44.789486 ], [ -113.338919, 44.787696 ], [ -113.343537, 44.787032 ], [ -113.344191, 44.787503 ], [ -113.346423, 44.789108 ], [ -113.350223, 44.79184 ], [ -113.351006, 44.792403 ], [ -113.351037, 44.792869 ], [ -113.351435, 44.798822 ], [ -113.35171, 44.802945 ], [ -113.353915, 44.81 ], [ -113.355291, 44.814399 ], [ -113.365924, 44.825646 ], [ -113.386203, 44.836381 ], [ -113.407789, 44.837582 ], [ -113.424051, 44.838784 ], [ -113.427013, 44.844727 ], [ -113.430817, 44.85236 ], [ -113.441184, 44.858633 ], [ -113.443072, 44.859183 ], [ -113.455235, 44.862723 ], [ -113.456447, 44.863075 ], [ -113.456946, 44.865175 ], [ -113.460491, 44.880099 ], [ -113.464531, 44.889622 ], [ -113.471026, 44.901979 ], [ -113.478822, 44.916057 ], [ -113.480256, 44.918308 ], [ -113.487343, 44.929424 ], [ -113.485194, 44.939057 ], [ -113.484188, 44.939675 ], [ -113.475109, 44.945255 ], [ -113.462651, 44.951009 ], [ -113.455075, 44.954506 ], [ -113.448874, 44.961967 ], [ -113.444926, 44.966716 ], [ -113.444701, 44.966987 ], [ -113.440813, 44.976824 ], [ -113.438516, 44.993349 ], [ -113.439907, 45.002775 ], [ -113.439967, 45.003179 ], [ -113.447484, 45.016043 ], [ -113.449701, 45.017435 ], [ -113.460053, 45.023933 ], [ -113.466992, 45.030613 ], [ -113.47177, 45.039425 ], [ -113.476556, 45.051986 ], [ -113.478514, 45.054925 ], [ -113.483507, 45.062416 ], [ -113.488994, 45.068927 ], [ -113.49145, 45.071841 ], [ -113.494522, 45.075485 ], [ -113.495962, 45.077194 ], [ -113.511454, 45.089735 ], [ -113.511876, 45.096694 ], [ -113.512056, 45.099667 ], [ -113.513405, 45.101039 ], [ -113.520318, 45.108064 ], [ -113.524783, 45.110746 ], [ -113.530746, 45.114328 ], [ -113.531825, 45.114312 ], [ -113.552748, 45.114002 ], [ -113.554752, 45.113972 ], [ -113.567214, 45.121241 ], [ -113.574019, 45.12776 ], [ -113.57326, 45.129861 ], [ -113.571566, 45.134552 ], [ -113.571864, 45.135133 ], [ -113.577865, 45.146859 ], [ -113.587734, 45.154436 ], [ -113.58817, 45.15521 ], [ -113.592484, 45.162874 ], [ -113.593887, 45.165364 ], [ -113.594002, 45.165569 ], [ -113.595816, 45.173061 ], [ -113.599797, 45.189484 ], [ -113.600334, 45.191701 ], [ -113.608478, 45.199484 ], [ -113.620217, 45.203261 ], [ -113.626901, 45.205411 ], [ -113.635095, 45.21264 ], [ -113.639208, 45.216268 ], [ -113.646254, 45.222482 ], [ -113.653135, 45.236041 ], [ -113.663509, 45.246385 ], [ -113.663774, 45.246649 ], [ -113.66535, 45.247231 ], [ -113.6702, 45.249022 ], [ -113.676558, 45.25137 ], [ -113.679787, 45.252835 ], [ -113.680601, 45.253204 ], [ -113.689642, 45.257305 ], [ -113.690109, 45.262283 ], [ -113.689521, 45.263727 ], [ -113.687896, 45.267715 ], [ -113.687134, 45.27305 ], [ -113.68692, 45.274548 ], [ -113.688714, 45.27779 ], [ -113.689365, 45.278415 ], [ -113.687911, 45.283155 ], [ -113.688821, 45.28687 ], [ -113.68925, 45.288623 ], [ -113.701921, 45.296484 ], [ -113.720787, 45.318609 ], [ -113.734288, 45.325267 ], [ -113.736081, 45.326151 ], [ -113.737418, 45.33062 ], [ -113.737618, 45.331289 ], [ -113.738371, 45.333807 ], [ -113.741138, 45.343056 ], [ -113.737508, 45.347645 ], [ -113.732933, 45.353426 ], [ -113.732564, 45.362853 ], [ -113.736876, 45.37672 ], [ -113.738877, 45.392117 ], [ -113.747168, 45.400383 ], [ -113.748395, 45.401605 ], [ -113.750085, 45.402152 ], [ -113.761074, 45.405708 ], [ -113.761231, 45.405882 ], [ -113.769728, 45.4153 ], [ -113.770989, 45.427658 ], [ -113.777364, 45.442529 ], [ -113.778505, 45.445747 ], [ -113.780342, 45.450927 ], [ -113.778637, 45.461194 ], [ -113.778539, 45.461779 ], [ -113.770661, 45.471556 ], [ -113.769606, 45.472865 ], [ -113.761512, 45.480095 ], [ -113.760127, 45.489019 ], [ -113.762024, 45.496676 ], [ -113.764191, 45.50542 ], [ -113.767716, 45.512828 ], [ -113.769823, 45.517253 ], [ -113.774371, 45.521084 ], [ -113.79274, 45.522625 ], [ -113.796202, 45.523478 ], [ -113.808072, 45.526405 ], [ -113.819424, 45.525035 ], [ -113.825268, 45.526831 ], [ -113.825116, 45.539647 ], [ -113.825111, 45.54006 ], [ -113.825105, 45.540614 ], [ -113.822705, 45.546166 ], [ -113.819397, 45.553816 ], [ -113.816264, 45.556246 ], [ -113.805066, 45.56493 ], [ -113.798713, 45.571952 ], [ -113.799478, 45.580287 ], [ -113.80061, 45.59262 ], [ -113.800815, 45.594846 ], [ -113.804684, 45.603139 ], [ -113.816051, 45.608699 ], [ -113.818022, 45.609663 ], [ -113.838057, 45.614126 ], [ -113.84408, 45.618526 ], [ -113.851287, 45.623789 ], [ -113.858617, 45.622581 ], [ -113.874419, 45.619975 ], [ -113.879846, 45.61908 ], [ -113.895171, 45.619099 ], [ -113.901639, 45.62332 ], [ -113.898069, 45.630636 ], [ -113.894042, 45.63613 ], [ -113.89397, 45.643022 ], [ -113.894682, 45.644589 ], [ -113.896659, 45.648942 ], [ -113.89801, 45.651917 ], [ -113.910498, 45.658537 ], [ -113.921449, 45.665796 ], [ -113.925657, 45.668584 ], [ -113.926581, 45.669053 ], [ -113.939536, 45.675621 ], [ -113.946006, 45.676681 ], [ -113.951889, 45.676357 ], [ -113.958404, 45.676047 ], [ -113.958338, 45.676081 ], [ -113.932458, 45.689606 ], [ -113.925689, 45.693142 ], [ -113.920385, 45.699394 ], [ -113.908005, 45.709524 ], [ -113.904671, 45.724947 ], [ -113.90782, 45.744589 ], [ -113.905459, 45.757563 ], [ -113.904792, 45.761226 ], [ -113.893675, 45.774461 ], [ -113.8835, 45.780699 ], [ -113.874729, 45.781759 ], [ -113.863399, 45.776246 ], [ -113.851686, 45.762017 ], [ -113.843107, 45.753041 ], [ -113.825687, 45.752013 ], [ -113.809414, 45.757648 ], [ -113.809066, 45.757769 ], [ -113.792701, 45.775378 ], [ -113.789867, 45.781488 ], [ -113.786246, 45.789292 ], [ -113.765528, 45.796783 ], [ -113.746321, 45.810345 ], [ -113.725351, 45.824114 ], [ -113.702765, 45.838697 ], [ -113.694135, 45.840351 ], [ -113.670062, 45.83446 ], [ -113.625066, 45.839805 ], [ -113.618245, 45.840614 ], [ -113.595279, 45.846461 ], [ -113.592286, 45.85995 ], [ -113.588154, 45.864724 ], [ -113.588065, 45.864827 ], [ -113.565517, 45.868741 ], [ -113.561293, 45.873617 ], [ -113.550317, 45.876788 ], [ -113.544068, 45.876804 ], [ -113.539469, 45.876815 ], [ -113.534943, 45.880475 ], [ -113.535732, 45.891014 ], [ -113.538, 45.903881 ], [ -113.529876, 45.929394 ], [ -113.527267, 45.941692 ], [ -113.523178, 45.944794 ], [ -113.515137, 45.94825 ], [ -113.491438, 45.938473 ], [ -113.482353, 45.949238 ], [ -113.472068, 45.957663 ], [ -113.468769, 45.972043 ], [ -113.464979, 45.97874 ], [ -113.45353, 45.980078 ], [ -113.432242, 45.981938 ], [ -113.431264, 45.982326 ], [ -113.409948, 45.99079 ], [ -113.398232, 46.002158 ], [ -113.392907, 46.01011 ], [ -113.383437, 46.008569 ], [ -113.377827, 46.007656 ], [ -113.34936, 46.008545 ], [ -113.34095, 46.008807 ], [ -113.331114, 46.013071 ], [ -113.325981, 46.018042 ], [ -113.310853, 46.022917 ], [ -113.288382, 46.034888 ], [ -113.282809, 46.045534 ], [ -113.27903, 46.060158 ], [ -113.264588, 46.056385 ], [ -113.249443, 46.057501 ], [ -113.232972, 46.053141 ], [ -113.213416, 46.047258 ], [ -113.205273, 46.047494 ], [ -113.202973, 46.047974 ], [ -113.159172, 46.056828 ], [ -113.132187, 46.05835 ], [ -113.098893, 46.055569 ], [ -113.08036, 46.047245 ], [ -113.049294, 46.04039 ], [ -113.023568, 46.031853 ], [ -113.002663, 46.019783 ], [ -112.978958, 46.021378 ], [ -112.961779, 46.023625 ], [ -112.94622, 46.009869 ], [ -112.925584, 46.004828 ], [ -112.922271, 46.004018 ], [ -112.930325, 45.994971 ], [ -112.935864, 45.988747 ], [ -112.936428, 45.984088 ], [ -112.936984, 45.979506 ], [ -112.937706, 45.973544 ], [ -112.929342, 45.945741 ], [ -112.924975, 45.936633 ], [ -112.922236, 45.930918 ], [ -112.910093, 45.925407 ], [ -112.901595, 45.923861 ], [ -112.888893, 45.929813 ], [ -112.866962, 45.924558 ], [ -112.850822, 45.931404 ], [ -112.827721, 45.934361 ], [ -112.813057, 45.927956 ], [ -112.779251, 45.92416 ], [ -112.765159, 45.91914 ], [ -112.75853, 45.910229 ], [ -112.751083, 45.904041 ], [ -112.728394, 45.890507 ], [ -112.703839, 45.882871 ], [ -112.675266, 45.882788 ], [ -112.651596, 45.889764 ], [ -112.630704, 45.897055 ], [ -112.612393, 45.895939 ], [ -112.605574, 45.889817 ], [ -112.599261, 45.878018 ], [ -112.591509, 45.852013 ], [ -112.58113, 45.838161 ], [ -112.559183, 45.824948 ], [ -112.548217, 45.812407 ], [ -112.541977, 45.796852 ], [ -112.533332, 45.786555 ], [ -112.519727, 45.781644 ], [ -112.509578, 45.795979 ], [ -112.507776, 45.804948 ], [ -112.504157, 45.812835 ], [ -112.496932, 45.816742 ], [ -112.484067, 45.815641 ], [ -112.473376, 45.814298 ], [ -112.462736, 45.81296 ], [ -112.450093, 45.816826 ], [ -112.446933, 45.822787 ], [ -112.450152, 45.833053 ], [ -112.449385, 45.845623 ], [ -112.445189, 45.850576 ], [ -112.442979, 45.853184 ], [ -112.432169, 45.86122 ], [ -112.416946, 45.869812 ], [ -112.402634, 45.887646 ], [ -112.406937, 45.901077 ], [ -112.411798, 45.910867 ], [ -112.421471, 45.927681 ], [ -112.432037, 45.935825 ], [ -112.43235, 45.950497 ], [ -112.441566, 45.959053 ], [ -112.435944, 45.974445 ], [ -112.436111, 45.994406 ], [ -112.431823, 46.015087 ], [ -112.445245, 46.025104 ], [ -112.460059, 46.036153 ], [ -112.462672, 46.038684 ], [ -112.469342, 46.045141 ], [ -112.470375, 46.048411 ], [ -112.472585, 46.055405 ], [ -112.470906, 46.070775 ], [ -112.470238, 46.076889 ], [ -112.477337, 46.096104 ], [ -112.496541, 46.11276 ], [ -112.508652, 46.120304 ], [ -112.511742, 46.123154 ], [ -112.513662, 46.125789 ], [ -112.514618, 46.129208 ], [ -112.512039, 46.140921 ], [ -112.51081, 46.1465 ], [ -112.510076, 46.171868 ], [ -112.510312, 46.173469 ], [ -112.510323, 46.173544 ], [ -112.511706, 46.182933 ], [ -112.516552, 46.184281 ], [ -112.527175, 46.183131 ], [ -112.547157, 46.175342 ], [ -112.570549, 46.176884 ], [ -112.579131, 46.188105 ], [ -112.578202, 46.192608 ], [ -112.575885, 46.203837 ], [ -112.575704, 46.204716 ], [ -112.580892, 46.215393 ], [ -112.583786, 46.218175 ], [ -112.590231, 46.22437 ], [ -112.588848, 46.232214 ], [ -112.58866, 46.233285 ], [ -112.585426, 46.235269 ], [ -112.584396, 46.235901 ], [ -112.577523, 46.240117 ], [ -112.574439, 46.242165 ], [ -112.561771, 46.250573 ], [ -112.55838, 46.263432 ], [ -112.558704, 46.265879 ], [ -112.560828, 46.281902 ], [ -112.560821, 46.286084 ], [ -112.560801, 46.297519 ], [ -112.555779, 46.30891 ], [ -112.546493, 46.319611 ], [ -112.538582, 46.329441 ], [ -112.533623, 46.334782 ], [ -112.528836, 46.336938 ], [ -112.519814, 46.334328 ], [ -112.516832, 46.329638 ], [ -112.508308, 46.328907 ], [ -112.502609, 46.335148 ], [ -112.49563, 46.338295 ], [ -112.486333, 46.337424 ], [ -112.467926, 46.332538 ], [ -112.453832, 46.32858 ], [ -112.452926, 46.338522 ], [ -112.453743, 46.346367 ], [ -112.445477, 46.350336 ], [ -112.441516, 46.352238 ], [ -112.429269, 46.35712 ], [ -112.426509, 46.358219 ], [ -112.424175, 46.36418 ], [ -112.421916, 46.369952 ], [ -112.418312, 46.374085 ], [ -112.407768, 46.381981 ], [ -112.402367, 46.383636 ], [ -112.397071, 46.383915 ], [ -112.37825, 46.379604 ], [ -112.374047, 46.383137 ], [ -112.359734, 46.38036 ], [ -112.355154, 46.379741 ], [ -112.348107, 46.386383 ], [ -112.345841, 46.390434 ], [ -112.335259, 46.400166 ], [ -112.326638, 46.409965 ], [ -112.321892, 46.414977 ], [ -112.317391, 46.419729 ], [ -112.317388, 46.419755 ], [ -112.317397, 46.419809 ], [ -112.317429, 46.42001 ], [ -112.319199, 46.431271 ], [ -112.322327, 46.433674 ], [ -112.3228, 46.436447 ], [ -112.321853, 46.44054 ], [ -112.318916, 46.444572 ], [ -112.31218, 46.446632 ], [ -112.308007, 46.449245 ], [ -112.305794, 46.452839 ], [ -112.305603, 46.455585 ], [ -112.309334, 46.468102 ], [ -112.311096, 46.480091 ], [ -112.310959, 46.491562 ], [ -112.311333, 46.495701 ], [ -112.311096, 46.498905 ], [ -112.30558, 46.511566 ], [ -112.303368, 46.514702 ], [ -112.301789, 46.518322 ], [ -112.300217, 46.531117 ], [ -112.300591, 46.535259 ], [ -112.306328, 46.547394 ], [ -112.31324, 46.561859 ], [ -112.315048, 46.564213 ], [ -112.316856, 46.566574 ], [ -112.312057, 46.577909 ], [ -112.311862, 46.578369 ], [ -112.299215, 46.594402 ], [ -112.297945, 46.596011 ], [ -112.296277, 46.598125 ], [ -112.29541, 46.606334 ], [ -112.298587, 46.612242 ], [ -112.307063, 46.621335 ], [ -112.313647, 46.638121 ], [ -112.322161, 46.655328 ], [ -112.326548, 46.670474 ], [ -112.326454, 46.670708 ], [ -112.321305, 46.683517 ], [ -112.312539, 46.693187 ], [ -112.314022, 46.703645 ], [ -112.322184, 46.71527 ], [ -112.33007, 46.725675 ], [ -112.339572, 46.727166 ], [ -112.352423, 46.723306 ], [ -112.372142, 46.717466 ], [ -112.37595, 46.717272 ], [ -112.394772, 46.716309 ], [ -112.420021, 46.718811 ], [ -112.429787, 46.721435 ], [ -112.433663, 46.722942 ], [ -112.439552, 46.724052 ], [ -112.444206, 46.723751 ], [ -112.459167, 46.718277 ], [ -112.4646, 46.716615 ], [ -112.470322, 46.720024 ], [ -112.486572, 46.724693 ], [ -112.504959, 46.727135 ], [ -112.51545, 46.728855 ], [ -112.51934, 46.730353 ], [ -112.519737, 46.734047 ], [ -112.51736, 46.739953 ], [ -112.513283, 46.741184 ], [ -112.509117, 46.743801 ], [ -112.515213, 46.751808 ], [ -112.518333, 46.754665 ], [ -112.522179, 46.756626 ], [ -112.539136, 46.769559 ], [ -112.532303, 46.773491 ], [ -112.528213, 46.78484 ], [ -112.52935, 46.787636 ], [ -112.526199, 46.794884 ], [ -112.520661, 46.798378 ], [ -112.519953, 46.8091 ], [ -112.516032, 46.827636 ], [ -112.508034, 46.836614 ], [ -112.492977, 46.841304 ], [ -112.480835, 46.842027 ], [ -112.474195, 46.848983 ], [ -112.474656, 46.853669 ], [ -112.474864, 46.855782 ], [ -112.480293, 46.864571 ], [ -112.484131, 46.866535 ], [ -112.485168, 46.870705 ], [ -112.489563, 46.874527 ], [ -112.492737, 46.876469 ], [ -112.495903, 46.878868 ], [ -112.495048, 46.881596 ], [ -112.501747, 46.890545 ], [ -112.493568, 46.903141 ], [ -112.495348, 46.906418 ], [ -112.492136, 46.913898 ], [ -112.479394, 46.918384 ], [ -112.461558, 46.924145 ], [ -112.459008, 46.931873 ], [ -112.458183, 46.934601 ], [ -112.458603, 46.937832 ], [ -112.457749, 46.940563 ], [ -112.455566, 46.943249 ], [ -112.452004, 46.946804 ], [ -112.445137, 46.949795 ], [ -112.439827, 46.949615 ], [ -112.434562, 46.948982 ], [ -112.423927, 46.948658 ], [ -112.401864, 46.956623 ], [ -112.381591, 46.964394 ], [ -112.369074, 46.970221 ], [ -112.347877, 46.980083 ], [ -112.331752, 46.991522 ], [ -112.329328, 47.004892 ], [ -112.327469, 47.008856 ], [ -112.316784, 47.014333 ], [ -112.315193, 47.018501 ], [ -112.31519, 47.018517 ], [ -112.315169, 47.018501 ], [ -112.315185, 47.018547 ], [ -112.322861, 47.040547 ], [ -112.329571, 47.053579 ], [ -112.331739, 47.056418 ], [ -112.337518, 47.063983 ], [ -112.344821, 47.06803 ], [ -112.351246, 47.07159 ], [ -112.355508, 47.073951 ], [ -112.379805, 47.08325 ], [ -112.392622, 47.093088 ], [ -112.403407, 47.101363 ], [ -112.40392, 47.101721 ], [ -112.413575, 47.108467 ], [ -112.424368, 47.116005 ], [ -112.428785, 47.123031 ], [ -112.427471, 47.133165 ], [ -112.424354, 47.14349 ], [ -112.432896, 47.154155 ], [ -112.440035, 47.163064 ], [ -112.465658, 47.165962 ], [ -112.49114, 47.168246 ], [ -112.522356, 47.167412 ], [ -112.542469, 47.16651 ], [ -112.562372, 47.1725 ], [ -112.57111, 47.177044 ], [ -112.580301, 47.181822 ], [ -112.598091, 47.190533 ], [ -112.60597, 47.200307 ], [ -112.606609, 47.214609 ], [ -112.602984, 47.217994 ], [ -112.601314, 47.219553 ], [ -112.612254, 47.22275 ], [ -112.634407, 47.223934 ], [ -112.665832, 47.223545 ], [ -112.677063, 47.225277 ], [ -112.696571, 47.233246 ], [ -112.726191, 47.234808 ], [ -112.736073, 47.241235 ], [ -112.737838, 47.248542 ], [ -112.734651, 47.254513 ], [ -112.73288, 47.256577 ], [ -112.728147, 47.262094 ], [ -112.728549, 47.271425 ], [ -112.730903, 47.281169 ], [ -112.736595, 47.285551 ], [ -112.74951, 47.289148 ], [ -112.796853, 47.297119 ], [ -112.815319, 47.300322 ], [ -112.826111, 47.307136 ], [ -112.831896, 47.308321 ], [ -112.834861, 47.312345 ], [ -112.859531, 47.314645 ], [ -112.881784, 47.322206 ], [ -112.896518, 47.32934 ], [ -112.914871, 47.336074 ], [ -112.934756, 47.34392 ], [ -112.934807, 47.34396 ], [ -112.917996, 47.360112 ], [ -112.915722, 47.36974 ], [ -112.918263, 47.383839 ], [ -112.933467, 47.396546 ], [ -112.948852, 47.408783 ], [ -112.978218, 47.421142 ], [ -112.981119, 47.423223 ], [ -112.985763, 47.43517 ], [ -112.989234, 47.449167 ], [ -112.998882, 47.454906 ], [ -113.003418, 47.457604 ], [ -113.015495, 47.465022 ], [ -113.02169, 47.474966 ], [ -113.022258, 47.482805 ], [ -113.022454, 47.485512 ], [ -113.026687, 47.491296 ], [ -113.044954, 47.489897 ], [ -113.066871, 47.483517 ], [ -113.092308, 47.484234 ], [ -113.115333, 47.491791 ], [ -113.121702, 47.506376 ], [ -113.125217, 47.520368 ], [ -113.129163, 47.52944 ], [ -113.129629, 47.530509 ], [ -113.129306, 47.531461 ], [ -113.125884, 47.541559 ], [ -113.121243, 47.556461 ], [ -113.126294, 47.576538 ], [ -113.137703, 47.589535 ], [ -113.147851, 47.599152 ], [ -113.150028, 47.615172 ], [ -113.141144, 47.628047 ], [ -113.135538, 47.639677 ], [ -113.133178, 47.644572 ], [ -113.133989, 47.646594 ], [ -113.138221, 47.657145 ], [ -113.147949, 47.666069 ], [ -113.151305, 47.671949 ], [ -113.154384, 47.684116 ], [ -113.164062, 47.714938 ], [ -113.165532, 47.722191 ], [ -113.158081, 47.733311 ], [ -113.14438, 47.741585 ], [ -113.117452, 47.742315 ], [ -113.107495, 47.742583 ], [ -113.10653, 47.742609 ], [ -113.10594, 47.742774 ], [ -113.091675, 47.74676 ], [ -113.083363, 47.758314 ], [ -113.079293, 47.768147 ], [ -113.071932, 47.778095 ], [ -113.070219, 47.78041 ], [ -113.067049, 47.798299 ], [ -113.065583, 47.806567 ], [ -113.066124, 47.81903 ], [ -113.066556, 47.828976 ], [ -113.065747, 47.83201 ], [ -113.061743, 47.847021 ], [ -113.065301, 47.86852 ], [ -113.072828, 47.885257 ], [ -113.083794, 47.894341 ], [ -113.088211, 47.910595 ], [ -113.067108, 47.924751 ], [ -113.034599, 47.926594 ], [ -113.00898, 47.93692 ], [ -112.968673, 47.944981 ], [ -112.932983, 47.943482 ], [ -112.925448, 47.944473 ], [ -112.918662, 47.945365 ], [ -112.918427, 47.946447 ], [ -112.91774, 47.94949 ], [ -112.91507, 47.957559 ], [ -112.908217, 47.963935 ], [ -112.890087, 47.974039 ], [ -112.879755, 47.978497 ], [ -112.876523, 47.979891 ], [ -112.880104, 47.983036 ], [ -112.888561, 47.990463 ], [ -112.89664, 48.003967 ], [ -112.89643, 48.00466 ], [ -112.892524, 48.017547 ], [ -112.893513, 48.018528 ], [ -112.898778, 48.023746 ], [ -112.909151, 48.02762 ], [ -112.92288, 48.029876 ], [ -112.930802, 48.029637 ], [ -112.938744, 48.029397 ], [ -112.943932, 48.031332 ], [ -112.944148, 48.036736 ], [ -112.943792, 48.041979 ], [ -112.936783, 48.0515 ], [ -112.937561, 48.065799 ], [ -112.952832, 48.070387 ], [ -112.966421, 48.072029 ], [ -112.976956, 48.072753 ], [ -112.982312, 48.079047 ], [ -112.98831, 48.099031 ], [ -112.982689, 48.114032 ], [ -112.983168, 48.123362 ], [ -112.989901, 48.127629 ], [ -112.999686, 48.12906 ], [ -113.023223, 48.128982 ], [ -113.042009, 48.125043 ], [ -113.049509, 48.128597 ], [ -113.05567, 48.141682 ], [ -113.070228, 48.150715 ], [ -113.088381, 48.140582 ], [ -113.109312, 48.137647 ], [ -113.122008, 48.139372 ], [ -113.134881, 48.145456 ], [ -113.160522, 48.164515 ], [ -113.177725, 48.176372 ], [ -113.188262, 48.173326 ], [ -113.202153, 48.168653 ], [ -113.217455, 48.169454 ], [ -113.227622, 48.179585 ], [ -113.233849, 48.191761 ], [ -113.235557, 48.208881 ], [ -113.224416, 48.225161 ], [ -113.228392, 48.233795 ], [ -113.230649, 48.238696 ], [ -113.247738, 48.249934 ], [ -113.27494, 48.260041 ], [ -113.287136, 48.27057 ], [ -113.297182, 48.280087 ], [ -113.309955, 48.285542 ], [ -113.335363, 48.295053 ], [ -113.338268, 48.29614 ], [ -113.358841, 48.306755 ], [ -113.375038, 48.320564 ], [ -113.391006, 48.338516 ], [ -113.390793, 48.33859 ], [ -113.384773, 48.340668 ], [ -113.370295, 48.353261 ], [ -113.351207, 48.363541 ], [ -113.339199, 48.373108 ], [ -113.337145, 48.385773 ], [ -113.343101, 48.397624 ], [ -113.346579, 48.40725 ], [ -113.352982, 48.417174 ], [ -113.360711, 48.421315 ], [ -113.374531, 48.419765 ], [ -113.392795, 48.417087 ], [ -113.411743, 48.42059 ], [ -113.426015, 48.431504 ], [ -113.445938, 48.438648 ], [ -113.45384, 48.443391 ], [ -113.471558, 48.445772 ], [ -113.476747, 48.454577 ], [ -113.477927, 48.462583 ], [ -113.468804, 48.471128 ], [ -113.470953, 48.482781 ], [ -113.469642, 48.488564 ], [ -113.464365, 48.4973 ], [ -113.465539, 48.499558 ], [ -113.470207, 48.508536 ], [ -113.471712, 48.517758 ], [ -113.470935, 48.529116 ], [ -113.474175, 48.541273 ], [ -113.475845, 48.551103 ], [ -113.499763, 48.550011 ], [ -113.516768, 48.562895 ], [ -113.516784, 48.562907 ], [ -113.516803, 48.562921 ], [ -113.530138, 48.572246 ], [ -113.539226, 48.574615 ], [ -113.539403, 48.574666 ], [ -113.554714, 48.57912 ], [ -113.587921, 48.582234 ], [ -113.609063, 48.582958 ], [ -113.628377, 48.594534 ], [ -113.640881, 48.594985 ], [ -113.653054, 48.589339 ], [ -113.665699, 48.584631 ], [ -113.681696, 48.590942 ], [ -113.694035, 48.590781 ], [ -113.702911, 48.5954 ], [ -113.715747, 48.597058 ], [ -113.729148, 48.604288 ], [ -113.741133, 48.609801 ], [ -113.744969, 48.616877 ], [ -113.747028, 48.627916 ], [ -113.743873, 48.640809 ], [ -113.742307, 48.656005 ], [ -113.742305, 48.656025 ], [ -113.742268, 48.656061 ], [ -113.729565, 48.668765 ], [ -113.732384, 48.679091 ], [ -113.730084, 48.684773 ], [ -113.728394, 48.688947 ], [ -113.717778, 48.701291 ], [ -113.704438, 48.706103 ], [ -113.700374, 48.712207 ], [ -113.705278, 48.72668 ], [ -113.721538, 48.744237 ], [ -113.735886, 48.758254 ], [ -113.745724, 48.762763 ], [ -113.765646, 48.776137 ], [ -113.773781, 48.792294 ], [ -113.7668, 48.808781 ], [ -113.762489, 48.812843 ], [ -113.785501, 48.823979 ], [ -113.78804, 48.829441 ], [ -113.790201, 48.83409 ], [ -113.793899, 48.840557 ], [ -113.816035, 48.841444 ], [ -113.818106, 48.841527 ], [ -113.818518, 48.842279 ], [ -113.821976, 48.848601 ], [ -113.836059, 48.854495 ], [ -113.848967, 48.856138 ], [ -113.858682, 48.846026 ], [ -113.875893, 48.830208 ], [ -113.895447, 48.836193 ], [ -113.913757, 48.839371 ], [ -113.920843, 48.825247 ], [ -113.931062, 48.818632 ], [ -113.933825, 48.816843 ], [ -113.957151, 48.816713 ], [ -113.957268, 48.81673 ], [ -113.974648, 48.825875 ], [ -113.99338, 48.83121 ], [ -114.004494, 48.833107 ], [ -114.006458, 48.833443 ], [ -114.003827, 48.83523 ], [ -113.991969, 48.843285 ], [ -113.991146, 48.854037 ], [ -113.998584, 48.860063 ], [ -114.011593, 48.865438 ], [ -114.03078, 48.875731 ], [ -114.043418, 48.883275 ], [ -114.049218, 48.886736 ], [ -114.050169, 48.893521 ], [ -114.028394, 48.897951 ], [ -114.025293, 48.900374 ], [ -114.018954, 48.905324 ], [ -114.015862, 48.918223 ], [ -114.024168, 48.927283 ], [ -114.041696, 48.938397 ], [ -114.039101, 48.946224 ], [ -114.038662, 48.947146 ], [ -114.0361, 48.95253 ], [ -114.032465, 48.960166 ], [ -114.044992, 48.963716 ], [ -114.0562, 48.976196 ], [ -114.057139, 48.986515 ], [ -114.070685, 49.000329 ], [ -114.072536, 49.004662 ], [ -114.068313, 49.009313 ], [ -114.05549, 49.023222 ], [ -114.053627, 49.039737 ], [ -114.066249, 49.049186 ], [ -114.117301, 49.073013 ], [ -114.1306, 49.081857 ], [ -114.141536, 49.091718 ], [ -114.149754, 49.105316 ], [ -114.158292, 49.131473 ], [ -114.159943, 49.145049 ], [ -114.170025, 49.156999 ], [ -114.185251, 49.16589 ], [ -114.224721, 49.18274 ], [ -114.234491, 49.18381 ], [ -114.261056, 49.181738 ], [ -114.279896, 49.1827 ], [ -114.32106, 49.19465 ], [ -114.35922, 49.199592 ], [ -114.386973, 49.208832 ], [ -114.393631, 49.213985 ], [ -114.399102, 49.22559 ], [ -114.398515, 49.234977 ], [ -114.393757, 49.24667 ], [ -114.395518, 49.250725 ], [ -114.406593, 49.257175 ], [ -114.433544, 49.26605 ], [ -114.442055, 49.271595 ], [ -114.458484, 49.295797 ], [ -114.482068, 49.316313 ], [ -114.486831, 49.335777 ], [ -114.49383, 49.345775 ], [ -114.518359, 49.360513 ], [ -114.533987, 49.37245 ], [ -114.565745, 49.382228 ], [ -114.585411, 49.395385 ], [ -114.596304, 49.413309 ], [ -114.601452, 49.440807 ], [ -114.599579, 49.452551 ], [ -114.59295, 49.49406 ], [ -114.574485, 49.533832 ], [ -114.57475, 49.546151 ], [ -114.578782, 49.553041 ], [ -114.584768, 49.55645 ], [ -114.595343, 49.557442 ], [ -114.622938, 49.55046 ], [ -114.645965, 49.547666 ], [ -114.695133, 49.555572 ], [ -114.706355, 49.559787 ], [ -114.719929, 49.569021 ], [ -114.729465, 49.577166 ], [ -114.735454, 49.585333 ], [ -114.743955, 49.602915 ], [ -114.74429, 49.609474 ], [ -114.74013, 49.616336 ], [ -114.731215, 49.622171 ], [ -114.713244, 49.630431 ], [ -114.674617, 49.640711 ], [ -114.666216, 49.645807 ], [ -114.662453, 49.659201 ], [ -114.66739, 49.683378 ], [ -114.666453, 49.695203 ], [ -114.644807, 49.719648 ], [ -114.640641, 49.729344 ], [ -114.640721, 49.735568 ], [ -114.648768, 49.76184 ], [ -114.641676, 49.789913 ], [ -114.645609, 49.826386 ], [ -114.652606, 49.841083 ], [ -114.685226, 49.893924 ], [ -114.689317, 49.914033 ], [ -114.689328, 49.935717 ], [ -114.684974, 49.950007 ], [ -114.6766, 49.961697 ], [ -114.662352, 49.971857 ], [ -114.657463, 49.980008 ], [ -114.656675, 49.989801 ], [ -114.662644, 50.028541 ], [ -114.67399, 50.060444 ], [ -114.688584, 50.073702 ], [ -114.716825, 50.104938 ], [ -114.727644, 50.121931 ], [ -114.729902, 50.161179 ], [ -114.73149, 50.188753 ], [ -114.740965, 50.208187 ], [ -114.760442, 50.237189 ], [ -114.764337, 50.247059 ], [ -114.763927, 50.259406 ], [ -114.758605, 50.276419 ], [ -114.759123, 50.287411 ], [ -114.76347, 50.295457 ], [ -114.77946, 50.309146 ], [ -114.788826, 50.326234 ], [ -114.786871, 50.335363 ], [ -114.77889, 50.347819 ], [ -114.779408, 50.355532 ], [ -114.782915, 50.358821 ], [ -114.806713, 50.370911 ], [ -114.827573, 50.387022 ], [ -114.84922, 50.395517 ], [ -114.857487, 50.400312 ], [ -114.871644, 50.426227 ], [ -114.880327, 50.434151 ], [ -114.90486, 50.449338 ], [ -114.926636, 50.469332 ], [ -115.015393, 50.572178 ], [ -115.022264, 50.576935 ], [ -115.030305, 50.579024 ], [ -115.052133, 50.579347 ], [ -115.074531, 50.581523 ], [ -115.147966, 50.570952 ], [ -115.161656, 50.567622 ], [ -115.174045, 50.561451 ], [ -115.197396, 50.539307 ], [ -115.20551, 50.536326 ], [ -115.214009, 50.53731 ], [ -115.221425, 50.541749 ], [ -115.226921, 50.54763 ], [ -115.244118, 50.582733 ], [ -115.252031, 50.589081 ], [ -115.287379, 50.610032 ], [ -115.302599, 50.626412 ], [ -115.30307, 50.633942 ], [ -115.288446, 50.647006 ], [ -115.286279, 50.658272 ], [ -115.301643, 50.696784 ], [ -115.316536, 50.716388 ], [ -115.324045, 50.720304 ], [ -115.337719, 50.721372 ], [ -115.356725, 50.718782 ], [ -115.384082, 50.710973 ], [ -115.391826, 50.710923 ], [ -115.402847, 50.713628 ], [ -115.40938, 50.717344 ], [ -115.421662, 50.735078 ], [ -115.434461, 50.74646 ], [ -115.445082, 50.751508 ], [ -115.474432, 50.759734 ], [ -115.501346, 50.778728 ], [ -115.526692, 50.788359 ], [ -115.547227, 50.800226 ], [ -115.556999, 50.80903 ], [ -115.569302, 50.826913 ], [ -115.577538, 50.833626 ], [ -115.594988, 50.83977 ], [ -115.624514, 50.841048 ], [ -115.636693, 50.845387 ], [ -115.64222, 50.851728 ], [ -115.644324, 50.857628 ], [ -115.644246, 50.865094 ], [ -115.641118, 50.870291 ], [ -115.624585, 50.879426 ], [ -115.580115, 50.893721 ], [ -115.574932, 50.899369 ], [ -115.578747, 50.907475 ], [ -115.598448, 50.924877 ], [ -115.615941, 50.958558 ], [ -115.632509, 50.979129 ], [ -115.653152, 50.995702 ], [ -115.693892, 51.018488 ], [ -115.700904, 51.020791 ], [ -115.728193, 51.023826 ], [ -115.754405, 51.035833 ], [ -115.762133, 51.041891 ], [ -115.765828, 51.04772 ], [ -115.765534, 51.066421 ], [ -115.767563, 51.06885 ], [ -115.795154, 51.073642 ], [ -115.816888, 51.079704 ], [ -115.841598, 51.080246 ], [ -115.876682, 51.085147 ], [ -115.921464, 51.08846 ], [ -115.94252, 51.09873 ], [ -115.97139, 51.117216 ], [ -116.000009, 51.128678 ], [ -116.010053, 51.138147 ], [ -116.024802, 51.166314 ], [ -116.023163, 51.175838 ], [ -116.008161, 51.199342 ], [ -116.00932, 51.210034 ], [ -116.015001, 51.217314 ], [ -116.045742, 51.230663 ], [ -116.071539, 51.244755 ], [ -116.11804, 51.257076 ], [ -116.140701, 51.26506 ], [ -116.150556, 51.271295 ], [ -116.16228, 51.286803 ], [ -116.170285, 51.292169 ], [ -116.189147, 51.296354 ], [ -116.213858, 51.296857 ], [ -116.22813, 51.299336 ], [ -116.252961, 51.307431 ], [ -116.268239, 51.316676 ], [ -116.282697, 51.334387 ], [ -116.288659, 51.357798 ], [ -116.301152, 51.378421 ], [ -116.300847, 51.387046 ], [ -116.289979, 51.415053 ], [ -116.289479, 51.442015 ], [ -116.294296, 51.453818 ], [ -116.304547, 51.459765 ], [ -116.348824, 51.471148 ], [ -116.366421, 51.47991 ], [ -116.380023, 51.491235 ], [ -116.388707, 51.503407 ], [ -116.39187, 51.513353 ], [ -116.392583, 51.532057 ], [ -116.399284, 51.541994 ], [ -116.411629, 51.548875 ], [ -116.447308, 51.561886 ], [ -116.45878, 51.568289 ], [ -116.468296, 51.579954 ], [ -116.47682, 51.601336 ], [ -116.497266, 51.618719 ], [ -116.506983, 51.624141 ], [ -116.549124, 51.640443 ], [ -117.750624, 52.325518 ], [ -117.719083, 52.353801 ], [ -117.714934, 52.362298 ], [ -117.726626, 52.385408 ], [ -117.740201, 52.39685 ], [ -117.762701, 52.407222 ], [ -117.852377, 52.418451 ], [ -117.869956, 52.422473 ], [ -117.898876, 52.432111 ], [ -117.949983, 52.457352 ], [ -117.965799, 52.468849 ], [ -117.980567, 52.483218 ], [ -117.992184, 52.490726 ], [ -117.998476, 52.490524 ], [ -118.006668, 52.486236 ], [ -118.027648, 52.463838 ], [ -118.046186, 52.451941 ], [ -118.047102, 52.447252 ], [ -118.042264, 52.435394 ], [ -118.042258, 52.427329 ], [ -118.047149, 52.417035 ], [ -118.055961, 52.407817 ], [ -118.068438, 52.405072 ], [ -118.115542, 52.402606 ], [ -118.133285, 52.40038 ], [ -118.169317, 52.387515 ], [ -118.188276, 52.378741 ], [ -118.197632, 52.376302 ], [ -118.206946, 52.376372 ], [ -118.216262, 52.379741 ], [ -118.23667, 52.405725 ], [ -118.243816, 52.438788 ], [ -118.241986, 52.444701 ], [ -118.23716, 52.449868 ], [ -118.209463, 52.469978 ], [ -118.20564, 52.475281 ], [ -118.205821, 52.479314 ], [ -118.211523, 52.484784 ], [ -118.245196, 52.4976 ], [ -118.262981, 52.510156 ], [ -118.277847, 52.528255 ], [ -118.280626, 52.531992 ], [ -118.282637, 52.541414 ], [ -118.281494, 52.556783 ], [ -118.283958, 52.562758 ], [ -118.290729, 52.56795 ], [ -118.3248, 52.583339 ], [ -118.348358, 52.613393 ], [ -118.350581, 52.622885 ], [ -118.345781, 52.634235 ], [ -118.328753, 52.64676 ], [ -118.30413, 52.659858 ], [ -118.297612, 52.668829 ], [ -118.296463, 52.67811 ], [ -118.304944, 52.690701 ], [ -118.33279, 52.712736 ], [ -118.343604, 52.736629 ], [ -118.358031, 52.74534 ], [ -118.398222, 52.763677 ], [ -118.408461, 52.770728 ], [ -118.413434, 52.776618 ], [ -118.416617, 52.785023 ], [ -118.416433, 52.795451 ], [ -118.401629, 52.824127 ], [ -118.398443, 52.841057 ], [ -118.39957, 52.845546 ], [ -118.408296, 52.849215 ], [ -118.434703, 52.854779 ], [ -118.444777, 52.85916 ], [ -118.453403, 52.867244 ], [ -118.459217, 52.881908 ], [ -118.465355, 52.888619 ], [ -118.47717, 52.895885 ], [ -118.49209, 52.900696 ], [ -118.504989, 52.902445 ], [ -118.543238, 52.901778 ], [ -118.556038, 52.898861 ], [ -118.585142, 52.886924 ], [ -118.595904, 52.885253 ], [ -118.606034, 52.887043 ], [ -118.612562, 52.895277 ], [ -118.622419, 52.934641 ], [ -118.629393, 52.942278 ], [ -118.651277, 52.959194 ], [ -118.660399, 52.973077 ], [ -118.660753, 52.982398 ], [ -118.651451, 52.997771 ], [ -118.649875, 53.005727 ], [ -118.659685, 53.028296 ], [ -118.670711, 53.03555 ], [ -118.693958, 53.039278 ], [ -118.722721, 53.049426 ], [ -118.737539, 53.050096 ], [ -118.762155, 53.045209 ], [ -118.766481, 53.046147 ], [ -118.76995, 53.049563 ], [ -118.770066, 53.056477 ], [ -118.765719, 53.069772 ], [ -118.741801, 53.107112 ], [ -118.741419, 53.112326 ], [ -118.745213, 53.118246 ], [ -118.774574, 53.136911 ], [ -118.800738, 53.160605 ], [ -118.83826, 53.181521 ], [ -118.880448, 53.202175 ], [ -118.913812, 53.215217 ], [ -118.940707, 53.229751 ], [ -118.958704, 53.234784 ], [ -118.982763, 53.236515 ], [ -119.003198, 53.232432 ], [ -119.011446, 53.226822 ], [ -119.012497, 53.219636 ], [ -119.005225, 53.207719 ], [ -119.003861, 53.201471 ], [ -119.004733, 53.195255 ], [ -119.017657, 53.166487 ], [ -119.013241, 53.14474 ], [ -119.017005, 53.138552 ], [ -119.023734, 53.133443 ], [ -119.030417, 53.130556 ], [ -119.036643, 53.130451 ], [ -119.042644, 53.132583 ], [ -119.057583, 53.144988 ], [ -119.074251, 53.154275 ], [ -119.087401, 53.159059 ], [ -119.122074, 53.167405 ], [ -119.154145, 53.183309 ], [ -119.222719, 53.188381 ], [ -119.24358, 53.183401 ], [ -119.251954, 53.183908 ], [ -119.275926, 53.223303 ], [ -119.300252, 53.250426 ], [ -119.333499, 53.280514 ], [ -119.340814, 53.295996 ], [ -119.3507, 53.310068 ], [ -119.355323, 53.326767 ], [ -119.361222, 53.336097 ], [ -119.373253, 53.346806 ], [ -119.392682, 53.356923 ], [ -119.412831, 53.360587 ], [ -119.446403, 53.356146 ], [ -119.456711, 53.356369 ], [ -119.515795, 53.365523 ], [ -119.551006, 53.368707 ], [ -119.592848, 53.377216 ], [ -119.600268, 53.37619 ], [ -119.610169, 53.368945 ], [ -119.618525, 53.366638 ], [ -119.645957, 53.366913 ], [ -119.670565, 53.371473 ], [ -119.723559, 53.392939 ], [ -119.745816, 53.41253 ], [ -119.758923, 53.427071 ], [ -119.783664, 53.468367 ], [ -119.791557, 53.4857 ], [ -119.799414, 53.493313 ], [ -119.819032, 53.503476 ], [ -119.834294, 53.50913 ], [ -119.84203, 53.509899 ], [ -119.867004, 53.507417 ], [ -119.87733, 53.50941 ], [ -119.888706, 53.5154 ], [ -119.892746, 53.521791 ], [ -119.89202, 53.528843 ], [ -119.875639, 53.548369 ], [ -119.874071, 53.556892 ], [ -119.878851, 53.565615 ], [ -119.907721, 53.593443 ], [ -119.917176, 53.606274 ], [ -119.915973, 53.610302 ], [ -119.910951, 53.613398 ], [ -119.901688, 53.615422 ], [ -119.890502, 53.615435 ], [ -119.827028, 53.605081 ], [ -119.777684, 53.594815 ], [ -119.762413, 53.594164 ], [ -119.752515, 53.595663 ], [ -119.742444, 53.599553 ], [ -119.731394, 53.606603 ], [ -119.725539, 53.616007 ], [ -119.727652, 53.625083 ], [ -119.743591, 53.657555 ], [ -119.781031, 53.68825 ], [ -119.797146, 53.698157 ], [ -119.808597, 53.700888 ], [ -119.836668, 53.70168 ], [ -119.860592, 53.70898 ], [ -119.889887, 53.712014 ], [ -119.900273, 53.714778 ], [ -119.903423, 53.717353 ], [ -119.904468, 53.722389 ], [ -119.895948, 53.74835 ], [ -119.894512, 53.761011 ], [ -119.899221, 53.772012 ], [ -119.910151, 53.775763 ], [ -119.950343, 53.78131 ], [ -119.970729, 53.788361 ], [ -119.979327, 53.792781 ], [ -119.990214, 53.801011 ], [ -120.001318, 53.801093 ], [ -120.020478, 53.805031 ], [ -120.039111, 53.811437 ], [ -120.050815, 53.821616 ], [ -120.051106, 53.834797 ], [ -120.034003, 53.844675 ], [ -120.022797, 53.856045 ], [ -120.02635, 53.870165 ], [ -120.041212, 53.880363 ], [ -120.058302, 53.889922 ], [ -120.064368, 53.902854 ], [ -120.064674, 53.91685 ], [ -120.059899, 53.930347 ], [ -120.059142, 53.944016 ], [ -120.062579, 53.957687 ], [ -120.071435, 53.97124 ], [ -120.085714, 53.98173 ], [ -120.107319, 53.980512 ], [ -120.12856, 53.972874 ], [ -120.140023, 53.960772 ], [ -120.152999, 53.949661 ], [ -120.17481, 53.944049 ], [ -120.199549, 53.943387 ], [ -120.220117, 53.94825 ], [ -120.254516, 53.979972 ], [ -120.260473, 53.994152 ], [ -120.258116, 54.007979 ], [ -120.251211, 54.021737 ], [ -120.239495, 54.032388 ], [ -120.215507, 54.034943 ], [ -120.195121, 54.041826 ], [ -120.179457, 54.052269 ], [ -120.170115, 54.064592 ], [ -120.172565, 54.078029 ], [ -120.17858, 54.105948 ], [ -120.197685, 54.112193 ], [ -120.221566, 54.114269 ], [ -120.245039, 54.114519 ], [ -120.268133, 54.112591 ], [ -120.291023, 54.108863 ], [ -120.31374, 54.106057 ], [ -120.336107, 54.107652 ], [ -120.358142, 54.11309 ], [ -120.380417, 54.117766 ], [ -120.46312, 54.130684 ], [ -120.484005, 54.133036 ], [ -120.507932, 54.129159 ], [ -120.528377, 54.133596 ], [ -120.546072, 54.143471 ], [ -120.562198, 54.153824 ], [ -120.577275, 54.16493 ], [ -120.586672, 54.176728 ], [ -120.582011, 54.189974 ], [ -120.576025, 54.203677 ], [ -120.573708, 54.217386 ], [ -120.575412, 54.230954 ], [ -120.5813, 54.244302 ], [ -120.601485, 54.285551 ], [ -120.615298, 54.287592 ], [ -120.637936, 54.280978 ], [ -120.660465, 54.283715 ], [ -120.683162, 54.288487 ], [ -120.705161, 54.294096 ], [ -120.723069, 54.303284 ], [ -120.693992, 54.345297 ], [ -120.67018, 54.351344 ], [ -120.666904, 54.36388 ], [ -120.674251, 54.377692 ], [ -120.686696, 54.389604 ], [ -120.703411, 54.399204 ], [ -120.724924, 54.406347 ], [ -120.747066, 54.40684 ], [ -120.769216, 54.397366 ], [ -120.784177, 54.401064 ], [ -120.79498, 54.413743 ], [ -120.802899, 54.428375 ], [ -120.823246, 54.480537 ], [ -120.826804, 54.49419 ], [ -120.85065, 54.48646 ], [ -120.870676, 54.479252 ], [ -120.885066, 54.468715 ], [ -120.89772, 54.457435 ], [ -120.919671, 54.451085 ], [ -120.942173, 54.450852 ], [ -120.96359, 54.457201 ], [ -120.985687, 54.462036 ], [ -121.056512, 54.461971 ], [ -121.077294, 54.456532 ], [ -121.100354, 54.461818 ], [ -121.116275, 54.471141 ], [ -121.12888, 54.51177 ], [ -121.130519, 54.525195 ], [ -121.122734, 54.539388 ], [ -121.133767, 54.547503 ], [ -121.159885, 54.549843 ], [ -121.183583, 54.550163 ], [ -121.206507, 54.547435 ], [ -121.25369, 54.541785 ], [ -121.263803, 54.530867 ], [ -121.269857, 54.517376 ], [ -121.291961, 54.514062 ], [ -121.316183, 54.516134 ], [ -121.33538, 54.524538 ], [ -121.355048, 54.532245 ], [ -121.375664, 54.538727 ], [ -121.398651, 54.542033 ], [ -121.43394, 54.524198 ], [ -121.443784, 54.514215 ], [ -121.4281, 54.503953 ], [ -121.415659, 54.492124 ], [ -121.417228, 54.47804 ], [ -121.425458, 54.465305 ], [ -121.462455, 54.430113 ], [ -121.477111, 54.417419 ], [ -121.49417, 54.413969 ], [ -121.512273, 54.42375 ], [ -121.532379, 54.432282 ], [ -121.55477, 54.438414 ], [ -121.575605, 54.436978 ], [ -121.631363, 54.409921 ], [ -121.647549, 54.399401 ], [ -121.661159, 54.388698 ], [ -121.678114, 54.394104 ], [ -121.696334, 54.405362 ], [ -121.716459, 54.412966 ], [ -121.73975, 54.415838 ], [ -121.761621, 54.420744 ], [ -121.782231, 54.427441 ], [ -121.802519, 54.434408 ], [ -121.82271, 54.441453 ], [ -121.845589, 54.449216 ], [ -121.866231, 54.453353 ], [ -121.875279, 54.442901 ], [ -121.876106, 54.427341 ], [ -121.864643, 54.412448 ], [ -121.865508, 54.404045 ], [ -121.889951, 54.405318 ], [ -121.914702, 54.409822 ], [ -121.934739, 54.417452 ], [ -121.947426, 54.428928 ], [ -121.959154, 54.440564 ], [ -121.980898, 54.446905 ], [ -122.003365, 54.446269 ], [ -122.024903, 54.439268 ], [ -122.048914, 54.438796 ], [ -122.071311, 54.443982 ], [ -122.079569, 54.456337 ], [ -122.100678, 54.47435 ], [ -122.123184, 54.470969 ], [ -122.175606, 54.472643 ], [ -122.194943, 54.475174 ], [ -122.214816, 54.483173 ], [ -122.231886, 54.474295 ], [ -122.245992, 54.462114 ], [ -122.260602, 54.452142 ], [ -122.286932, 54.45398 ], [ -122.303404, 54.450972 ], [ -122.300451, 54.436827 ], [ -122.300859, 54.422545 ], [ -122.316298, 54.412084 ], [ -122.335735, 54.404052 ], [ -122.356864, 54.39785 ], [ -122.379149, 54.389524 ], [ -122.400519, 54.380837 ], [ -122.412958, 54.372467 ], [ -122.39665, 54.365757 ], [ -122.376009, 54.357658 ], [ -122.384634, 54.34417 ], [ -122.407119, 54.341341 ], [ -122.429179, 54.33668 ], [ -122.493923, 54.319699 ], [ -122.512833, 54.311879 ], [ -122.505611, 54.299874 ], [ -122.500476, 54.286123 ], [ -122.512477, 54.274484 ], [ -122.533691, 54.278006 ], [ -122.557309, 54.282446 ], [ -122.603605, 54.27722 ], [ -122.625425, 54.272596 ], [ -122.645111, 54.264817 ], [ -122.656906, 54.252871 ], [ -122.666452, 54.240445 ], [ -122.688568, 54.236575 ], [ -122.711729, 54.239657 ], [ -122.813386, 54.276879 ], [ -122.827533, 54.285145 ], [ -122.784091, 54.334883 ], [ -122.769286, 54.345965 ], [ -122.745166, 54.348003 ], [ -122.725442, 54.354042 ], [ -122.715003, 54.367907 ], [ -122.728539, 54.375003 ], [ -122.754408, 54.378102 ], [ -122.778794, 54.381027 ], [ -122.797559, 54.376098 ], [ -122.81066, 54.363693 ], [ -122.823796, 54.352267 ], [ -122.837548, 54.341106 ], [ -122.853551, 54.330117 ], [ -122.874431, 54.330367 ], [ -122.896598, 54.336941 ], [ -122.915968, 54.344909 ], [ -122.930087, 54.356019 ], [ -122.937274, 54.368928 ], [ -122.937282, 54.382531 ], [ -122.927843, 54.437636 ], [ -122.916692, 54.448946 ], [ -122.899047, 54.458653 ], [ -122.897206, 54.471443 ], [ -122.893597, 54.526479 ], [ -122.89338, 54.540207 ], [ -122.898247, 54.581325 ], [ -122.903052, 54.594525 ], [ -122.921079, 54.620068 ], [ -122.931185, 54.632337 ], [ -122.945736, 54.643248 ], [ -122.962595, 54.653288 ], [ -122.982693, 54.659941 ], [ -123.007274, 54.656116 ], [ -123.021384, 54.646725 ], [ -123.019339, 54.632954 ], [ -123.017338, 54.618555 ], [ -123.025949, 54.605419 ], [ -123.041621, 54.595914 ], [ -123.088304, 54.588744 ], [ -123.111068, 54.587812 ], [ -123.133812, 54.592533 ], [ -123.152373, 54.600738 ], [ -123.169674, 54.610307 ], [ -123.188103, 54.619574 ], [ -123.206888, 54.628564 ], [ -123.226763, 54.634459 ], [ -123.249523, 54.631647 ], [ -123.274388, 54.627458 ], [ -123.288329, 54.633077 ], [ -123.287523, 54.647724 ], [ -123.289204, 54.662674 ], [ -123.295023, 54.675927 ], [ -123.314534, 54.676932 ], [ -123.340224, 54.672935 ], [ -123.36439, 54.67111 ], [ -123.386885, 54.672979 ], [ -123.405918, 54.681334 ], [ -123.424575, 54.690167 ], [ -123.443254, 54.698781 ], [ -123.466257, 54.702804 ], [ -123.489964, 54.704649 ], [ -123.494135, 54.717888 ], [ -123.498981, 54.729249 ], [ -123.522297, 54.726403 ], [ -123.54685, 54.72521 ], [ -123.610693, 54.744221 ], [ -123.628279, 54.753184 ], [ -123.677874, 54.757766 ], [ -123.681655, 54.769489 ], [ -123.680992, 54.784925 ], [ -123.679577, 54.798639 ], [ -123.677318, 54.812306 ], [ -123.674487, 54.825939 ], [ -123.671291, 54.839543 ], [ -123.667704, 54.853117 ], [ -123.663611, 54.866662 ], [ -123.660123, 54.880228 ], [ -123.659264, 54.894014 ], [ -123.661966, 54.907768 ], [ -123.669379, 54.921023 ], [ -123.688263, 54.928384 ], [ -123.710394, 54.934355 ], [ -123.758876, 54.964429 ], [ -123.804499, 54.994001 ], [ -123.816201, 55.003902 ], [ -123.815062, 55.018426 ], [ -123.819591, 55.032946 ], [ -123.830482, 55.043959 ], [ -123.85486, 55.044357 ], [ -123.875882, 55.038001 ], [ -123.892003, 55.02725 ], [ -123.913222, 55.021178 ], [ -123.936776, 55.017987 ], [ -123.960457, 55.018016 ], [ -123.984448, 55.019513 ], [ -124.003165, 55.030046 ], [ -124.022185, 55.031723 ], [ -124.087299, 55.014675 ], [ -124.108667, 55.008884 ], [ -124.128526, 55.001027 ], [ -124.147098, 54.991684 ], [ -124.166551, 54.984853 ], [ -124.191531, 54.98699 ], [ -124.201545, 54.998799 ], [ -124.212207, 55.009699 ], [ -124.234881, 55.01212 ], [ -124.30531, 55.021885 ], [ -124.327249, 55.027836 ], [ -124.349997, 55.033871 ], [ -124.371334, 55.033186 ], [ -124.390846, 55.024172 ], [ -124.412926, 55.017973 ], [ -124.436959, 55.012682 ], [ -124.459711, 55.010168 ], [ -124.476457, 55.016336 ], [ -124.488666, 55.0298 ], [ -124.501451, 55.04236 ], [ -124.51945, 55.048982 ], [ -124.544438, 55.046691 ], [ -124.566218, 55.041099 ], [ -124.586107, 55.033246 ], [ -124.62899, 55.033049 ], [ -124.647386, 55.037633 ], [ -124.671707, 55.032333 ], [ -124.721761, 55.023438 ], [ -124.742459, 55.022681 ], [ -124.747366, 55.034427 ], [ -124.750853, 55.048401 ], [ -124.773333, 55.049444 ], [ -124.799257, 55.049145 ], [ -124.822547, 55.052417 ], [ -124.844935, 55.057548 ], [ -124.866101, 55.064752 ], [ -124.887848, 55.062408 ], [ -124.908744, 55.054502 ], [ -124.927213, 55.044682 ], [ -124.947996, 55.041732 ], [ -124.971493, 55.046733 ], [ -124.993963, 55.052141 ], [ -125.013485, 55.059784 ], [ -125.027314, 55.07098 ], [ -125.041506, 55.082149 ], [ -125.057383, 55.092457 ], [ -125.073941, 55.10241 ], [ -125.09138, 55.111791 ], [ -125.110396, 55.120183 ], [ -125.129954, 55.128183 ], [ -125.149983, 55.135831 ], [ -125.171762, 55.141318 ], [ -125.195143, 55.144716 ], [ -125.267283, 55.153421 ], [ -125.287431, 55.151243 ], [ -125.298666, 55.138031 ], [ -125.320953, 55.134244 ], [ -125.371373, 55.129607 ], [ -125.388479, 55.134361 ], [ -125.432903, 55.164868 ], [ -125.44302, 55.176918 ], [ -125.451598, 55.189909 ], [ -125.469133, 55.199637 ], [ -125.48924, 55.208498 ], [ -125.506746, 55.217724 ], [ -125.513856, 55.22889 ], [ -125.505035, 55.242939 ], [ -125.506491, 55.256987 ], [ -125.517038, 55.269355 ], [ -125.541169, 55.273096 ], [ -125.56244, 55.276672 ], [ -125.556192, 55.289869 ], [ -125.550701, 55.304076 ], [ -125.554229, 55.317081 ], [ -125.569913, 55.327797 ], [ -125.582276, 55.339485 ], [ -125.587665, 55.352993 ], [ -125.590713, 55.366685 ], [ -125.591361, 55.380466 ], [ -125.584257, 55.394341 ], [ -125.588014, 55.405921 ], [ -125.608031, 55.414834 ], [ -125.629417, 55.422162 ], [ -125.652344, 55.424825 ], [ -125.675307, 55.420354 ], [ -125.699119, 55.416346 ], [ -125.725206, 55.413798 ], [ -125.741597, 55.419342 ], [ -125.746752, 55.433976 ], [ -125.759079, 55.445673 ], [ -125.777111, 55.455134 ], [ -125.7948, 55.465116 ], [ -125.806586, 55.476473 ], [ -125.807469, 55.490343 ], [ -125.803208, 55.504285 ], [ -125.796268, 55.517622 ], [ -125.8104, 55.527443 ], [ -125.830278, 55.536739 ], [ -125.851299, 55.54754 ], [ -125.866501, 55.557739 ], [ -125.858072, 55.564323 ], [ -125.829401, 55.568484 ], [ -125.823216, 55.580654 ], [ -125.83175, 55.594173 ], [ -125.854823, 55.598587 ], [ -125.874579, 55.605995 ], [ -125.932936, 55.629781 ], [ -125.951284, 55.638703 ], [ -125.957212, 55.651433 ], [ -125.956507, 55.665791 ], [ -125.95333, 55.67947 ], [ -125.94569, 55.692493 ], [ -125.932172, 55.704082 ], [ -125.929369, 55.71766 ], [ -125.931518, 55.731504 ], [ -125.939348, 55.744513 ], [ -125.950121, 55.757504 ], [ -125.963113, 55.769657 ], [ -125.984735, 55.767963 ], [ -126.009507, 55.761369 ], [ -126.027695, 55.765218 ], [ -126.039935, 55.778765 ], [ -126.054076, 55.790367 ], [ -126.070568, 55.800294 ], [ -126.093358, 55.805168 ], [ -126.115931, 55.810769 ], [ -126.135539, 55.819937 ], [ -126.137766, 55.832277 ], [ -126.131101, 55.846367 ], [ -126.128322, 55.860731 ], [ -126.145865, 55.868311 ], [ -126.169313, 55.874182 ], [ -126.191861, 55.881345 ], [ -126.210584, 55.889627 ], [ -126.221638, 55.942855 ], [ -126.221625, 55.956628 ], [ -126.251247, 56.030609 ], [ -126.259885, 56.043546 ], [ -126.272685, 56.055212 ], [ -126.299789, 56.078818 ], [ -126.317672, 56.086968 ], [ -126.342585, 56.089434 ], [ -126.365012, 56.09479 ], [ -126.384596, 56.103332 ], [ -126.402497, 56.114248 ], [ -126.420062, 56.116601 ], [ -126.439646, 56.106484 ], [ -126.463863, 56.106549 ], [ -126.488022, 56.110574 ], [ -126.509759, 56.117422 ], [ -126.526792, 56.127197 ], [ -126.539307, 56.139431 ], [ -126.559024, 56.148437 ], [ -126.582662, 56.151842 ], [ -126.600369, 56.144163 ], [ -126.623204, 56.127634 ], [ -126.655361, 56.145088 ], [ -126.672535, 56.154954 ], [ -126.687778, 56.165664 ], [ -126.768136, 56.236045 ], [ -126.778677, 56.247177 ], [ -126.7672, 56.259608 ], [ -126.747687, 56.268281 ], [ -126.723604, 56.272658 ], [ -126.655306, 56.285916 ], [ -126.635087, 56.293808 ], [ -126.59122, 56.30667 ], [ -126.567879, 56.311144 ], [ -126.543302, 56.313387 ], [ -126.518531, 56.312567 ], [ -126.495176, 56.308203 ], [ -126.473534, 56.301315 ], [ -126.451653, 56.293873 ], [ -126.429778, 56.28624 ], [ -126.407939, 56.282288 ], [ -126.384727, 56.287275 ], [ -126.366759, 56.29716 ], [ -126.358638, 56.310517 ], [ -126.344555, 56.322917 ], [ -126.325427, 56.330166 ], [ -126.308434, 56.321219 ], [ -126.289336, 56.310545 ], [ -126.266369, 56.303639 ], [ -126.250374, 56.311265 ], [ -126.239584, 56.325259 ], [ -126.20333, 56.343449 ], [ -126.177254, 56.343969 ], [ -126.153796, 56.34861 ], [ -126.147451, 56.360773 ], [ -126.146899, 56.375312 ], [ -126.144801, 56.389055 ], [ -126.130636, 56.400127 ], [ -126.115116, 56.410966 ], [ -126.106369, 56.425055 ], [ -126.103399, 56.439039 ], [ -126.116608, 56.446912 ], [ -126.143823, 56.450465 ], [ -126.217876, 56.482027 ], [ -126.205202, 56.495269 ], [ -126.186615, 56.504677 ], [ -126.16267, 56.509148 ], [ -126.140749, 56.515116 ], [ -126.121285, 56.525578 ], [ -126.110852, 56.537007 ], [ -126.110144, 56.571815 ], [ -126.11399, 56.581408 ], [ -126.135269, 56.58932 ], [ -126.158533, 56.597598 ], [ -126.171415, 56.608689 ], [ -126.175594, 56.622786 ], [ -126.185908, 56.635606 ], [ -126.20245, 56.645467 ], [ -126.290156, 56.671732 ], [ -126.313617, 56.676278 ], [ -126.33852, 56.678226 ], [ -126.363969, 56.679146 ], [ -126.38937, 56.678693 ], [ -126.40782, 56.669927 ], [ -126.424684, 56.660941 ], [ -126.450489, 56.664491 ], [ -126.466235, 56.674494 ], [ -126.476434, 56.687096 ], [ -126.484575, 56.700674 ], [ -126.490862, 56.714439 ], [ -126.493714, 56.728469 ], [ -126.51487, 56.732255 ], [ -126.540972, 56.734259 ], [ -126.561203, 56.742706 ], [ -126.573848, 56.75443 ], [ -126.585561, 56.766827 ], [ -126.600569, 56.779185 ], [ -126.620699, 56.783206 ], [ -126.64578, 56.778727 ], [ -126.669971, 56.773578 ], [ -126.693207, 56.767968 ], [ -126.717539, 56.767226 ], [ -126.742655, 56.769959 ], [ -126.769241, 56.767624 ], [ -126.790477, 56.761223 ], [ -126.786531, 56.748797 ], [ -126.781063, 56.734777 ], [ -126.793717, 56.72239 ], [ -126.816146, 56.715906 ], [ -126.834661, 56.710392 ], [ -126.829431, 56.696159 ], [ -126.816922, 56.6818 ], [ -126.810707, 56.671597 ], [ -126.834427, 56.672538 ], [ -126.860911, 56.67768 ], [ -126.881785, 56.686474 ], [ -126.904381, 56.688448 ], [ -126.928552, 56.682795 ], [ -127.009973, 56.652355 ], [ -127.095654, 56.621106 ], [ -127.107902, 56.628027 ], [ -127.146915, 56.664606 ], [ -127.196908, 56.711404 ], [ -127.209726, 56.723824 ], [ -127.227161, 56.734502 ], [ -127.32056, 56.732656 ], [ -127.338452, 56.730482 ], [ -127.349518, 56.71661 ], [ -127.360934, 56.704083 ], [ -127.374372, 56.692381 ], [ -127.393842, 56.683383 ], [ -127.412713, 56.691013 ], [ -127.433069, 56.699995 ], [ -127.477373, 56.714299 ], [ -127.499981, 56.716194 ], [ -127.523142, 56.707707 ], [ -127.536281, 56.71479 ], [ -127.540004, 56.72978 ], [ -127.539029, 56.743691 ], [ -127.520176, 56.751616 ], [ -127.501116, 56.760076 ], [ -127.498367, 56.774591 ], [ -127.514046, 56.784019 ], [ -127.535947, 56.791897 ], [ -127.556453, 56.800478 ], [ -127.608231, 56.84451 ], [ -127.581868, 56.850265 ], [ -127.564209, 56.859169 ], [ -127.569023, 56.872683 ], [ -127.582971, 56.884849 ], [ -127.605347, 56.89418 ], [ -127.605362, 56.903955 ], [ -127.580622, 56.910587 ], [ -127.552976, 56.904149 ], [ -127.537276, 56.905749 ], [ -127.534985, 56.91988 ], [ -127.539951, 56.935325 ], [ -127.559412, 56.94319 ], [ -127.575485, 56.95165 ], [ -127.572255, 56.966078 ], [ -127.574805, 56.980133 ], [ -127.587023, 56.992503 ], [ -127.607454, 56.999977 ], [ -127.629238, 56.993598 ], [ -127.652583, 56.988111 ], [ -127.731949, 56.992018 ], [ -127.731925, 56.99984 ], [ -127.708382, 57.027235 ], [ -127.685744, 57.020637 ], [ -127.668624, 57.028905 ], [ -127.662087, 57.042759 ], [ -127.678289, 57.053936 ], [ -127.699052, 57.064294 ], [ -127.69425, 57.071782 ], [ -127.670888, 57.077063 ], [ -127.685841, 57.087605 ], [ -127.705971, 57.098131 ], [ -127.725949, 57.107296 ], [ -127.734717, 57.119406 ], [ -127.733558, 57.133727 ], [ -127.724748, 57.146726 ], [ -127.706193, 57.155769 ], [ -127.682787, 57.161654 ], [ -127.662076, 57.169556 ], [ -127.643013, 57.178737 ], [ -127.610786, 57.16451 ], [ -127.589806, 57.157136 ], [ -127.568177, 57.156977 ], [ -127.54603, 57.16602 ], [ -127.526837, 57.175298 ], [ -127.488786, 57.194012 ], [ -127.474676, 57.205718 ], [ -127.468333, 57.219654 ], [ -127.48243, 57.22865 ], [ -127.507055, 57.235639 ], [ -127.528195, 57.244835 ], [ -127.542243, 57.255523 ], [ -127.5369, 57.268272 ], [ -127.510712, 57.308037 ], [ -127.500374, 57.320655 ], [ -127.488582, 57.332953 ], [ -127.474357, 57.345004 ], [ -127.46101, 57.357034 ], [ -127.45349, 57.369364 ], [ -127.466301, 57.383418 ], [ -127.460608, 57.392298 ], [ -127.433355, 57.395879 ], [ -127.409002, 57.401442 ], [ -127.387372, 57.408965 ], [ -127.309777, 57.435911 ], [ -127.301221, 57.450026 ], [ -127.300272, 57.495075 ], [ -127.323644, 57.503976 ], [ -127.329962, 57.51619 ], [ -127.325096, 57.573685 ], [ -127.312323, 57.581179 ], [ -127.285181, 57.580182 ], [ -127.258776, 57.581448 ], [ -127.236629, 57.588585 ], [ -127.213811, 57.59627 ], [ -127.190213, 57.603416 ], [ -127.173, 57.597718 ], [ -127.14622, 57.57201 ], [ -127.140034, 57.559133 ], [ -127.144938, 57.545055 ], [ -127.13609, 57.53232 ], [ -127.1161, 57.523988 ], [ -127.037454, 57.519431 ], [ -127.017217, 57.524576 ], [ -127.003194, 57.537302 ], [ -126.979539, 57.538918 ], [ -126.953154, 57.538989 ], [ -126.927685, 57.541257 ], [ -126.906801, 57.548906 ], [ -126.887453, 57.558209 ], [ -126.862568, 57.559667 ], [ -126.836705, 57.560349 ], [ -126.812523, 57.565671 ], [ -126.791858, 57.574238 ], [ -126.779485, 57.586427 ], [ -126.790349, 57.598354 ], [ -126.81022, 57.608134 ], [ -126.834525, 57.612685 ], [ -126.858857, 57.617783 ], [ -126.883279, 57.626265 ], [ -126.884465, 57.63714 ], [ -126.87056, 57.649138 ], [ -126.854348, 57.661567 ], [ -126.846386, 57.674034 ], [ -126.858197, 57.687257 ], [ -126.879469, 57.693857 ], [ -126.905578, 57.697069 ], [ -126.929004, 57.70385 ], [ -126.943403, 57.714385 ], [ -126.972278, 57.75245 ], [ -126.971751, 57.766082 ], [ -126.963566, 57.77995 ], [ -126.947135, 57.789115 ], [ -126.920762, 57.793174 ], [ -126.892685, 57.795435 ], [ -126.868955, 57.798676 ], [ -126.868444, 57.810512 ], [ -126.87805, 57.865502 ], [ -126.8909, 57.877953 ], [ -126.909997, 57.886771 ], [ -126.935487, 57.890861 ], [ -126.965622, 57.869974 ], [ -126.980619, 57.858744 ], [ -126.99177, 57.846331 ], [ -127.002602, 57.83382 ], [ -127.018865, 57.822781 ], [ -127.04073, 57.816134 ], [ -127.090481, 57.807119 ], [ -127.115123, 57.803597 ], [ -127.140539, 57.805433 ], [ -127.191855, 57.810433 ], [ -127.217168, 57.813546 ], [ -127.243569, 57.818227 ], [ -127.278733, 57.845926 ], [ -127.288723, 57.854343 ], [ -127.28178, 57.867779 ], [ -127.272674, 57.882153 ], [ -127.261168, 57.924184 ], [ -127.269821, 57.935341 ], [ -127.294678, 57.942404 ], [ -127.318048, 57.939387 ], [ -127.339106, 57.930307 ], [ -127.3576, 57.920583 ], [ -127.380016, 57.913591 ], [ -127.403926, 57.908112 ], [ -127.428877, 57.904107 ], [ -127.455613, 57.902857 ], [ -127.47844, 57.907879 ], [ -127.495698, 57.919113 ], [ -127.498424, 57.932384 ], [ -127.494654, 57.945593 ], [ -127.517219, 57.951395 ], [ -127.541767, 57.957758 ], [ -127.564015, 57.96658 ], [ -127.581017, 57.976646 ], [ -127.583184, 57.990009 ], [ -127.570184, 58.002331 ], [ -127.544381, 58.004417 ], [ -127.519906, 58.008506 ], [ -127.503222, 58.019323 ], [ -127.490242, 58.031505 ], [ -127.480854, 58.04444 ], [ -127.473002, 58.057688 ], [ -127.465821, 58.070983 ], [ -127.451429, 58.082442 ], [ -127.431462, 58.092015 ], [ -127.406451, 58.09989 ], [ -127.40839, 58.108796 ], [ -127.452262, 58.127837 ], [ -127.473699, 58.135339 ], [ -127.499852, 58.136888 ], [ -127.524616, 58.141093 ], [ -127.547985, 58.147428 ], [ -127.568383, 58.156989 ], [ -127.591474, 58.15816 ], [ -127.617186, 58.153186 ], [ -127.643893, 58.153897 ], [ -127.6663, 58.160026 ], [ -127.677815, 58.172841 ], [ -127.680875, 58.186762 ], [ -127.669488, 58.19904 ], [ -127.653303, 58.209365 ], [ -127.676217, 58.249003 ], [ -127.695698, 58.258652 ], [ -127.715459, 58.267163 ], [ -127.710317, 58.279777 ], [ -127.693957, 58.292112 ], [ -127.671483, 58.299089 ], [ -127.644977, 58.301343 ], [ -127.617005, 58.299812 ], [ -127.604816, 58.306795 ], [ -127.626337, 58.346012 ], [ -127.643709, 58.352775 ], [ -127.692473, 58.367379 ], [ -127.707123, 58.361997 ], [ -127.719479, 58.348165 ], [ -127.74624, 58.347283 ], [ -127.766581, 58.354994 ], [ -127.776325, 58.367697 ], [ -127.784438, 58.381662 ], [ -127.795134, 58.394837 ], [ -127.81116, 58.405034 ], [ -127.837814, 58.407995 ], [ -127.862219, 58.401999 ], [ -127.88411, 58.400202 ], [ -127.90402, 58.410049 ], [ -127.925754, 58.418338 ], [ -127.94979, 58.424118 ], [ -127.974901, 58.428237 ], [ -128.000618, 58.431398 ], [ -128.026545, 58.434098 ], [ -128.052913, 58.434508 ], [ -128.079147, 58.432994 ], [ -128.103635, 58.427642 ], [ -128.12852, 58.424123 ], [ -128.154946, 58.425916 ], [ -128.181112, 58.425361 ], [ -128.207028, 58.422749 ], [ -128.232723, 58.41943 ], [ -128.258696, 58.416001 ], [ -128.282161, 58.410138 ], [ -128.30247, 58.399661 ], [ -128.30407, 58.387985 ], [ -128.288175, 58.375682 ], [ -128.273577, 58.363323 ], [ -128.265024, 58.350904 ], [ -128.274275, 58.338218 ], [ -128.290388, 58.326618 ], [ -128.312619, 58.317682 ], [ -128.323978, 58.307047 ], [ -128.307677, 58.251837 ], [ -128.299004, 58.238532 ], [ -128.286749, 58.225767 ], [ -128.295155, 58.214168 ], [ -128.311902, 58.202975 ], [ -128.331249, 58.192651 ], [ -128.351711, 58.184137 ], [ -128.418715, 58.16486 ], [ -128.460722, 58.167703 ], [ -128.48066, 58.161929 ], [ -128.499763, 58.15019 ], [ -128.513604, 58.135672 ], [ -128.528138, 58.13533 ], [ -128.579261, 58.169825 ], [ -128.585015, 58.182929 ], [ -128.58829, 58.196815 ], [ -128.597847, 58.209859 ], [ -128.643252, 58.255871 ], [ -128.661316, 58.265653 ], [ -128.686231, 58.270673 ], [ -128.711046, 58.266537 ], [ -128.734223, 58.259357 ], [ -128.755925, 58.251489 ], [ -128.781529, 58.247021 ], [ -128.807228, 58.246779 ], [ -128.827118, 58.255966 ], [ -128.848401, 58.263404 ], [ -128.87639, 58.261716 ], [ -128.88978, 58.251273 ], [ -128.892419, 58.236577 ], [ -128.880477, 58.222505 ], [ -128.87564, 58.211607 ], [ -128.901393, 58.208287 ], [ -128.929207, 58.209021 ], [ -128.954517, 58.213207 ], [ -128.976137, 58.220753 ], [ -128.996392, 58.229725 ], [ -129.016633, 58.238673 ], [ -129.040637, 58.24442 ], [ -129.06646, 58.246968 ], [ -129.090272, 58.241039 ], [ -129.114899, 58.239809 ], [ -129.140331, 58.244468 ], [ -129.164378, 58.250178 ], [ -129.186487, 58.257613 ], [ -129.203706, 58.268208 ], [ -129.221789, 58.278004 ], [ -129.245466, 58.283509 ], [ -129.270892, 58.287699 ], [ -129.295168, 58.293042 ], [ -129.317929, 58.299994 ], [ -129.338188, 58.309234 ], [ -129.358302, 58.317859 ], [ -129.384314, 58.319693 ], [ -129.410195, 58.316521 ], [ -129.431171, 58.308222 ], [ -129.448117, 58.297387 ], [ -129.45925, 58.284773 ], [ -129.472652, 58.272976 ], [ -129.490867, 58.262913 ], [ -129.511526, 58.253711 ], [ -129.534338, 58.245857 ], [ -129.557498, 58.24742 ], [ -129.581048, 58.254731 ], [ -129.603125, 58.263238 ], [ -129.623712, 58.273331 ], [ -129.623093, 58.284717 ], [ -129.60748, 58.311399 ], [ -129.596706, 58.323641 ], [ -129.580272, 58.334689 ], [ -129.560585, 58.34409 ], [ -129.545361, 58.354779 ], [ -129.538049, 58.368166 ], [ -129.530955, 58.381659 ], [ -129.524185, 58.395115 ], [ -129.527488, 58.408478 ], [ -129.536024, 58.4218 ], [ -129.55784, 58.429825 ], [ -129.57568, 58.439789 ], [ -129.586577, 58.453305 ], [ -129.609646, 58.458691 ], [ -129.635945, 58.455642 ], [ -129.637542, 58.443536 ], [ -129.633369, 58.428259 ], [ -129.632754, 58.413269 ], [ -129.641166, 58.40185 ], [ -129.666497, 58.39787 ], [ -129.719267, 58.391899 ], [ -129.74542, 58.391221 ], [ -129.798962, 58.393349 ], [ -129.821636, 58.398713 ], [ -129.836894, 58.411077 ], [ -129.858392, 58.416934 ], [ -129.884417, 58.41796 ], [ -129.911684, 58.417811 ], [ -129.938313, 58.418811 ], [ -129.963405, 58.422942 ], [ -130.067242, 58.441066 ], [ -130.079844, 58.453486 ], [ -130.101856, 58.46092 ], [ -130.128108, 58.463582 ], [ -130.153887, 58.466575 ], [ -130.178153, 58.472405 ], [ -130.198748, 58.480928 ], [ -130.216308, 58.492406 ], [ -130.220585, 58.505136 ], [ -130.208449, 58.519851 ], [ -130.198235, 58.532662 ], [ -130.210766, 58.537662 ], [ -130.242395, 58.535262 ], [ -130.26906, 58.53302 ], [ -130.29501, 58.530275 ], [ -130.321705, 58.527862 ], [ -130.347691, 58.527524 ], [ -130.37023, 58.536226 ], [ -130.391856, 58.538786 ], [ -130.413411, 58.529039 ], [ -130.423658, 58.516696 ], [ -130.428218, 58.502685 ], [ -130.434687, 58.488162 ], [ -130.441363, 58.47334 ], [ -130.452047, 58.46278 ], [ -130.474734, 58.463656 ], [ -130.500568, 58.471819 ], [ -130.518769, 58.481779 ], [ -130.535403, 58.492954 ], [ -130.548599, 58.504792 ], [ -130.555661, 58.550896 ], [ -130.549088, 58.564015 ], [ -130.527055, 58.57378 ], [ -130.523661, 58.585873 ], [ -130.532184, 58.600022 ], [ -130.546534, 58.611809 ], [ -130.574071, 58.615624 ], [ -130.59594, 58.619572 ], [ -130.588428, 58.631928 ], [ -130.569863, 58.660404 ], [ -130.54936, 58.664705 ], [ -130.520707, 58.663686 ], [ -130.494427, 58.670223 ], [ -130.482897, 58.680084 ], [ -130.500908, 58.690541 ], [ -130.522006, 58.701396 ], [ -130.542249, 58.709044 ], [ -130.560312, 58.700034 ], [ -130.580586, 58.689617 ], [ -130.608329, 58.68289 ], [ -130.623291, 58.687383 ], [ -130.624553, 58.702941 ], [ -130.631474, 58.717115 ], [ -130.656204, 58.721414 ], [ -130.681065, 58.725243 ], [ -130.691878, 58.737363 ], [ -130.696237, 58.751813 ], [ -130.693452, 58.765907 ], [ -130.692989, 58.779375 ], [ -130.710328, 58.789925 ], [ -130.724243, 58.801571 ], [ -130.728119, 58.816025 ], [ -130.717588, 58.827141 ], [ -130.694222, 58.835331 ], [ -130.678337, 58.846638 ], [ -130.667155, 58.859199 ], [ -130.666684, 58.872952 ], [ -130.666761, 58.886779 ], [ -130.631668, 58.952613 ], [ -130.611995, 58.963197 ], [ -130.588161, 58.968405 ], [ -130.570635, 58.958788 ], [ -130.549707, 58.950193 ], [ -130.521821, 58.95034 ], [ -130.490792, 58.951689 ], [ -130.476673, 58.95732 ], [ -130.467377, 58.991678 ], [ -130.469207, 59.003951 ], [ -130.48015, 59.017468 ], [ -130.484895, 59.031481 ], [ -130.482678, 59.044828 ], [ -130.467623, 59.0565 ], [ -130.445879, 59.066286 ], [ -130.425826, 59.075003 ], [ -130.439645, 59.084879 ], [ -130.45938, 59.09574 ], [ -130.454168, 59.108736 ], [ -130.443207, 59.122141 ], [ -130.431741, 59.134662 ], [ -130.409989, 59.142724 ], [ -130.388746, 59.151155 ], [ -130.373349, 59.163179 ], [ -130.370365, 59.176264 ], [ -130.378703, 59.189935 ], [ -130.392476, 59.201742 ], [ -130.410868, 59.212071 ], [ -130.430782, 59.221445 ], [ -130.452856, 59.229531 ], [ -130.472905, 59.238589 ], [ -130.487587, 59.259667 ], [ -130.445145, 59.273704 ], [ -130.428694, 59.284555 ], [ -130.420518, 59.297808 ], [ -130.424649, 59.3116 ], [ -130.424313, 59.326181 ], [ -130.399991, 59.369771 ], [ -130.374037, 59.37656 ], [ -130.353422, 59.381045 ], [ -130.355271, 59.395546 ], [ -130.394389, 59.445429 ], [ -130.406156, 59.457713 ], [ -130.421911, 59.469316 ], [ -130.432947, 59.481881 ], [ -130.434006, 59.496084 ], [ -130.413442, 59.529062 ], [ -130.397575, 59.555164 ], [ -130.406476, 59.565545 ], [ -130.432248, 59.573436 ], [ -130.45832, 59.579358 ], [ -130.484218, 59.58008 ], [ -130.50557, 59.570729 ], [ -130.528572, 59.564659 ], [ -130.555833, 59.567646 ], [ -130.582375, 59.571677 ], [ -130.608497, 59.57599 ], [ -130.633373, 59.581552 ], [ -130.659496, 59.589355 ], [ -130.670792, 59.599324 ], [ -130.656594, 59.611801 ], [ -130.63959, 59.623729 ], [ -130.622842, 59.635049 ], [ -130.62042, 59.687305 ], [ -130.630055, 59.700456 ], [ -130.636878, 59.713995 ], [ -130.640925, 59.727887 ], [ -130.63923, 59.741322 ], [ -130.626785, 59.753843 ], [ -130.626019, 59.767855 ], [ -130.633052, 59.781157 ], [ -130.644991, 59.793921 ], [ -130.660197, 59.805631 ], [ -130.681124, 59.813872 ], [ -130.70722, 59.819218 ], [ -130.724361, 59.830752 ], [ -130.726427, 59.84345 ], [ -130.710083, 59.867095 ], [ -130.684364, 59.897706 ], [ -130.658896, 59.936308 ], [ -130.679359, 59.939267 ], [ -130.709152, 59.940127 ], [ -130.740309, 59.940717 ], [ -130.768427, 59.941633 ], [ -130.794147, 59.94551 ], [ -130.865097, 59.967202 ], [ -130.904125, 60.000001 ], [ -130.907382, 60.002734 ], [ -130.919843, 60.014905 ], [ -130.946216, 60.054831 ], [ -130.945304, 60.067924 ], [ -130.933659, 60.08085 ], [ -130.924887, 60.094235 ], [ -130.919036, 60.108073 ], [ -130.923154, 60.121241 ], [ -130.938019, 60.133472 ], [ -130.958198, 60.142671 ], [ -130.982481, 60.149839 ], [ -131.006768, 60.156653 ], [ -131.031273, 60.163219 ], [ -131.05416, 60.171112 ], [ -131.075337, 60.180159 ], [ -131.09293, 60.190769 ], [ -131.107815, 60.202572 ], [ -131.121055, 60.214861 ], [ -131.133672, 60.227278 ], [ -131.152159, 60.237782 ], [ -131.175943, 60.245201 ], [ -131.204483, 60.2472 ], [ -131.232555, 60.244798 ], [ -131.246623, 60.234381 ], [ -131.256356, 60.220513 ], [ -131.278899, 60.2132 ], [ -131.306229, 60.208532 ], [ -131.334095, 60.204535 ], [ -131.362459, 60.202424 ], [ -131.38351, 60.208713 ], [ -131.391938, 60.222712 ], [ -131.390185, 60.236509 ], [ -131.387178, 60.250506 ], [ -131.384987, 60.264471 ], [ -131.385031, 60.278273 ], [ -131.392388, 60.291423 ], [ -131.404017, 60.30421 ], [ -131.415933, 60.31721 ], [ -131.42498, 60.330211 ], [ -131.419559, 60.343273 ], [ -131.405243, 60.355827 ], [ -131.38763, 60.366506 ], [ -131.366282, 60.375687 ], [ -131.341934, 60.382761 ], [ -131.317704, 60.389634 ], [ -131.297887, 60.401393 ], [ -131.290959, 60.413475 ], [ -131.312113, 60.420484 ], [ -131.340929, 60.426565 ], [ -131.365561, 60.433457 ], [ -131.387965, 60.441602 ], [ -131.458687, 60.484628 ], [ -131.476224, 60.497135 ], [ -131.471689, 60.508343 ], [ -131.448829, 60.518113 ], [ -131.423957, 60.525355 ], [ -131.396674, 60.529926 ], [ -131.370036, 60.528711 ], [ -131.237523, 60.504272 ], [ -131.211681, 60.498517 ], [ -131.186205, 60.492385 ], [ -131.159236, 60.491408 ], [ -131.131156, 60.494248 ], [ -131.103208, 60.496216 ], [ -131.075254, 60.497707 ], [ -131.047255, 60.497668 ], [ -131.019218, 60.496434 ], [ -130.991162, 60.495261 ], [ -130.963104, 60.494196 ], [ -130.934786, 60.494657 ], [ -130.906618, 60.496775 ], [ -130.881076, 60.503263 ], [ -130.860104, 60.513644 ], [ -130.860544, 60.525524 ], [ -130.877246, 60.538346 ], [ -130.898234, 60.547314 ], [ -130.924225, 60.553401 ], [ -130.949726, 60.559374 ], [ -130.975479, 60.564988 ], [ -131.001206, 60.570633 ], [ -131.026891, 60.576323 ], [ -131.052205, 60.582473 ], [ -131.07693, 60.589182 ], [ -131.099179, 60.597585 ], [ -131.119157, 60.607473 ], [ -131.136552, 60.618325 ], [ -131.151596, 60.630102 ], [ -131.165362, 60.642265 ], [ -131.178391, 60.654626 ], [ -131.19614, 60.665503 ], [ -131.217818, 60.67484 ], [ -131.243233, 60.679306 ], [ -131.272287, 60.679112 ], [ -131.300564, 60.677914 ], [ -131.328508, 60.675668 ], [ -131.356529, 60.673601 ], [ -131.384606, 60.671689 ], [ -131.413076, 60.671583 ], [ -131.44155, 60.673678 ], [ -131.463818, 60.681063 ], [ -131.52195, 60.712991 ], [ -131.525468, 60.725207 ], [ -131.515722, 60.739004 ], [ -131.508064, 60.75315 ], [ -131.502818, 60.76732 ], [ -131.515969, 60.777166 ], [ -131.543789, 60.783438 ], [ -131.570705, 60.788363 ], [ -131.625616, 60.795556 ], [ -131.653052, 60.799079 ], [ -131.680378, 60.802809 ], [ -131.707592, 60.806735 ], [ -131.734519, 60.8111 ], [ -131.76118, 60.815864 ], [ -131.788003, 60.820724 ], [ -131.814994, 60.825658 ], [ -131.837881, 60.833264 ], [ -131.85482, 60.844861 ], [ -131.86241, 60.857901 ], [ -131.862427, 60.87204 ], [ -131.860664, 60.885891 ], [ -131.857029, 60.899666 ], [ -131.852991, 60.913394 ], [ -131.848478, 60.927086 ], [ -131.844168, 60.941018 ], [ -131.839989, 60.955203 ], [ -131.848397, 60.967111 ], [ -131.871257, 60.976425 ], [ -131.892116, 60.986279 ], [ -131.910946, 60.996708 ], [ -131.920862, 61.00935 ], [ -131.924874, 61.023356 ], [ -131.92895, 61.037591 ], [ -131.929531, 61.051571 ], [ -131.914164, 61.061791 ], [ -131.889008, 61.069925 ], [ -131.86914, 61.079919 ], [ -131.851174, 61.090757 ], [ -131.834285, 61.101978 ], [ -131.818994, 61.113721 ], [ -131.806651, 61.126195 ], [ -131.796596, 61.139223 ], [ -131.787729, 61.152403 ], [ -131.780002, 61.165768 ], [ -131.772847, 61.179194 ], [ -131.766144, 61.19268 ], [ -131.759363, 61.206157 ], [ -131.752372, 61.219607 ], [ -131.74453, 61.232952 ], [ -131.735784, 61.246166 ], [ -131.725964, 61.259256 ], [ -131.714399, 61.271964 ], [ -131.698906, 61.283726 ], [ -131.679752, 61.294185 ], [ -131.655444, 61.301243 ], [ -131.628659, 61.30684 ], [ -131.603772, 61.31508 ], [ -131.585672, 61.325415 ], [ -131.587226, 61.33848 ], [ -131.595623, 61.352614 ], [ -131.565885, 61.353289 ], [ -131.538086, 61.351538 ], [ -131.51569, 61.343196 ], [ -131.494213, 61.333389 ], [ -131.471076, 61.324948 ], [ -131.446782, 61.31752 ], [ -131.416766, 61.310902 ], [ -131.393211, 61.310684 ], [ -131.391119, 61.323583 ], [ -131.392641, 61.339245 ], [ -131.393405, 61.354827 ], [ -131.386976, 61.366689 ], [ -131.359857, 61.368572 ], [ -131.329613, 61.364743 ], [ -131.304468, 61.35758 ], [ -131.283166, 61.348187 ], [ -131.267256, 61.336551 ], [ -131.250171, 61.325333 ], [ -131.23012, 61.31526 ], [ -131.207685, 61.306608 ], [ -131.18284, 61.299333 ], [ -131.156003, 61.29397 ], [ -131.126123, 61.289961 ], [ -131.10134, 61.292425 ], [ -131.084721, 61.304557 ], [ -131.07409, 61.317727 ], [ -131.068338, 61.331432 ], [ -131.065282, 61.345814 ], [ -131.061984, 61.35973 ], [ -131.041119, 61.366849 ], [ -130.982125, 61.373755 ], [ -130.953637, 61.375982 ], [ -130.923643, 61.373275 ], [ -130.898538, 61.366259 ], [ -130.898141, 61.354011 ], [ -130.906085, 61.339282 ], [ -130.893103, 61.325911 ], [ -130.870811, 61.317876 ], [ -130.787142, 61.355017 ], [ -130.769066, 61.365966 ], [ -130.755692, 61.378249 ], [ -130.747188, 61.391604 ], [ -130.743461, 61.405402 ], [ -130.749092, 61.420657 ], [ -130.748261, 61.432747 ], [ -130.720267, 61.433984 ], [ -130.688462, 61.437462 ], [ -130.676564, 61.446162 ], [ -130.699709, 61.455139 ], [ -130.721486, 61.465559 ], [ -130.736751, 61.477761 ], [ -130.743497, 61.490873 ], [ -130.7405, 61.504956 ], [ -130.731601, 61.518256 ], [ -130.717348, 61.530787 ], [ -130.696654, 61.539778 ], [ -130.669054, 61.544817 ], [ -130.640847, 61.549029 ], [ -130.612114, 61.552402 ], [ -130.587142, 61.559113 ], [ -130.565761, 61.569702 ], [ -130.558207, 61.582073 ], [ -130.566891, 61.596344 ], [ -130.586308, 61.605645 ], [ -130.614393, 61.611059 ], [ -130.63866, 61.618741 ], [ -130.65976, 61.628394 ], [ -130.680111, 61.638346 ], [ -130.69968, 61.648637 ], [ -130.718924, 61.659065 ], [ -130.737806, 61.669644 ], [ -130.756403, 61.680412 ], [ -130.774528, 61.691408 ], [ -130.787703, 61.703904 ], [ -130.79571, 61.71775 ], [ -130.790175, 61.730507 ], [ -130.772698, 61.742351 ], [ -130.750926, 61.752062 ], [ -130.723592, 61.758201 ], [ -130.697532, 61.754173 ], [ -130.671422, 61.746442 ], [ -130.643067, 61.746583 ], [ -130.614427, 61.751408 ], [ -130.591044, 61.759308 ], [ -130.571688, 61.770109 ], [ -130.554517, 61.781334 ], [ -130.539392, 61.793266 ], [ -130.525406, 61.805462 ], [ -130.512886, 61.818023 ], [ -130.502499, 61.830972 ], [ -130.493779, 61.844237 ], [ -130.485384, 61.857539 ], [ -130.477148, 61.870861 ], [ -130.467789, 61.884348 ], [ -130.456101, 61.897236 ], [ -130.434034, 61.905304 ], [ -130.404844, 61.909684 ], [ -130.375058, 61.912085 ], [ -130.345048, 61.911596 ], [ -130.32304, 61.903431 ], [ -130.305487, 61.891099 ], [ -130.278031, 61.888572 ], [ -130.249255, 61.894488 ], [ -130.246189, 61.906287 ], [ -130.254724, 61.921271 ], [ -130.266818, 61.935373 ], [ -130.276988, 61.94821 ], [ -130.258826, 61.955767 ], [ -130.226023, 61.958878 ], [ -130.197247, 61.957438 ], [ -130.139845, 61.949939 ], [ -130.111743, 61.945771 ], [ -130.084062, 61.940974 ], [ -130.057162, 61.935331 ], [ -130.032473, 61.927261 ], [ -130.00772, 61.920091 ], [ -129.979189, 61.919601 ], [ -129.917821, 61.922205 ], [ -129.890123, 61.924866 ], [ -129.876278, 61.935883 ], [ -129.869435, 61.950481 ], [ -129.863136, 61.964051 ], [ -129.859296, 61.977822 ], [ -129.858524, 61.991665 ], [ -129.859936, 62.00556 ], [ -129.862915, 62.019375 ], [ -129.866618, 62.033159 ], [ -129.867809, 62.047354 ], [ -129.864617, 62.06128 ], [ -129.845927, 62.071308 ], [ -129.817716, 62.076715 ], [ -129.788357, 62.077768 ], [ -129.758275, 62.076706 ], [ -129.729323, 62.074159 ], [ -129.700877, 62.070088 ], [ -129.67298, 62.065268 ], [ -129.645116, 62.06068 ], [ -129.615771, 62.058997 ], [ -129.586017, 62.059584 ], [ -129.556979, 62.062603 ], [ -129.529772, 62.068288 ], [ -129.508008, 62.077345 ], [ -129.489929, 62.088649 ], [ -129.473687, 62.10028 ], [ -129.460117, 62.112652 ], [ -129.450789, 62.125743 ], [ -129.443973, 62.13931 ], [ -129.437764, 62.153512 ], [ -129.429625, 62.166879 ], [ -129.406361, 62.174118 ], [ -129.375109, 62.175433 ], [ -129.349451, 62.169404 ], [ -129.323778, 62.161629 ], [ -129.29549, 62.157797 ], [ -129.26576, 62.154993 ], [ -129.267093, 62.159464 ], [ -129.261782, 62.165767 ], [ -129.220317, 62.189649 ], [ -129.213506, 62.19903 ], [ -129.21318, 62.20546 ], [ -129.217716, 62.211339 ], [ -129.248229, 62.230877 ], [ -129.279695, 62.257118 ], [ -129.290714, 62.267853 ], [ -129.297456, 62.279777 ], [ -129.30276, 62.311463 ], [ -129.300853, 62.317999 ], [ -129.28694, 62.328801 ], [ -129.257929, 62.359281 ], [ -129.250701, 62.364407 ], [ -129.239053, 62.36903 ], [ -129.237474, 62.371704 ], [ -129.245172, 62.376245 ], [ -129.288111, 62.391541 ], [ -129.29646, 62.397756 ], [ -129.29737, 62.404542 ], [ -129.277747, 62.435764 ], [ -129.271935, 62.4407 ], [ -129.255614, 62.447639 ], [ -129.210754, 62.458519 ], [ -129.193187, 62.466543 ], [ -129.190126, 62.473595 ], [ -129.193821, 62.485242 ], [ -129.201585, 62.490413 ], [ -129.250815, 62.512192 ], [ -129.360366, 62.542386 ], [ -129.379556, 62.55153 ], [ -129.39228, 62.559086 ], [ -129.414385, 62.574675 ], [ -129.43558, 62.581937 ], [ -129.45831, 62.583459 ], [ -129.482169, 62.581828 ], [ -129.499018, 62.578146 ], [ -129.522215, 62.572694 ], [ -129.543517, 62.570762 ], [ -129.559455, 62.576317 ], [ -129.570008, 62.584372 ], [ -129.562098, 62.591573 ], [ -129.537633, 62.599381 ], [ -129.519843, 62.607325 ], [ -129.514793, 62.616721 ], [ -129.505924, 62.628175 ], [ -129.512992, 62.6402 ], [ -129.514461, 62.642776 ], [ -129.523554, 62.649282 ], [ -129.530505, 62.666233 ], [ -129.536329, 62.672142 ], [ -129.566826, 62.689036 ], [ -129.599127, 62.700147 ], [ -129.614981, 62.710211 ], [ -129.631762, 62.733391 ], [ -129.644272, 62.763408 ], [ -129.678819, 62.798242 ], [ -129.707256, 62.824739 ], [ -129.743173, 62.839162 ], [ -129.763877, 62.852398 ], [ -129.77533, 62.867036 ], [ -129.775152, 62.877479 ], [ -129.767915, 62.885258 ], [ -129.758643, 62.889326 ], [ -129.734947, 62.894424 ], [ -129.730691, 62.89696 ], [ -129.728975, 62.916925 ], [ -129.724772, 62.924713 ], [ -129.678873, 62.969227 ], [ -129.667798, 62.992783 ], [ -129.652056, 63.01185 ], [ -129.629194, 63.030597 ], [ -129.618126, 63.039664 ], [ -129.615326, 63.050833 ], [ -129.622716, 63.06384 ], [ -129.633383, 63.072489 ], [ -129.645532, 63.075951 ], [ -129.664827, 63.07571 ], [ -129.705029, 63.069493 ], [ -129.730174, 63.069635 ], [ -129.777069, 63.075416 ], [ -129.813569, 63.08601 ], [ -129.844167, 63.091053 ], [ -129.84968, 63.096657 ], [ -129.842706, 63.11897 ], [ -129.84432, 63.124258 ], [ -129.851195, 63.128432 ], [ -129.876563, 63.136932 ], [ -129.897227, 63.150828 ], [ -129.907704, 63.162659 ], [ -129.914828, 63.181826 ], [ -129.929026, 63.191621 ], [ -129.944208, 63.195536 ], [ -129.974166, 63.195912 ], [ -129.990942, 63.201156 ], [ -130.013178, 63.214298 ], [ -130.035142, 63.237186 ], [ -130.056139, 63.245741 ], [ -130.078616, 63.24969 ], [ -130.095246, 63.250781 ], [ -130.134806, 63.24993 ], [ -130.158601, 63.249413 ], [ -130.168981, 63.250666 ], [ -130.174593, 63.253419 ], [ -130.159562, 63.27405 ], [ -130.158833, 63.290038 ], [ -130.154624, 63.298029 ], [ -130.147618, 63.303822 ], [ -130.134279, 63.309957 ], [ -130.066478, 63.331725 ], [ -130.048616, 63.332127 ], [ -130.016317, 63.327294 ], [ -129.998005, 63.326861 ], [ -129.972409, 63.330906 ], [ -129.952219, 63.338752 ], [ -129.939694, 63.348749 ], [ -129.931453, 63.360364 ], [ -129.913062, 63.373286 ], [ -129.909251, 63.379179 ], [ -129.910357, 63.388591 ], [ -129.93075, 63.427612 ], [ -129.928104, 63.435405 ], [ -129.909872, 63.456088 ], [ -129.902378, 63.46167 ], [ -129.893454, 63.463539 ], [ -129.878139, 63.463122 ], [ -129.838058, 63.457744 ], [ -129.83062, 63.459062 ], [ -129.828241, 63.461712 ], [ -129.857033, 63.492425 ], [ -129.901371, 63.528394 ], [ -129.9211, 63.554988 ], [ -129.96497, 63.577181 ], [ -129.967582, 63.583554 ], [ -129.963101, 63.601835 ], [ -129.968775, 63.608775 ], [ -129.982789, 63.613153 ], [ -130.000406, 63.615505 ], [ -130.020784, 63.616252 ], [ -130.061104, 63.614512 ], [ -130.077572, 63.6162 ], [ -130.088877, 63.619543 ], [ -130.097365, 63.624755 ], [ -130.125636, 63.650777 ], [ -130.141996, 63.679811 ], [ -130.151921, 63.685883 ], [ -130.159721, 63.686458 ], [ -130.171223, 63.684805 ], [ -130.240293, 63.665114 ], [ -130.264439, 63.662025 ], [ -130.279655, 63.661936 ], [ -130.29708, 63.665139 ], [ -130.316755, 63.673748 ], [ -130.329366, 63.682378 ], [ -130.343331, 63.696134 ], [ -130.347722, 63.703058 ], [ -130.347154, 63.710582 ], [ -130.338876, 63.71957 ], [ -130.330049, 63.724075 ], [ -130.319683, 63.725619 ], [ -130.28182, 63.72425 ], [ -130.248721, 63.728044 ], [ -130.233808, 63.734315 ], [ -130.214921, 63.749357 ], [ -130.202015, 63.752423 ], [ -130.164142, 63.75597 ], [ -130.152514, 63.759966 ], [ -130.143238, 63.766404 ], [ -130.133088, 63.779205 ], [ -130.130809, 63.791316 ], [ -130.147504, 63.814757 ], [ -130.147977, 63.850187 ], [ -130.152757, 63.858531 ], [ -130.161903, 63.863149 ], [ -130.173559, 63.866061 ], [ -130.226587, 63.87131 ], [ -130.242235, 63.871228 ], [ -130.256535, 63.866945 ], [ -130.277396, 63.847301 ], [ -130.295101, 63.838531 ], [ -130.33142, 63.831535 ], [ -130.352922, 63.831264 ], [ -130.366486, 63.835822 ], [ -130.397025, 63.852565 ], [ -130.427091, 63.86235 ], [ -130.442125, 63.882567 ], [ -130.500348, 63.912229 ], [ -130.544758, 63.924466 ], [ -130.592371, 63.929194 ], [ -130.612116, 63.933024 ], [ -130.657574, 63.947573 ], [ -130.752709, 63.97019 ], [ -130.770265, 63.976983 ], [ -130.778908, 63.983823 ], [ -130.782032, 63.990758 ], [ -130.768023, 64.0197 ], [ -130.765994, 64.023887 ], [ -130.767382, 64.036742 ], [ -130.774147, 64.039749 ], [ -130.787289, 64.041751 ], [ -130.8201, 64.043255 ], [ -130.862377, 64.042725 ], [ -130.878538, 64.045406 ], [ -130.885429, 64.04891 ], [ -130.891193, 64.055403 ], [ -130.898783, 64.080505 ], [ -130.906126, 64.091205 ], [ -130.920823, 64.099791 ], [ -130.956388, 64.109609 ], [ -130.96456, 64.116531 ], [ -130.970214, 64.129353 ], [ -130.966933, 64.135202 ], [ -130.955054, 64.140358 ], [ -130.920004, 64.149797 ], [ -130.908206, 64.155082 ], [ -130.895171, 64.168525 ], [ -130.878729, 64.17761 ], [ -130.876683, 64.18281 ], [ -130.884353, 64.186437 ], [ -130.926409, 64.19608 ], [ -130.938498, 64.201539 ], [ -130.943366, 64.2071 ], [ -130.953819, 64.235178 ], [ -130.978104, 64.252378 ], [ -131.015258, 64.266783 ], [ -131.06299, 64.278286 ], [ -131.061771, 64.303193 ], [ -131.055561, 64.313297 ], [ -131.051157, 64.320456 ], [ -131.052736, 64.326521 ], [ -131.092322, 64.354738 ], [ -131.100855, 64.375282 ], [ -131.140533, 64.402009 ], [ -131.165628, 64.379814 ], [ -131.185052, 64.369209 ], [ -131.211889, 64.361448 ], [ -131.238988, 64.353787 ], [ -131.266012, 64.346102 ], [ -131.288148, 64.336427 ], [ -131.304579, 64.324414 ], [ -131.319588, 64.312089 ], [ -131.333387, 64.299563 ], [ -131.346808, 64.28692 ], [ -131.359598, 64.274068 ], [ -131.37742, 64.262676 ], [ -131.401438, 64.253068 ], [ -131.430111, 64.248157 ], [ -131.526098, 64.243636 ], [ -131.557905, 64.242917 ], [ -131.589831, 64.243094 ], [ -131.621737, 64.243533 ], [ -131.653626, 64.244269 ], [ -131.685735, 64.245693 ], [ -131.71792, 64.247947 ], [ -131.743353, 64.255138 ], [ -131.762785, 64.26665 ], [ -131.777242, 64.279072 ], [ -131.786895, 64.292478 ], [ -131.802177, 64.304959 ], [ -131.82321, 64.316669 ], [ -131.849386, 64.320188 ], [ -131.879677, 64.312553 ], [ -131.894423, 64.300831 ], [ -131.902775, 64.286857 ], [ -131.90963, 64.27324 ], [ -131.91347, 64.25941 ], [ -131.911901, 64.245617 ], [ -131.906479, 64.231817 ], [ -131.905608, 64.217287 ], [ -131.913428, 64.203602 ], [ -131.940387, 64.203664 ], [ -131.974702, 64.207878 ], [ -132.006719, 64.205317 ], [ -132.034618, 64.197585 ], [ -132.041712, 64.185664 ], [ -132.036601, 64.170849 ], [ -132.029373, 64.142463 ], [ -132.042476, 64.131257 ], [ -132.061732, 64.14014 ], [ -132.075644, 64.153424 ], [ -132.086827, 64.166619 ], [ -132.094741, 64.180102 ], [ -132.104234, 64.193442 ], [ -132.115335, 64.20664 ], [ -132.133712, 64.217531 ], [ -132.159348, 64.226114 ], [ -132.18666, 64.233325 ], [ -132.273151, 64.251552 ], [ -132.30359, 64.254962 ], [ -132.335669, 64.255681 ], [ -132.367663, 64.256222 ], [ -132.399595, 64.256554 ], [ -132.431493, 64.257624 ], [ -132.463374, 64.25946 ], [ -132.492963, 64.264091 ], [ -132.520259, 64.271506 ], [ -132.546025, 64.279778 ], [ -132.570437, 64.288832 ], [ -132.597522, 64.295973 ], [ -132.627275, 64.301198 ], [ -132.657479, 64.305787 ], [ -132.688141, 64.309747 ], [ -132.718793, 64.313716 ], [ -132.74944, 64.317684 ], [ -132.780171, 64.321534 ], [ -132.810985, 64.325264 ], [ -132.841836, 64.328945 ], [ -132.872722, 64.332575 ], [ -132.903615, 64.336199 ], [ -132.934516, 64.339818 ], [ -132.965477, 64.343363 ], [ -132.996499, 64.346836 ], [ -133.02688, 64.351165 ], [ -133.056617, 64.356358 ], [ -133.085621, 64.362232 ], [ -133.113911, 64.368773 ], [ -133.142901, 64.374667 ], [ -133.17258, 64.379922 ], [ -133.202383, 64.385048 ], [ -133.232309, 64.390044 ], [ -133.262655, 64.394522 ], [ -133.293421, 64.398477 ], [ -133.324526, 64.401891 ], [ -133.355953, 64.4048 ], [ -133.387984, 64.406855 ], [ -133.420825, 64.40814 ], [ -133.449348, 64.403728 ], [ -133.473251, 64.393266 ], [ -133.501016, 64.388611 ], [ -133.53373, 64.391148 ], [ -133.564041, 64.396247 ], [ -133.592182, 64.40354 ], [ -133.613278, 64.41349 ], [ -133.626524, 64.426399 ], [ -133.635913, 64.439733 ], [ -133.641719, 64.453424 ], [ -133.646772, 64.467153 ], [ -133.651106, 64.480907 ], [ -133.655031, 64.494686 ], [ -133.658469, 64.508496 ], [ -133.663624, 64.522203 ], [ -133.670519, 64.535825 ], [ -133.681333, 64.54905 ], [ -133.696052, 64.562022 ], [ -133.719839, 64.570051 ], [ -133.753475, 64.572472 ], [ -133.783601, 64.56917 ], [ -133.838947, 64.553679 ], [ -133.86634, 64.546013 ], [ -133.887078, 64.535757 ], [ -133.899389, 64.5225 ], [ -133.899118, 64.509072 ], [ -133.890562, 64.495366 ], [ -133.884018, 64.481457 ], [ -133.879561, 64.467491 ], [ -133.888546, 64.454857 ], [ -133.908966, 64.44351 ], [ -133.933304, 64.434612 ], [ -133.989832, 64.421035 ], [ -134.017888, 64.414284 ], [ -134.046395, 64.40791 ], [ -134.075353, 64.401914 ], [ -134.10486, 64.396325 ], [ -134.134953, 64.391213 ], [ -134.166288, 64.38924 ], [ -134.198672, 64.390503 ], [ -134.228888, 64.394687 ], [ -134.318487, 64.410218 ], [ -134.346334, 64.416793 ], [ -134.371692, 64.42543 ], [ -134.397959, 64.433511 ], [ -134.425065, 64.441043 ], [ -134.454769, 64.445987 ], [ -134.486446, 64.448975 ], [ -134.515538, 64.454551 ], [ -134.542511, 64.462237 ], [ -134.568914, 64.470189 ], [ -134.594751, 64.478466 ], [ -134.621037, 64.486487 ], [ -134.647763, 64.494244 ], [ -134.675832, 64.501003 ], [ -134.705178, 64.506787 ], [ -134.735405, 64.511529 ], [ -134.766462, 64.5153 ], [ -134.797882, 64.518625 ], [ -134.829676, 64.521393 ], [ -134.864143, 64.521378 ], [ -134.900101, 64.518516 ], [ -134.899855, 64.512525 ], [ -134.867355, 64.503243 ], [ -134.845314, 64.491591 ], [ -134.833214, 64.478837 ], [ -134.847545, 64.467391 ], [ -134.875984, 64.458543 ], [ -134.907513, 64.457888 ], [ -134.936778, 64.464292 ], [ -134.952292, 64.476166 ], [ -134.965702, 64.489346 ], [ -134.98092, 64.501657 ], [ -134.99855, 64.513192 ], [ -135.020741, 64.523223 ], [ -135.067766, 64.54297 ], [ -135.093743, 64.550382 ], [ -135.125941, 64.552056 ], [ -135.158275, 64.549907 ], [ -135.187241, 64.542884 ], [ -135.216459, 64.538265 ], [ -135.248276, 64.542809 ], [ -135.27857, 64.545302 ], [ -135.304545, 64.537174 ], [ -135.325556, 64.526116 ], [ -135.342027, 64.514143 ], [ -135.358271, 64.502098 ], [ -135.374627, 64.490125 ], [ -135.392313, 64.478447 ], [ -135.41116, 64.466578 ], [ -135.436247, 64.45942 ], [ -135.468837, 64.458146 ], [ -135.50097, 64.455864 ], [ -135.531573, 64.451587 ], [ -135.592619, 64.442859 ], [ -135.622998, 64.438345 ], [ -135.653228, 64.433646 ], [ -135.713579, 64.423842 ], [ -135.741661, 64.417181 ], [ -135.76803, 64.408584 ], [ -135.784813, 64.397396 ], [ -135.787967, 64.382622 ], [ -135.802845, 64.372097 ], [ -135.834089, 64.367404 ], [ -135.864683, 64.361597 ], [ -135.890903, 64.353362 ], [ -135.898357, 64.340517 ], [ -135.896068, 64.325964 ], [ -135.885509, 64.313115 ], [ -135.86899, 64.300924 ], [ -135.85709, 64.286638 ], [ -135.856725, 64.27387 ], [ -135.884895, 64.270057 ], [ -135.920408, 64.27104 ], [ -135.948362, 64.277039 ], [ -135.975562, 64.284983 ], [ -136.004447, 64.290902 ], [ -136.033932, 64.296283 ], [ -136.063716, 64.301313 ], [ -136.12368, 64.31096 ], [ -136.15371, 64.315732 ], [ -136.183795, 64.320444 ], [ -136.213937, 64.325094 ], [ -136.244133, 64.329683 ], [ -136.274385, 64.334209 ], [ -136.304692, 64.338672 ], [ -136.335053, 64.343071 ], [ -136.365418, 64.34748 ], [ -136.426842, 64.356223 ], [ -136.457849, 64.359028 ], [ -136.489177, 64.356836 ], [ -136.519282, 64.351456 ], [ -136.545552, 64.343581 ], [ -136.571613, 64.335441 ], [ -136.600662, 64.329638 ], [ -136.631017, 64.325125 ], [ -136.662282, 64.322184 ], [ -136.693537, 64.319228 ], [ -136.723448, 64.31437 ], [ -136.752967, 64.308966 ], [ -136.800927, 64.299137 ], [ -136.830383, 64.293705 ], [ -136.860391, 64.288812 ], [ -136.891409, 64.285921 ], [ -136.987105, 64.282611 ], [ -137.018983, 64.281717 ], [ -137.050905, 64.281063 ], [ -137.082837, 64.280933 ], [ -137.114811, 64.281339 ], [ -137.1466, 64.282604 ], [ -137.178265, 64.284795 ], [ -137.20906, 64.288434 ], [ -137.238953, 64.293694 ], [ -137.265014, 64.301456 ], [ -137.287438, 64.311521 ], [ -137.307192, 64.32242 ], [ -137.324681, 64.334078 ], [ -137.341962, 64.345783 ], [ -137.358883, 64.357586 ], [ -137.377301, 64.369058 ], [ -137.39713, 64.380604 ], [ -137.422737, 64.387549 ], [ -137.455451, 64.389084 ], [ -137.487503, 64.387491 ], [ -137.517778, 64.382697 ], [ -137.547392, 64.377136 ], [ -137.576235, 64.37105 ], [ -137.605657, 64.365402 ], [ -137.636037, 64.359914 ], [ -137.66714, 64.358675 ], [ -137.700468, 64.362342 ], [ -137.720738, 64.371169 ], [ -137.723904, 64.385923 ], [ -137.736237, 64.397999 ], [ -137.764111, 64.405277 ], [ -137.792094, 64.412657 ], [ -137.8187, 64.420567 ], [ -137.841581, 64.430088 ], [ -137.85971, 64.441644 ], [ -137.880173, 64.452302 ], [ -137.904071, 64.461637 ], [ -137.929565, 64.470088 ], [ -137.956615, 64.477618 ], [ -137.984082, 64.484874 ], [ -138.011984, 64.491827 ], [ -138.039133, 64.499441 ], [ -138.066147, 64.507719 ], [ -138.082881, 64.518677 ], [ -138.087743, 64.532693 ], [ -138.089723, 64.547033 ], [ -138.089311, 64.561583 ], [ -138.105021, 64.571784 ], [ -138.137462, 64.576988 ], [ -138.169443, 64.57761 ], [ -138.201766, 64.574674 ], [ -138.231002, 64.569146 ], [ -138.423968, 64.518564 ], [ -138.451181, 64.511122 ], [ -138.477502, 64.503112 ], [ -138.502046, 64.494166 ], [ -138.525358, 64.484567 ], [ -138.548083, 64.474713 ], [ -138.570797, 64.464882 ], [ -138.5959, 64.456213 ], [ -138.622967, 64.448659 ], [ -138.651696, 64.442418 ], [ -138.681605, 64.437109 ], [ -138.712625, 64.433236 ], [ -138.746762, 64.43099 ], [ -138.771944, 64.43567 ], [ -138.78291, 64.449914 ], [ -138.788232, 64.463567 ], [ -138.790144, 64.47749 ], [ -138.790347, 64.491364 ], [ -138.789444, 64.505249 ], [ -138.78798, 64.519112 ], [ -138.786209, 64.532971 ], [ -138.784679, 64.54684 ], [ -138.78346, 64.560711 ], [ -138.783703, 64.574586 ], [ -138.785452, 64.588459 ], [ -138.794491, 64.643488 ], [ -138.796753, 64.657188 ], [ -138.804796, 64.670696 ], [ -138.814026, 64.684067 ], [ -138.823996, 64.697389 ], [ -138.838708, 64.709622 ], [ -138.859509, 64.720532 ], [ -138.885123, 64.728773 ], [ -138.915042, 64.734518 ], [ -138.945791, 64.739053 ], [ -138.977339, 64.742465 ], [ -139.00911, 64.745455 ], [ -139.041083, 64.748096 ], [ -139.073325, 64.749352 ], [ -139.105864, 64.748909 ], [ -139.138529, 64.748954 ], [ -139.172578, 64.749355 ], [ -139.200028, 64.754547 ], [ -139.217938, 64.766623 ], [ -139.229284, 64.779929 ], [ -139.235405, 64.794057 ], [ -139.251377, 64.804968 ], [ -139.281261, 64.81135 ], [ -139.309309, 64.81872 ], [ -139.335365, 64.827103 ], [ -139.358776, 64.836685 ], [ -139.379888, 64.84731 ], [ -139.400014, 64.858238 ], [ -139.419054, 64.869519 ], [ -139.436648, 64.881209 ], [ -139.45306, 64.893232 ], [ -139.472334, 64.90438 ], [ -139.494108, 64.914759 ], [ -139.516424, 64.924963 ], [ -139.539043, 64.935059 ], [ -139.556715, 64.946592 ], [ -139.569932, 64.959386 ], [ -139.579606, 64.972644 ], [ -139.586231, 64.986325 ], [ -139.597966, 64.999389 ], [ -139.615836, 65.011288 ], [ -139.642883, 65.018016 ], [ -139.675613, 65.021603 ], [ -139.707687, 65.024859 ], [ -139.739912, 65.027595 ], [ -139.77172, 65.031249 ], [ -139.802807, 65.035884 ], [ -139.831623, 65.04288 ], [ -139.857655, 65.051893 ], [ -139.871802, 65.063613 ], [ -139.872763, 65.078076 ], [ -139.86583, 65.091478 ], [ -139.853632, 65.104547 ], [ -139.841184, 65.117597 ], [ -139.828231, 65.130604 ], [ -139.82477, 65.144127 ], [ -139.836559, 65.157585 ], [ -139.863207, 65.164291 ], [ -139.896165, 65.168651 ], [ -139.927765, 65.174679 ], [ -139.955909, 65.182145 ], [ -139.989318, 65.232758 ], [ -139.988637, 65.2464 ], [ -139.985391, 65.260474 ], [ -139.989853, 65.274217 ], [ -139.997914, 65.287718 ], [ -140.009097, 65.300763 ], [ -140.022145, 65.313553 ], [ -140.035913, 65.326175 ], [ -140.064276, 65.351275 ], [ -140.078854, 65.363741 ], [ -140.094716, 65.375932 ], [ -140.111026, 65.388028 ], [ -140.083835, 65.398894 ], [ -140.059055, 65.408811 ], [ -140.032542, 65.416221 ], [ -140.001481, 65.416871 ], [ -139.967269, 65.413069 ], [ -139.934095, 65.41131 ], [ -139.900897, 65.410289 ], [ -139.867671, 65.410947 ], [ -139.834607, 65.412905 ], [ -139.802047, 65.415859 ], [ -139.770136, 65.419918 ], [ -139.739518, 65.425316 ], [ -139.709846, 65.431708 ], [ -139.59283, 65.458362 ], [ -139.566833, 65.467019 ], [ -139.543521, 65.477041 ], [ -139.524639, 65.488551 ], [ -139.506055, 65.500061 ], [ -139.479619, 65.509875 ], [ -139.450467, 65.516026 ], [ -139.420351, 65.50914 ], [ -139.42063, 65.496946 ], [ -139.442521, 65.484084 ], [ -139.432594, 65.475652 ], [ -139.396089, 65.472679 ], [ -139.362181, 65.471264 ], [ -139.333561, 65.476596 ], [ -139.308158, 65.486347 ], [ -139.280562, 65.494258 ], [ -139.251646, 65.50125 ], [ -139.221495, 65.507484 ], [ -139.190103, 65.512445 ], [ -139.157473, 65.513252 ], [ -139.057132, 65.509081 ], [ -139.024303, 65.506643 ], [ -138.991904, 65.503134 ], [ -138.959991, 65.498928 ], [ -138.928303, 65.494467 ], [ -138.894913, 65.49167 ], [ -138.861001, 65.490688 ], [ -138.830491, 65.495639 ], [ -138.808557, 65.506632 ], [ -138.81116, 65.519868 ], [ -138.818017, 65.534023 ], [ -138.799149, 65.586892 ], [ -138.788711, 65.600296 ], [ -138.765727, 65.610598 ], [ -138.734968, 65.616886 ], [ -138.703543, 65.61477 ], [ -138.672632, 65.607538 ], [ -138.646762, 65.598657 ], [ -138.625797, 65.587701 ], [ -138.614144, 65.574639 ], [ -138.602706, 65.561619 ], [ -138.580244, 65.551278 ], [ -138.552147, 65.543471 ], [ -138.51946, 65.538596 ], [ -138.486884, 65.53869 ], [ -138.458606, 65.545897 ], [ -138.434335, 65.556163 ], [ -138.415064, 65.567664 ], [ -138.402382, 65.580474 ], [ -138.399491, 65.594288 ], [ -138.396144, 65.608153 ], [ -138.387142, 65.621648 ], [ -138.373036, 65.634132 ], [ -138.351403, 65.644746 ], [ -138.330122, 65.655538 ], [ -138.313272, 65.667536 ], [ -138.296944, 65.679711 ], [ -138.281648, 65.692569 ], [ -138.261012, 65.70284 ], [ -138.230118, 65.708371 ], [ -138.196699, 65.711652 ], [ -138.162989, 65.712788 ], [ -138.129798, 65.71489 ], [ -138.097607, 65.719187 ], [ -138.06711, 65.725031 ], [ -138.039171, 65.732793 ], [ -138.011239, 65.740639 ], [ -137.982758, 65.748241 ], [ -137.952588, 65.754187 ], [ -137.919857, 65.757569 ], [ -137.886555, 65.760222 ], [ -137.852753, 65.762109 ], [ -137.820324, 65.765409 ], [ -137.788281, 65.771887 ], [ -137.769788, 65.782197 ], [ -137.767307, 65.796209 ], [ -137.76842, 65.810603 ], [ -137.773975, 65.825143 ], [ -137.770356, 65.837914 ], [ -137.745547, 65.847956 ], [ -137.714021, 65.852918 ], [ -137.680221, 65.85119 ], [ -137.645783, 65.848482 ], [ -137.610728, 65.845161 ], [ -137.582452, 65.84903 ], [ -137.561428, 65.860796 ], [ -137.547802, 65.873618 ], [ -137.534211, 65.901319 ], [ -137.527307, 65.915634 ], [ -137.507721, 65.924804 ], [ -137.472105, 65.927299 ], [ -137.437187, 65.925444 ], [ -137.403092, 65.921602 ], [ -137.377862, 65.927263 ], [ -137.36154, 65.940844 ], [ -137.352368, 65.954301 ], [ -137.323935, 65.978489 ], [ -137.264913, 66.012201 ], [ -137.241137, 66.021974 ], [ -137.168542, 66.051621 ], [ -137.135886, 66.054921 ], [ -137.101271, 66.053003 ], [ -137.072485, 66.045968 ], [ -137.04446, 66.037521 ], [ -137.014936, 66.030215 ], [ -136.983935, 66.02479 ], [ -136.950272, 66.023496 ], [ -136.881401, 66.023079 ], [ -136.84758, 66.023866 ], [ -136.716142, 66.031648 ], [ -136.708823, 66.04528 ], [ -136.70022, 66.058713 ], [ -136.666913, 66.061307 ], [ -136.631618, 66.057403 ], [ -136.598781, 66.065455 ], [ -136.585745, 66.077705 ], [ -136.56323, 66.088839 ], [ -136.539636, 66.098844 ], [ -136.488893, 66.117667 ], [ -136.46154, 66.125865 ], [ -136.430353, 66.131561 ], [ -136.397357, 66.135545 ], [ -136.360999, 66.136381 ], [ -136.329989, 66.139595 ], [ -136.315406, 66.151492 ], [ -136.303449, 66.165314 ], [ -136.285202, 66.177066 ], [ -136.264493, 66.188145 ], [ -136.241326, 66.198357 ], [ -136.217267, 66.208281 ], [ -136.19315, 66.218184 ], [ -136.170108, 66.228449 ], [ -136.146842, 66.239352 ], [ -136.131953, 66.251291 ], [ -136.143681, 66.320534 ], [ -136.159736, 66.38916 ], [ -136.150128, 66.40242 ], [ -136.126902, 66.428837 ], [ -136.109513, 66.440604 ], [ -136.053599, 66.476173 ], [ -136.021878, 66.475919 ], [ -135.988558, 66.474591 ], [ -135.97001, 66.487368 ], [ -135.97551, 66.500247 ], [ -135.992794, 66.512958 ], [ -136.005492, 66.52599 ], [ -136.015272, 66.539333 ], [ -136.020166, 66.552984 ], [ -136.020695, 66.566906 ], [ -136.018047, 66.58087 ], [ -136.013873, 66.594784 ], [ -136.02237, 66.60769 ], [ -136.041667, 66.61963 ], [ -136.064279, 66.630461 ], [ -136.087187, 66.640962 ], [ -136.097056, 66.654075 ], [ -136.096968, 66.668283 ], [ -136.084375, 66.680857 ], [ -136.055983, 66.720293 ], [ -136.050869, 66.73402 ], [ -136.04436, 66.747644 ], [ -136.03579, 66.76109 ], [ -136.025151, 66.774312 ], [ -136.011927, 66.787156 ], [ -135.996146, 66.799565 ], [ -135.974903, 66.810923 ], [ -135.954032, 66.822059 ], [ -135.948991, 66.835399 ], [ -135.954824, 66.84954 ], [ -135.968736, 66.862054 ], [ -135.989399, 66.873572 ], [ -136.011214, 66.884486 ], [ -136.035414, 66.894608 ], [ -136.06271, 66.903316 ], [ -136.091583, 66.911359 ], [ -136.120039, 66.920081 ], [ -136.144753, 66.929858 ], [ -136.156072, 66.942581 ], [ -136.159382, 66.956789 ], [ -136.158149, 66.970632 ], [ -136.155002, 66.984475 ], [ -136.159663, 67.0 ], [ -136.17274, 67.017491 ], [ -136.206844, 67.058978 ], [ -136.220895, 67.104841 ], [ -136.224745, 67.117378 ], [ -136.213047, 67.124962 ], [ -136.208019, 67.139293 ], [ -136.211866, 67.148809 ], [ -136.225891, 67.164783 ], [ -136.22481, 67.177337 ], [ -136.216379, 67.183512 ], [ -136.181865, 67.200341 ], [ -136.138798, 67.231235 ], [ -136.127331, 67.248479 ], [ -136.122118, 67.276251 ], [ -136.09996, 67.291584 ], [ -136.095023, 67.30206 ], [ -136.09999, 67.312457 ], [ -136.122581, 67.327162 ], [ -136.14685, 67.349221 ], [ -136.154046, 67.373985 ], [ -136.202323, 67.402265 ], [ -136.20986, 67.410418 ], [ -136.208306, 67.423532 ], [ -136.189636, 67.457579 ], [ -136.189424, 67.48288 ], [ -136.182766, 67.501077 ], [ -136.186469, 67.509127 ], [ -136.202472, 67.52181 ], [ -136.208535, 67.530893 ], [ -136.20763, 67.57549 ], [ -136.23336, 67.608943 ], [ -136.248227, 67.619757 ], [ -136.280639, 67.630111 ], [ -136.352364, 67.637986 ], [ -136.40936, 67.647353 ], [ -136.430725, 67.656896 ], [ -136.438012, 67.668406 ], [ -136.448348, 67.708884 ], [ -136.463491, 67.715641 ], [ -136.478922, 67.728085 ], [ -136.499883, 67.739525 ], [ -136.517165, 67.751687 ], [ -136.530665, 67.764592 ], [ -136.541559, 67.777797 ], [ -136.549825, 67.791302 ], [ -136.556895, 67.804891 ], [ -136.562795, 67.818561 ], [ -136.566533, 67.832432 ], [ -136.567745, 67.846557 ], [ -136.580908, 67.858725 ], [ -136.607795, 67.868649 ], [ -136.627744, 67.88015 ], [ -136.670758, 67.918509 ], [ -136.684344, 67.931491 ], [ -136.697292, 67.944919 ], [ -136.695963, 67.957916 ], [ -136.676652, 67.970261 ], [ -136.648611, 67.980508 ], [ -136.621018, 67.989793 ], [ -136.627282, 68.00128 ], [ -136.651959, 68.013484 ], [ -136.678499, 68.023466 ], [ -136.707341, 68.032384 ], [ -136.721658, 68.04459 ], [ -136.72803, 68.058605 ], [ -136.74767, 68.069902 ], [ -136.774505, 68.07978 ], [ -136.797898, 68.09052 ], [ -136.82008, 68.101615 ], [ -136.908187, 68.146187 ], [ -136.922691, 68.158797 ], [ -136.932158, 68.172314 ], [ -136.939267, 68.185879 ], [ -136.944246, 68.199617 ], [ -136.948317, 68.213382 ], [ -136.952536, 68.227128 ], [ -136.95879, 68.241003 ], [ -136.969146, 68.254228 ], [ -136.994024, 68.266184 ], [ -137.023293, 68.267052 ], [ -137.050601, 68.256025 ], [ -137.082272, 68.248522 ], [ -137.182299, 68.229814 ], [ -137.216718, 68.224612 ], [ -137.252644, 68.220769 ], [ -137.289479, 68.218536 ], [ -137.326689, 68.217073 ], [ -137.36226, 68.212635 ], [ -137.394879, 68.205563 ], [ -137.414785, 68.194492 ], [ -137.427665, 68.181023 ], [ -137.452317, 68.17017 ], [ -137.485058, 68.164082 ], [ -137.518826, 68.168149 ], [ -137.692034, 68.193349 ], [ -137.716882, 68.203403 ], [ -137.736301, 68.215678 ], [ -137.75151, 68.228287 ], [ -137.765223, 68.241215 ], [ -137.777283, 68.254677 ], [ -137.794353, 68.266588 ], [ -137.824709, 68.275688 ], [ -137.859347, 68.278359 ], [ -137.895517, 68.274063 ], [ -137.966609, 68.264016 ], [ -137.998078, 68.256918 ], [ -138.024632, 68.246837 ], [ -138.041736, 68.234829 ], [ -138.049867, 68.221165 ], [ -138.06086, 68.207736 ], [ -138.075027, 68.194374 ], [ -138.099861, 68.184843 ], [ -138.137752, 68.179373 ], [ -138.169548, 68.182087 ], [ -138.193978, 68.193612 ], [ -138.211171, 68.206225 ], [ -138.221121, 68.219671 ], [ -138.230044, 68.233165 ], [ -138.273905, 68.30041 ], [ -138.282612, 68.313865 ], [ -138.290958, 68.327353 ], [ -138.298675, 68.340893 ], [ -138.305781, 68.354484 ], [ -138.311001, 68.368174 ], [ -138.314289, 68.381965 ], [ -138.315787, 68.395781 ], [ -138.317819, 68.437287 ], [ -138.316013, 68.451137 ], [ -138.310131, 68.46503 ], [ -138.314386, 68.478758 ], [ -138.333219, 68.491242 ], [ -138.366805, 68.493893 ], [ -138.406888, 68.493179 ], [ -138.443319, 68.496823 ], [ -138.477409, 68.502926 ], [ -138.505463, 68.512103 ], [ -138.532591, 68.521798 ], [ -138.566203, 68.527866 ], [ -138.602696, 68.531915 ], [ -138.639696, 68.534508 ], [ -138.677181, 68.536465 ], [ -138.714467, 68.538749 ], [ -138.751482, 68.541458 ], [ -138.787707, 68.545333 ], [ -138.823634, 68.549662 ], [ -138.933901, 68.557279 ], [ -138.971411, 68.556894 ], [ -139.006727, 68.563894 ], [ -139.039098, 68.571799 ], [ -139.060065, 68.565572 ], [ -139.060967, 68.550675 ], [ -139.05401, 68.536984 ], [ -139.047852, 68.522891 ], [ -139.040813, 68.506569 ], [ -139.048892, 68.498485 ], [ -139.085064, 68.504987 ], [ -139.114216, 68.515264 ], [ -139.132253, 68.527592 ], [ -139.150172, 68.539906 ], [ -139.168307, 68.552054 ], [ -139.188032, 68.563998 ], [ -139.208813, 68.576232 ], [ -139.236867, 68.584384 ], [ -139.277221, 68.58694 ], [ -139.309096, 68.582021 ], [ -139.328298, 68.568839 ], [ -139.326151, 68.555418 ], [ -139.31387, 68.541593 ], [ -139.320125, 68.528674 ], [ -139.344718, 68.517316 ], [ -139.376654, 68.510594 ], [ -139.413959, 68.506741 ], [ -139.451826, 68.50431 ], [ -139.490298, 68.504177 ], [ -139.522312, 68.50997 ], [ -139.548603, 68.520657 ], [ -139.569488, 68.532231 ], [ -139.588389, 68.544322 ], [ -139.61647, 68.553318 ], [ -139.649969, 68.560368 ], [ -139.668698, 68.57155 ], [ -139.678092, 68.585361 ], [ -139.691723, 68.598511 ], [ -139.709395, 68.610797 ], [ -139.737885, 68.619238 ], [ -139.772482, 68.625606 ], [ -139.804362, 68.633135 ], [ -139.835188, 68.641204 ], [ -139.865787, 68.649524 ], [ -139.894815, 68.658461 ], [ -139.916552, 68.669562 ], [ -139.933745, 68.682045 ], [ -139.952395, 68.695962 ], [ -139.972319, 68.707404 ], [ -139.99767, 68.70282 ], [ -140.02401, 68.689686 ], [ -140.044121, 68.677869 ], [ -140.059404, 68.665154 ], [ -140.067731, 68.651742 ], [ -140.073385, 68.637985 ], [ -140.081795, 68.623712 ], [ -140.095394, 68.610922 ], [ -140.127955, 68.606731 ], [ -140.168423, 68.608296 ], [ -140.204593, 68.612375 ], [ -140.239111, 68.618439 ], [ -140.269559, 68.626581 ], [ -140.298844, 68.63547 ], [ -140.332654, 68.642608 ], [ -140.368403, 68.647071 ], [ -140.40378, 68.644307 ], [ -140.438469, 68.637354 ], [ -140.469862, 68.628972 ], [ -140.501858, 68.622213 ], [ -140.539028, 68.622139 ], [ -140.57738, 68.624857 ], [ -140.613954, 68.628378 ], [ -140.650192, 68.63257 ], [ -140.686664, 68.637101 ], [ -140.723257, 68.640253 ], [ -140.761761, 68.639229 ], [ -140.797335, 68.634379 ], [ -140.823255, 68.624615 ], [ -140.842217, 68.612174 ], [ -140.853004, 68.598996 ], [ -140.862275, 68.585497 ], [ -140.876103, 68.571781 ], [ -140.898125, 68.562043 ], [ -140.974604, 68.55954 ], [ -140.999977, 68.556092 ], [ -141.000032, 68.556095 ], [ -141.042614, 68.572062 ], [ -141.087307, 68.573767 ], [ -141.115956, 68.574866 ], [ -141.141039, 68.574439 ], [ -141.15997, 68.569818 ], [ -141.212381, 68.555111 ], [ -141.252928, 68.548943 ], [ -141.313599, 68.549203 ], [ -141.340713, 68.546432 ], [ -141.393919, 68.536537 ], [ -141.420638, 68.530402 ], [ -141.447304, 68.522083 ], [ -141.462062, 68.511783 ], [ -141.463527, 68.491451 ], [ -141.451447, 68.478272 ], [ -141.463288, 68.471542 ], [ -141.494963, 68.465605 ], [ -141.53871, 68.460472 ], [ -141.591262, 68.460753 ], [ -141.658777, 68.458248 ], [ -141.740676, 68.450219 ], [ -141.81856, 68.440285 ], [ -141.848969, 68.454616 ], [ -141.876771, 68.467696 ], [ -141.88719, 68.477498 ], [ -141.885895, 68.494055 ], [ -141.886526, 68.497979 ], [ -141.887815, 68.505989 ], [ -141.88748, 68.524219 ], [ -141.901458, 68.539684 ], [ -141.908614, 68.547591 ], [ -141.899634, 68.581366 ], [ -141.913267, 68.608544 ], [ -141.937534, 68.623517 ], [ -141.965192, 68.62904 ], [ -141.988026, 68.626201 ], [ -142.023192, 68.619315 ], [ -142.056732, 68.62144 ], [ -142.080266, 68.629901 ], [ -142.108093, 68.643992 ], [ -142.118855, 68.662368 ], [ -142.117408, 68.679977 ], [ -142.143403, 68.704131 ], [ -142.183439, 68.728613 ], [ -142.216531, 68.746216 ], [ -142.270897, 68.761367 ], [ -142.318615, 68.768585 ], [ -142.348928, 68.776334 ], [ -142.363833, 68.787961 ], [ -142.372551, 68.804032 ], [ -142.378874, 68.810672 ], [ -142.39695, 68.829627 ], [ -142.402284, 68.846561 ], [ -142.414193, 68.857997 ], [ -142.446392, 68.865295 ], [ -142.462847, 68.872071 ], [ -142.493911, 68.892016 ], [ -142.542426, 68.894077 ], [ -142.55332, 68.895872 ], [ -142.593288, 68.902452 ], [ -142.606691, 68.900032 ], [ -142.608992, 68.89856 ], [ -142.626599, 68.887288 ], [ -142.630344, 68.870911 ], [ -142.638559, 68.860154 ], [ -142.689676, 68.857814 ], [ -142.713324, 68.85278 ], [ -142.752435, 68.853466 ], [ -142.806664, 68.856093 ], [ -142.843413, 68.859296 ], [ -142.880382, 68.851805 ], [ -142.905236, 68.837726 ], [ -142.932634, 68.83556 ], [ -142.970752, 68.839352 ], [ -143.019214, 68.845329 ], [ -143.028896, 68.84536 ], [ -143.049058, 68.845423 ], [ -143.088291, 68.835352 ], [ -143.10044, 68.826418 ], [ -143.09888, 68.812553 ], [ -143.098745, 68.811354 ], [ -143.127613, 68.801399 ], [ -143.193893, 68.805656 ], [ -143.240699, 68.803841 ], [ -143.272334, 68.808276 ], [ -143.308107, 68.820516 ], [ -143.376431, 68.817244 ], [ -143.399929, 68.822808 ], [ -143.398566, 68.832879 ], [ -143.397985, 68.845664 ], [ -143.412888, 68.859297 ], [ -143.400408, 68.875169 ], [ -143.407612, 68.89372 ], [ -143.402776, 68.921225 ], [ -143.415315, 68.943269 ], [ -143.410747, 68.959031 ], [ -143.410135, 68.961143 ], [ -143.389818, 68.971252 ], [ -143.360454, 68.979798 ], [ -143.36563, 68.98916 ], [ -143.388101, 68.99893 ], [ -143.389569, 69.010225 ], [ -143.379972, 69.021452 ], [ -143.410937, 69.034881 ], [ -143.442349, 69.041385 ], [ -143.470959, 69.046663 ], [ -143.483661, 69.052151 ], [ -143.504952, 69.054458 ], [ -143.521075, 69.060027 ], [ -143.567105, 69.056949 ], [ -143.587679, 69.0545 ], [ -143.618757, 69.045474 ], [ -143.667342, 69.047505 ], [ -143.68293, 69.054194 ], [ -143.682561, 69.06698 ], [ -143.682749, 69.067258 ], [ -143.689328, 69.076939 ], [ -143.703817, 69.081967 ], [ -143.733417, 69.084047 ], [ -143.759332, 69.082196 ], [ -143.797497, 69.07031 ], [ -143.853259, 69.057728 ], [ -143.881407, 69.053312 ], [ -143.901998, 69.050217 ], [ -143.90784, 69.049338 ], [ -143.959075, 69.059422 ], [ -143.98693, 69.056042 ], [ -144.016433, 69.046347 ], [ -144.030366, 69.043989 ], [ -144.047942, 69.041013 ], [ -144.078163, 69.022287 ], [ -144.085676, 69.00341 ], [ -144.103857, 69.008661 ], [ -144.126883, 69.011417 ], [ -144.165543, 69.014951 ], [ -144.208052, 69.009612 ], [ -144.287784, 69.007168 ], [ -144.348225, 69.005877 ], [ -144.387184, 68.994168 ], [ -144.404595, 68.98893 ], [ -144.434772, 68.981879 ], [ -144.425743, 68.96068 ], [ -144.439941, 68.944207 ], [ -144.468823, 68.939352 ], [ -144.474705, 68.938672 ], [ -144.520744, 68.933346 ], [ -144.537145, 68.930465 ], [ -144.542145, 68.929587 ], [ -144.550819, 68.929297 ], [ -144.600946, 68.927616 ], [ -144.606661, 68.924526 ], [ -144.615411, 68.919794 ], [ -144.646466, 68.921273 ], [ -144.652812, 68.921574 ], [ -144.665232, 68.919736 ], [ -144.693622, 68.915529 ], [ -144.69644, 68.916163 ], [ -144.711588, 68.919569 ], [ -144.745638, 68.922235 ], [ -144.790338, 68.908074 ], [ -144.808502, 68.902312 ], [ -144.84374, 68.906611 ], [ -144.854445, 68.907301 ], [ -144.873232, 68.90851 ], [ -144.874298, 68.908267 ], [ -144.896473, 68.903205 ], [ -144.960066, 68.914634 ], [ -145.003504, 68.917679 ], [ -145.020148, 68.928001 ], [ -145.047942, 68.923416 ], [ -145.111639, 68.913006 ], [ -145.12531, 68.908283 ], [ -145.138853, 68.903602 ], [ -145.146346, 68.890658 ], [ -145.183978, 68.891277 ], [ -145.211479, 68.887721 ], [ -145.209918, 68.880216 ], [ -145.218485, 68.876879 ], [ -145.247537, 68.880823 ], [ -145.280947, 68.886546 ], [ -145.323653, 68.877803 ], [ -145.358, 68.871342 ], [ -145.370654, 68.870896 ], [ -145.411836, 68.869438 ], [ -145.447813, 68.862502 ], [ -145.475686, 68.848843 ], [ -145.464074, 68.844097 ], [ -145.460987, 68.836003 ], [ -145.462737, 68.811666 ], [ -145.488685, 68.799518 ], [ -145.45084, 68.785145 ], [ -145.433323, 68.771115 ], [ -145.479727, 68.758269 ], [ -145.513099, 68.742302 ], [ -145.514314, 68.741721 ], [ -145.520107, 68.741055 ], [ -145.581484, 68.733994 ], [ -145.602841, 68.724403 ], [ -145.610606, 68.720914 ], [ -145.658296, 68.716576 ], [ -145.681396, 68.710128 ], [ -145.738144, 68.707214 ], [ -145.784078, 68.695349 ], [ -145.787111, 68.687522 ], [ -145.769739, 68.680433 ], [ -145.770083, 68.670373 ], [ -145.804563, 68.652725 ], [ -145.818257, 68.637321 ], [ -145.861002, 68.633866 ], [ -145.897863, 68.636451 ], [ -145.899607, 68.626981 ], [ -145.921409, 68.609858 ], [ -145.948216, 68.61626 ], [ -145.982355, 68.616596 ], [ -146.011455, 68.610363 ], [ -146.031474, 68.602698 ], [ -146.056174, 68.604354 ], [ -146.091358, 68.606706 ], [ -146.117129, 68.61039 ], [ -146.127825, 68.620353 ], [ -146.159615, 68.625329 ], [ -146.179061, 68.629809 ], [ -146.209941, 68.622027 ], [ -146.226484, 68.625328 ], [ -146.249044, 68.634421 ], [ -146.254151, 68.636478 ], [ -146.271821, 68.634987 ], [ -146.303735, 68.630254 ], [ -146.339643, 68.618101 ], [ -146.370519, 68.620325 ], [ -146.387277, 68.62153 ], [ -146.438356, 68.62296 ], [ -146.476454, 68.61806 ], [ -146.490319, 68.609059 ], [ -146.528196, 68.615255 ], [ -146.564312, 68.612909 ], [ -146.605623, 68.607047 ], [ -146.641817, 68.600671 ], [ -146.646228, 68.585279 ], [ -146.673029, 68.582568 ], [ -146.686331, 68.581712 ], [ -146.753999, 68.591361 ], [ -146.768132, 68.590289 ], [ -146.796984, 68.580945 ], [ -146.815443, 68.574554 ], [ -146.839887, 68.566448 ], [ -146.87312, 68.561827 ], [ -146.891487, 68.563542 ], [ -146.916996, 68.567413 ], [ -146.918821, 68.56769 ], [ -146.921686, 68.566994 ], [ -146.960564, 68.557542 ], [ -146.972459, 68.550033 ], [ -147.043424, 68.552527 ], [ -147.103117, 68.558301 ], [ -147.171972, 68.565424 ], [ -147.212936, 68.560479 ], [ -147.254431, 68.563468 ], [ -147.285752, 68.5735 ], [ -147.285842, 68.573581 ], [ -147.301121, 68.587219 ], [ -147.318843, 68.582 ], [ -147.366373, 68.574071 ], [ -147.376143, 68.570895 ], [ -147.400283, 68.563043 ], [ -147.420077, 68.553131 ], [ -147.450973, 68.540942 ], [ -147.461597, 68.529673 ], [ -147.481221, 68.520808 ], [ -147.535601, 68.505676 ], [ -147.565071, 68.50504 ], [ -147.577444, 68.502549 ], [ -147.596733, 68.498663 ], [ -147.604703, 68.492256 ], [ -147.618826, 68.480894 ], [ -147.62663, 68.466365 ], [ -147.627805, 68.455847 ], [ -147.623066, 68.443029 ], [ -147.611952, 68.432119 ], [ -147.619284, 68.421798 ], [ -147.643209, 68.414645 ], [ -147.672565, 68.413994 ], [ -147.675708, 68.413914 ], [ -147.691111, 68.413525 ], [ -147.712166, 68.404163 ], [ -147.739347, 68.380745 ], [ -147.782499, 68.365738 ], [ -147.832671, 68.358878 ], [ -147.935939, 68.354101 ], [ -147.967557, 68.360857 ], [ -148.015653, 68.356498 ], [ -148.063135, 68.358436 ], [ -148.095978, 68.35255 ], [ -148.110704, 68.342965 ], [ -148.139389, 68.335837 ], [ -148.165731, 68.329284 ], [ -148.187084, 68.330957 ], [ -148.215682, 68.337579 ], [ -148.229014, 68.341572 ], [ -148.254621, 68.349233 ], [ -148.295716, 68.354088 ], [ -148.315879, 68.352021 ], [ -148.319916, 68.340542 ], [ -148.3194, 68.328408 ], [ -148.332027, 68.316771 ], [ -148.334379, 68.314602 ], [ -148.337186, 68.313441 ], [ -148.362989, 68.302759 ], [ -148.395778, 68.29577 ], [ -148.430375, 68.285138 ], [ -148.460647, 68.270695 ], [ -148.505088, 68.250841 ], [ -148.530903, 68.233636 ], [ -148.574364, 68.225331 ], [ -148.615769, 68.223807 ], [ -148.67333, 68.210064 ], [ -148.714925, 68.205364 ], [ -148.750762, 68.195242 ], [ -148.777003, 68.191184 ], [ -148.837319, 68.179572 ], [ -148.892651, 68.162963 ], [ -148.919753, 68.154815 ], [ -148.948147, 68.16447 ], [ -148.959484, 68.167131 ], [ -148.990744, 68.166577 ], [ -149.048159, 68.149568 ], [ -149.061336, 68.142821 ], [ -149.063855, 68.141531 ], [ -149.109019, 68.15209 ], [ -149.12425, 68.152455 ], [ -149.147017, 68.154575 ], [ -149.158826, 68.162219 ], [ -149.176165, 68.176102 ], [ -149.176425, 68.17631 ], [ -149.218414, 68.19202 ], [ -149.258143, 68.191888 ], [ -149.258443, 68.191812 ], [ -149.275148, 68.187546 ], [ -149.307218, 68.187754 ], [ -149.309142, 68.178858 ], [ -149.311254, 68.16576 ], [ -149.336339, 68.150555 ], [ -149.373491, 68.137723 ], [ -149.404649, 68.121597 ], [ -149.415889, 68.107654 ], [ -149.426472, 68.109466 ], [ -149.450687, 68.113157 ], [ -149.480837, 68.121179 ], [ -149.486606, 68.129716 ], [ -149.501521, 68.138452 ], [ -149.533904, 68.138671 ], [ -149.582393, 68.136512 ], [ -149.605126, 68.140673 ], [ -149.62616, 68.150576 ], [ -149.653602, 68.15115 ], [ -149.677096, 68.128553 ], [ -149.720657, 68.121139 ], [ -149.740923, 68.121323 ], [ -149.772034, 68.114174 ], [ -149.787126, 68.119732 ], [ -149.817385, 68.128744 ], [ -149.836964, 68.139114 ], [ -149.895283, 68.12135 ], [ -149.927593, 68.105695 ], [ -149.961223, 68.098989 ], [ -149.985723, 68.091054 ], [ -150.011844, 68.07632 ], [ -150.025762, 68.062405 ], [ -150.033746, 68.051762 ], [ -150.038191, 68.045835 ], [ -150.059633, 68.034685 ], [ -150.103741, 68.029729 ], [ -150.125102, 68.021722 ], [ -150.156867, 68.031226 ], [ -150.181136, 68.033765 ], [ -150.246039, 68.039013 ], [ -150.279741, 68.052833 ], [ -150.326904, 68.042625 ], [ -150.35273, 68.044641 ], [ -150.383121, 68.046204 ], [ -150.410481, 68.039315 ], [ -150.415486, 68.039151 ], [ -150.442387, 68.03827 ], [ -150.425163, 68.053852 ], [ -150.424158, 68.05476 ], [ -150.431575, 68.063579 ], [ -150.431767, 68.063807 ], [ -150.459174, 68.076851 ], [ -150.489685, 68.090848 ], [ -150.49119, 68.091537 ], [ -150.515613, 68.102423 ], [ -150.550686, 68.106652 ], [ -150.596402, 68.106316 ], [ -150.649713, 68.103461 ], [ -150.752147, 68.124391 ], [ -150.791984, 68.110434 ], [ -150.811379, 68.110034 ], [ -150.8524, 68.102747 ], [ -150.876816, 68.104136 ], [ -150.913249, 68.097296 ], [ -150.935887, 68.087642 ], [ -150.944667, 68.072031 ], [ -150.976583, 68.069838 ], [ -150.980193, 68.069783 ], [ -151.013104, 68.069273 ], [ -151.058472, 68.05833 ], [ -151.099223, 68.046794 ], [ -151.118833, 68.041275 ], [ -151.13492, 68.019986 ], [ -151.152967, 68.013921 ], [ -151.179049, 68.022104 ], [ -151.204771, 68.018749 ], [ -151.242646, 68.015534 ], [ -151.276233, 68.020122 ], [ -151.311219, 68.021052 ], [ -151.350834, 68.01358 ], [ -151.361001, 68.01166 ], [ -151.401846, 68.007398 ], [ -151.422095, 68.011575 ], [ -151.423297, 68.011823 ], [ -151.463094, 68.018537 ], [ -151.52536, 68.023392 ], [ -151.55185, 68.031591 ], [ -151.567311, 68.036372 ], [ -151.59368, 68.046586 ], [ -151.595861, 68.059702 ], [ -151.592056, 68.074856 ], [ -151.597083, 68.083809 ], [ -151.598282, 68.088712 ], [ -151.59901, 68.091685 ], [ -151.610096, 68.097714 ], [ -151.614703, 68.100218 ], [ -151.647627, 68.116768 ], [ -151.657747, 68.131586 ], [ -151.662667, 68.140479 ], [ -151.700499, 68.160729 ], [ -151.713195, 68.166487 ], [ -151.747659, 68.182097 ], [ -151.772732, 68.203643 ], [ -151.773517, 68.204317 ], [ -151.803146, 68.212424 ], [ -151.822023, 68.212342 ], [ -151.84453, 68.212241 ], [ -151.871661, 68.205129 ], [ -151.907465, 68.213265 ], [ -151.944577, 68.217739 ], [ -151.998824, 68.21682 ], [ -152.027147, 68.214154 ], [ -152.06124, 68.198163 ], [ -152.108981, 68.201103 ], [ -152.138731, 68.20915 ], [ -152.164612, 68.206697 ], [ -152.214049, 68.211189 ], [ -152.281667, 68.212629 ], [ -152.300441, 68.21692 ], [ -152.339139, 68.220792 ], [ -152.379897, 68.230422 ], [ -152.471498, 68.237953 ], [ -152.479636, 68.238684 ], [ -152.511836, 68.236568 ], [ -152.538501, 68.23481 ], [ -152.565359, 68.226547 ], [ -152.551271, 68.216642 ], [ -152.548896, 68.21497 ], [ -152.561371, 68.203453 ], [ -152.571457, 68.194133 ], [ -152.567559, 68.188402 ], [ -152.562541, 68.181018 ], [ -152.567481, 68.168481 ], [ -152.571098, 68.166487 ], [ -152.583491, 68.159651 ], [ -152.57074, 68.154369 ], [ -152.537045, 68.155882 ], [ -152.52805, 68.156285 ], [ -152.519782, 68.154074 ], [ -152.498231, 68.148306 ], [ -152.489862, 68.140421 ], [ -152.493361, 68.128402 ], [ -152.541735, 68.122335 ], [ -152.551228, 68.109296 ], [ -152.600734, 68.099556 ], [ -152.636106, 68.08609 ], [ -152.661514, 68.080429 ], [ -152.713742, 68.083747 ], [ -152.776628, 68.086557 ], [ -152.798766, 68.093942 ], [ -152.7988, 68.10911 ], [ -152.818238, 68.119622 ], [ -152.876353, 68.133886 ], [ -152.901073, 68.136033 ], [ -152.963556, 68.13354 ], [ -152.993173, 68.138297 ], [ -153.012249, 68.11741 ], [ -153.048341, 68.085043 ], [ -153.111321, 68.061589 ], [ -153.179706, 68.05903 ], [ -153.235871, 68.056441 ], [ -153.263218, 68.055401 ], [ -153.295336, 68.055925 ], [ -153.329858, 68.051216 ], [ -153.356411, 68.043889 ], [ -153.375664, 68.027155 ], [ -153.368649, 68.019841 ], [ -153.335247, 68.020898 ], [ -153.314469, 68.013061 ], [ -153.310526, 68.005744 ], [ -153.282156, 68.010449 ], [ -153.26701, 68.008093 ], [ -153.241798, 68.004169 ], [ -153.211322, 67.991088 ], [ -153.181005, 67.979046 ], [ -153.144642, 67.966994 ], [ -153.092892, 67.952823 ], [ -153.053129, 67.936562 ], [ -153.069739, 67.921948 ], [ -153.072742, 67.907836 ], [ -153.10092, 67.902123 ], [ -153.15658, 67.906296 ], [ -153.187906, 67.893844 ], [ -153.209007, 67.892813 ], [ -153.264556, 67.901201 ], [ -153.270555, 67.901527 ], [ -153.293554, 67.902775 ], [ -153.311253, 67.898595 ], [ -153.334382, 67.889186 ], [ -153.346197, 67.874028 ], [ -153.33063, 67.857828 ], [ -153.324286, 67.839878 ], [ -153.323796, 67.838491 ], [ -153.325547, 67.837669 ], [ -153.363891, 67.819672 ], [ -153.374697, 67.81287 ], [ -153.413374, 67.803977 ], [ -153.486914, 67.812286 ], [ -153.498472, 67.820113 ], [ -153.478872, 67.832673 ], [ -153.469131, 67.839474 ], [ -153.469125, 67.843937 ], [ -153.470904, 67.844937 ], [ -153.520059, 67.85928 ], [ -153.538387, 67.872321 ], [ -153.581266, 67.887413 ], [ -153.625942, 67.896608 ], [ -153.679292, 67.899545 ], [ -153.691098, 67.903404 ], [ -153.712338, 67.903356 ], [ -153.746294, 67.907453 ], [ -153.766582, 67.903823 ], [ -153.782568, 67.906312 ], [ -153.807142, 67.908333 ], [ -153.856404, 67.902437 ], [ -153.882664, 67.895039 ], [ -153.930518, 67.879726 ], [ -153.933678, 67.878433 ], [ -153.982019, 67.858641 ], [ -154.011385, 67.852258 ], [ -154.043625, 67.860766 ], [ -154.044512, 67.861 ], [ -154.077509, 67.868691 ], [ -154.125049, 67.87213 ], [ -154.145947, 67.869941 ], [ -154.162842, 67.861503 ], [ -154.160746, 67.847935 ], [ -154.174919, 67.841599 ], [ -154.180954, 67.831646 ], [ -154.195576, 67.818518 ], [ -154.187593, 67.806025 ], [ -154.179782, 67.794576 ], [ -154.169121, 67.784184 ], [ -154.179925, 67.775776 ], [ -154.186897, 67.762183 ], [ -154.201562, 67.761846 ], [ -154.216137, 67.765672 ], [ -154.220283, 67.772961 ], [ -154.253982, 67.775916 ], [ -154.272872, 67.771113 ], [ -154.294535, 67.760849 ], [ -154.305201, 67.755791 ], [ -154.32725, 67.75201 ], [ -154.355735, 67.760196 ], [ -154.36647, 67.764202 ], [ -154.375016, 67.767389 ], [ -154.397666, 67.76522 ], [ -154.454415, 67.763233 ], [ -154.474271, 67.766736 ], [ -154.488655, 67.76927 ], [ -154.519345, 67.781067 ], [ -154.539087, 67.772577 ], [ -154.574449, 67.758229 ], [ -154.577816, 67.757588 ], [ -154.628586, 67.74791 ], [ -154.672421, 67.748095 ], [ -154.673285, 67.749563 ], [ -154.678846, 67.759006 ], [ -154.690227, 67.763614 ], [ -154.702709, 67.774476 ], [ -154.722434, 67.774839 ], [ -154.73365, 67.778401 ], [ -154.76688, 67.778125 ], [ -154.806634, 67.772046 ], [ -154.85175, 67.770607 ], [ -154.870357, 67.781401 ], [ -154.875666, 67.793879 ], [ -154.879645, 67.799062 ], [ -154.907052, 67.799855 ], [ -154.919728, 67.802869 ], [ -154.939931, 67.809996 ], [ -154.945673, 67.81202 ], [ -154.94481, 67.818385 ], [ -154.944398, 67.821427 ], [ -154.947178, 67.822453 ], [ -154.962318, 67.828041 ], [ -154.996182, 67.838673 ], [ -154.986434, 67.851294 ], [ -154.9898, 67.869006 ], [ -155.029401, 67.885316 ], [ -155.009736, 67.901691 ], [ -154.985193, 67.916546 ], [ -154.982911, 67.953842 ], [ -155.05455, 67.94548 ], [ -155.118164, 67.914956 ], [ -155.194226, 67.892792 ], [ -155.221247, 67.88642 ], [ -155.283797, 67.887279 ], [ -155.300111, 67.889006 ], [ -155.346018, 67.893858 ], [ -155.37086, 67.888865 ], [ -155.386696, 67.877195 ], [ -155.380757, 67.855873 ], [ -155.378941, 67.83972 ], [ -155.381923, 67.83043 ], [ -155.38264, 67.828196 ], [ -155.395302, 67.823347 ], [ -155.442169, 67.823131 ], [ -155.439372, 67.812987 ], [ -155.446441, 67.799242 ], [ -155.445037, 67.785172 ], [ -155.430644, 67.781225 ], [ -155.417732, 67.777682 ], [ -155.410619, 67.767184 ], [ -155.406866, 67.76164 ], [ -155.393847, 67.764616 ], [ -155.348994, 67.774855 ], [ -155.303518, 67.782169 ], [ -155.29101, 67.780226 ], [ -155.263187, 67.777412 ], [ -155.258986, 67.777848 ], [ -155.234995, 67.780337 ], [ -155.233093, 67.78114 ], [ -155.20703, 67.792127 ], [ -155.184425, 67.782519 ], [ -155.172328, 67.777371 ], [ -155.14633, 67.760429 ], [ -155.115363, 67.733099 ], [ -155.095897, 67.718167 ], [ -155.086682, 67.709391 ], [ -155.063201, 67.704933 ], [ -155.041724, 67.703061 ], [ -155.020882, 67.696483 ], [ -155.014965, 67.680887 ], [ -154.98622, 67.663945 ], [ -154.957634, 67.655868 ], [ -154.945126, 67.655423 ], [ -154.922783, 67.654627 ], [ -154.849094, 67.652978 ], [ -154.823042, 67.652387 ], [ -154.80109, 67.647356 ], [ -154.79007, 67.635967 ], [ -154.791209, 67.616648 ], [ -154.785853, 67.603124 ], [ -154.802395, 67.594635 ], [ -154.817519, 67.586678 ], [ -154.820288, 67.576739 ], [ -154.812123, 67.564284 ], [ -154.793078, 67.558183 ], [ -154.78441, 67.552858 ], [ -154.776321, 67.547886 ], [ -154.774178, 67.535379 ], [ -154.758325, 67.521419 ], [ -154.757725, 67.520194 ], [ -154.753745, 67.512063 ], [ -154.734237, 67.502827 ], [ -154.717683, 67.49778 ], [ -154.677542, 67.485527 ], [ -154.663168, 67.479896 ], [ -154.662003, 67.467048 ], [ -154.661968, 67.467015 ], [ -154.622261, 67.450452 ], [ -154.588498, 67.442867 ], [ -154.53441, 67.417992 ], [ -154.497331, 67.403301 ], [ -154.476632, 67.394561 ], [ -154.480804, 67.383053 ], [ -154.499553, 67.371389 ], [ -154.507926, 67.366176 ], [ -154.509764, 67.358857 ], [ -154.500011, 67.343786 ], [ -154.490595, 67.3308 ], [ -154.464625, 67.329668 ], [ -154.459227, 67.329432 ], [ -154.434253, 67.321235 ], [ -154.413353, 67.320317 ], [ -154.362171, 67.335228 ], [ -154.335189, 67.329526 ], [ -154.328486, 67.328108 ], [ -154.305229, 67.331365 ], [ -154.277092, 67.341952 ], [ -154.24345, 67.355694 ], [ -154.232608, 67.366162 ], [ -154.230407, 67.368286 ], [ -154.213122, 67.382465 ], [ -154.181633, 67.390966 ], [ -154.155567, 67.385342 ], [ -154.122995, 67.375565 ], [ -154.083104, 67.366333 ], [ -154.065427, 67.356483 ], [ -154.038585, 67.355542 ], [ -153.990452, 67.339529 ], [ -153.996158, 67.328588 ], [ -153.997544, 67.32593 ], [ -153.9963, 67.316536 ], [ -153.980942, 67.312412 ], [ -153.945602, 67.302971 ], [ -153.933286, 67.287502 ], [ -153.934383, 67.28445 ], [ -153.93873, 67.272344 ], [ -153.954716, 67.258719 ], [ -153.959682, 67.251394 ], [ -153.954159, 67.247028 ], [ -153.939956, 67.235792 ], [ -153.908067, 67.21709 ], [ -153.905399, 67.203882 ], [ -153.904169, 67.197783 ], [ -153.882113, 67.186356 ], [ -153.858161, 67.171276 ], [ -153.845771, 67.142067 ], [ -153.846166, 67.13319 ], [ -153.858061, 67.122197 ], [ -153.856293, 67.107582 ], [ -153.855255, 67.105711 ], [ -153.848787, 67.094025 ], [ -153.851094, 67.088799 ], [ -153.855164, 67.084864 ], [ -153.869492, 67.071003 ], [ -153.888893, 67.049549 ], [ -153.903819, 67.027584 ], [ -153.909561, 67.014517 ], [ -153.902707, 67.006182 ], [ -153.925233, 66.989548 ], [ -153.970349, 66.980751 ], [ -153.995733, 66.977727 ], [ -154.001376, 66.97819 ], [ -154.038547, 66.981241 ], [ -154.058474, 66.976996 ], [ -154.080186, 66.975352 ], [ -154.114246, 66.978878 ], [ -154.154568, 66.985503 ], [ -154.168177, 66.986105 ], [ -154.199204, 66.987474 ], [ -154.213763, 66.981309 ], [ -154.219022, 66.975441 ], [ -154.222152, 66.967697 ], [ -154.22322, 66.957641 ], [ -154.221751, 66.944241 ], [ -154.218658, 66.939302 ], [ -154.211188, 66.92681 ], [ -154.195933, 66.921658 ], [ -154.187768, 66.914908 ], [ -154.196955, 66.907041 ], [ -154.225982, 66.894911 ], [ -154.273137, 66.887911 ], [ -154.308347, 66.87887 ], [ -154.343801, 66.86095 ], [ -154.361353, 66.839988 ], [ -154.368282, 66.817698 ], [ -154.369476, 66.813857 ], [ -154.366061, 66.80921 ], [ -154.339357, 66.772793 ], [ -154.312133, 66.730664 ], [ -154.309063, 66.712984 ], [ -154.307985, 66.706756 ], [ -154.324129, 66.694664 ], [ -154.333691, 66.690689 ], [ -154.377365, 66.678116 ], [ -154.391282, 66.676505 ], [ -154.452114, 66.662632 ], [ -154.476318, 66.67084 ], [ -154.49723, 66.675935 ], [ -154.51692, 66.682599 ], [ -154.54117, 66.690797 ], [ -154.545639, 66.702245 ], [ -154.55471, 66.706758 ], [ -154.558067, 66.708427 ], [ -154.561687, 66.708696 ], [ -154.603394, 66.711786 ], [ -154.659976, 66.722879 ], [ -154.690462, 66.724706 ], [ -154.70672, 66.725678 ], [ -154.75027, 66.71649 ], [ -154.774185, 66.707735 ], [ -154.799709, 66.698381 ], [ -154.819006, 66.693678 ], [ -154.852755, 66.685443 ], [ -154.889055, 66.676802 ], [ -154.928133, 66.677876 ], [ -154.947142, 66.678395 ], [ -155.011446, 66.691905 ], [ -155.043569, 66.693696 ], [ -155.073175, 66.688726 ], [ -155.081336, 66.68953 ], [ -155.106996, 66.692053 ], [ -155.126846, 66.687571 ], [ -155.133532, 66.68606 ], [ -155.177221, 66.687711 ], [ -155.21717, 66.684175 ], [ -155.26064, 66.667038 ], [ -155.266737, 66.660196 ], [ -155.266101, 66.656366 ], [ -155.265356, 66.651869 ], [ -155.232069, 66.642834 ], [ -155.164274, 66.631943 ], [ -155.112274, 66.623581 ], [ -155.093416, 66.615593 ], [ -155.089414, 66.607307 ], [ -155.094741, 66.596855 ], [ -155.106262, 66.579612 ], [ -155.119934, 66.563768 ], [ -155.138045, 66.549332 ], [ -155.158875, 66.528528 ], [ -155.181689, 66.511398 ], [ -155.190018, 66.506004 ], [ -155.196961, 66.504249 ], [ -155.218918, 66.499457 ], [ -155.225862, 66.497703 ], [ -155.244567, 66.490134 ], [ -155.25644, 66.482491 ], [ -155.285141, 66.46038 ], [ -155.306366, 66.448249 ], [ -155.324921, 66.442047 ], [ -155.366361, 66.432861 ], [ -155.389159, 66.43126 ], [ -155.431335, 66.428468 ], [ -155.450787, 66.425446 ], [ -155.479535, 66.418862 ], [ -155.51758, 66.407783 ], [ -155.550937, 66.398933 ], [ -155.58771, 66.389656 ], [ -155.596924, 66.386536 ], [ -155.600463, 66.38382 ], [ -155.636658, 66.362647 ], [ -155.672514, 66.346946 ], [ -155.7059, 66.334876 ], [ -155.742826, 66.319168 ], [ -155.793883, 66.299411 ], [ -155.817335, 66.278771 ], [ -155.832559, 66.270422 ], [ -155.840722, 66.265943 ], [ -155.856085, 66.264166 ], [ -155.885455, 66.268962 ], [ -155.946128, 66.281116 ], [ -155.997541, 66.281401 ], [ -156.013655, 66.275951 ], [ -156.056754, 66.285198 ], [ -156.100429, 66.289735 ], [ -156.154981, 66.298777 ], [ -156.20926, 66.313534 ], [ -156.249149, 66.327468 ], [ -156.258419, 66.338254 ], [ -156.248031, 66.35822 ], [ -156.26641, 66.378753 ], [ -156.299829, 66.395385 ], [ -156.33263, 66.41127 ], [ -156.401434, 66.422295 ], [ -156.4319, 66.434952 ], [ -156.458778, 66.432813 ], [ -156.502018, 66.429363 ], [ -156.512673, 66.426207 ], [ -156.550707, 66.414932 ], [ -156.596268, 66.399505 ], [ -156.61562, 66.389246 ], [ -156.63957, 66.373691 ], [ -156.669649, 66.360098 ], [ -156.708709, 66.336967 ], [ -156.721222, 66.330597 ], [ -156.740496, 66.323318 ], [ -156.763198, 66.311928 ], [ -156.768858, 66.310569 ], [ -156.782456, 66.306022 ], [ -156.799454, 66.298738 ], [ -156.849671, 66.271956 ], [ -156.862378, 66.26517 ], [ -156.914661, 66.274628 ], [ -156.94739, 66.277832 ], [ -156.999268, 66.288802 ], [ -157.055995, 66.299664 ], [ -157.093626, 66.307704 ], [ -157.101094, 66.316027 ], [ -157.103251, 66.31843 ], [ -157.127018, 66.322077 ], [ -157.172162, 66.318998 ], [ -157.21639, 66.324258 ], [ -157.25428, 66.320799 ], [ -157.276433, 66.311442 ], [ -157.290587, 66.302712 ], [ -157.319778, 66.28849 ], [ -157.324581, 66.282878 ], [ -157.349441, 66.269144 ], [ -157.377901, 66.268478 ], [ -157.406716, 66.257386 ], [ -157.415854, 66.247798 ], [ -157.435212, 66.250982 ], [ -157.452438, 66.263067 ], [ -157.45185, 66.272453 ], [ -157.470908, 66.286053 ], [ -157.505789, 66.299789 ], [ -157.516545, 66.302599 ], [ -157.544094, 66.309788 ], [ -157.572838, 66.321577 ], [ -157.602651, 66.331772 ], [ -157.624699, 66.333825 ], [ -157.626942, 66.333281 ], [ -157.655812, 66.326274 ], [ -157.684043, 66.313064 ], [ -157.722857, 66.296454 ], [ -157.745624, 66.290142 ], [ -157.752322, 66.28268 ], [ -157.748634, 66.268198 ], [ -157.75721, 66.255929 ], [ -157.761233, 66.250171 ], [ -157.773665, 66.247818 ], [ -157.799463, 66.24293 ], [ -157.843544, 66.225114 ], [ -157.903807, 66.203731 ], [ -157.963838, 66.192743 ], [ -157.998234, 66.198574 ], [ -158.016233, 66.212657 ], [ -158.013081, 66.227841 ], [ -158.020292, 66.244302 ], [ -158.052485, 66.252264 ], [ -158.116691, 66.240582 ], [ -158.169365, 66.223476 ], [ -158.236864, 66.213735 ], [ -158.281887, 66.205662 ], [ -158.309561, 66.19358 ], [ -158.312552, 66.192273 ], [ -158.330003, 66.188116 ], [ -158.374697, 66.189398 ], [ -158.431423, 66.19052 ], [ -158.448065, 66.190845 ], [ -158.515982, 66.183056 ], [ -158.590513, 66.173471 ], [ -158.612609, 66.1707 ], [ -158.628527, 66.161354 ], [ -158.630445, 66.143074 ], [ -158.636376, 66.128834 ], [ -158.642368, 66.126186 ], [ -158.668065, 66.114824 ], [ -158.683729, 66.099755 ], [ -158.681156, 66.085782 ], [ -158.662229, 66.074408 ], [ -158.636313, 66.068456 ], [ -158.59297, 66.07137 ], [ -158.559253, 66.07814 ], [ -158.526038, 66.076559 ], [ -158.451002, 66.085045 ], [ -158.390623, 66.087394 ], [ -158.367693, 66.077087 ], [ -158.354538, 66.060295 ], [ -158.346848, 66.040725 ], [ -158.340576, 66.027077 ], [ -158.322678, 66.003929 ], [ -158.321756, 66.001107 ], [ -158.304292, 65.993677 ], [ -158.310692, 65.980478 ], [ -158.292761, 65.96643 ], [ -158.296186, 65.958002 ], [ -158.28881, 65.946247 ], [ -158.296707, 65.927894 ], [ -158.319412, 65.914016 ], [ -158.355912, 65.90915 ], [ -158.408997, 65.902297 ], [ -158.415633, 65.880326 ], [ -158.396847, 65.860863 ], [ -158.370491, 65.822589 ], [ -158.359712, 65.803134 ], [ -158.368029, 65.754494 ], [ -158.371339, 65.72918 ], [ -158.385467, 65.702583 ], [ -158.395447, 65.681505 ], [ -158.420727, 65.65847 ], [ -158.463928, 65.641198 ], [ -158.518385, 65.62928 ], [ -158.567443, 65.619682 ], [ -158.639634, 65.611207 ], [ -158.698255, 65.615617 ], [ -158.747892, 65.616905 ], [ -158.783691, 65.608299 ], [ -158.792115, 65.585388 ], [ -158.761343, 65.558159 ], [ -158.743282, 65.532727 ], [ -158.716289, 65.520583 ], [ -158.708404, 65.506788 ], [ -158.757574, 65.471922 ], [ -158.76251, 65.466286 ], [ -158.77841, 65.458702 ], [ -158.810364, 65.444664 ], [ -158.838944, 65.430184 ], [ -158.856247, 65.425339 ], [ -158.911201, 65.417493 ], [ -158.970975, 65.412382 ], [ -159.036149, 65.411745 ], [ -159.097548, 65.417454 ], [ -159.133662, 65.417251 ], [ -159.145336, 65.414246 ], [ -159.176133, 65.400172 ], [ -159.219142, 65.385143 ], [ -159.235128, 65.377819 ], [ -159.276107, 65.37533 ], [ -159.3076, 65.37369 ], [ -159.322331, 65.366921 ], [ -159.322921, 65.356337 ], [ -159.361017, 65.360082 ], [ -159.398331, 65.357946 ], [ -159.398376, 65.357949 ], [ -159.437554, 65.359318 ], [ -159.462712, 65.349893 ], [ -159.515396, 65.32421 ], [ -159.53612, 65.312469 ], [ -159.551985, 65.304614 ], [ -159.575591, 65.306395 ], [ -159.608038, 65.320272 ], [ -159.614703, 65.325341 ], [ -159.639163, 65.341812 ], [ -159.669757, 65.353622 ], [ -159.710786, 65.36023 ], [ -159.749652, 65.366867 ], [ -159.797089, 65.382469 ], [ -159.808654, 65.388648 ], [ -159.813354, 65.391763 ], [ -159.861861, 65.406417 ], [ -159.912215, 65.40686 ], [ -159.948334, 65.407119 ], [ -159.975498, 65.395195 ], [ -160.024931, 65.377373 ], [ -160.081818, 65.368065 ], [ -160.125334, 65.367221 ], [ -160.131093, 65.368252 ], [ -160.166135, 65.37452 ], [ -160.168592, 65.383938 ], [ -160.171352, 65.394505 ], [ -160.179241, 65.404054 ], [ -160.199678, 65.407697 ], [ -160.230175, 65.401492 ], [ -160.269364, 65.38504 ], [ -160.294147, 65.38355 ], [ -160.333579, 65.386375 ], [ -160.391724, 65.387493 ], [ -160.443235, 65.393059 ], [ -160.478938, 65.403495 ], [ -160.482669, 65.404704 ], [ -160.50462, 65.411809 ], [ -160.50967, 65.419671 ], [ -160.504919, 65.434244 ], [ -160.518453, 65.442185 ], [ -160.538958, 65.445737 ], [ -160.545375, 65.446848 ], [ -160.580162, 65.44263 ], [ -160.613868, 65.431717 ], [ -160.64872, 65.417154 ], [ -160.686137, 65.413693 ], [ -160.779555, 65.421037 ], [ -160.813187, 65.418853 ], [ -160.822309, 65.397629 ], [ -160.811798, 65.376877 ], [ -160.797533, 65.352555 ], [ -160.814335, 65.339811 ], [ -160.849473, 65.341263 ], [ -160.884093, 65.354569 ], [ -160.90964, 65.357597 ], [ -160.942589, 65.358602 ], [ -160.955353, 65.371536 ], [ -160.957887, 65.38929 ], [ -160.95453, 65.411752 ], [ -160.962344, 65.435768 ], [ -161.001666, 65.457626 ], [ -161.037462, 65.469979 ], [ -161.115814, 65.480302 ], [ -161.147447, 65.464401 ], [ -161.165741, 65.454789 ], [ -161.167845, 65.454112 ], [ -161.195169, 65.448959 ], [ -161.229557, 65.443714 ], [ -161.23498, 65.439362 ], [ -161.242653, 65.433202 ], [ -161.278042, 65.427449 ], [ -161.327725, 65.417846 ], [ -161.354294, 65.405419 ], [ -161.365927, 65.380495 ], [ -161.367969, 65.378217 ], [ -161.392439, 65.350897 ], [ -161.4113, 65.333349 ], [ -161.454377, 65.322681 ], [ -161.471978, 65.322787 ], [ -161.50276, 65.32862 ], [ -161.554305, 65.34314 ], [ -161.559995, 65.351204 ], [ -161.570876, 65.377396 ], [ -161.594323, 65.400041 ], [ -161.647554, 65.403969 ], [ -161.726638, 65.405281 ], [ -161.783706, 65.418663 ], [ -161.820528, 65.43493 ], [ -161.853593, 65.442146 ], [ -161.902572, 65.446135 ], [ -161.933353, 65.452499 ], [ -161.97208, 65.46456 ], [ -162.001427, 65.474236 ], [ -162.014062, 65.478506 ], [ -162.01827, 65.489067 ], [ -162.024927, 65.503599 ], [ -162.027719, 65.509685 ], [ -162.044173, 65.517345 ], [ -162.069412, 65.524146 ], [ -162.128924, 65.530479 ], [ -162.184068, 65.530984 ], [ -162.220166, 65.529809 ], [ -162.226652, 65.529136 ], [ -162.287748, 65.514771 ], [ -162.350144, 65.501702 ], [ -162.422821, 65.496499 ], [ -162.457885, 65.490272 ], [ -162.502383, 65.476886 ], [ -162.530905, 65.463585 ], [ -162.565463, 65.458925 ], [ -162.615595, 65.462359 ], [ -162.661102, 65.46919 ], [ -162.702103, 65.47988 ], [ -162.733826, 65.500261 ], [ -162.738861, 65.503289 ], [ -162.771071, 65.509894 ], [ -162.80986, 65.500701 ], [ -162.858094, 65.484284 ], [ -162.887192, 65.476342 ], [ -162.912705, 65.472191 ], [ -162.969514, 65.47557 ], [ -163.025342, 65.484452 ], [ -163.069305, 65.489197 ], [ -163.12065, 65.477601 ], [ -163.143219, 65.465287 ], [ -163.165837, 65.44837 ], [ -163.249895, 65.450579 ], [ -163.276139, 65.474289 ], [ -163.296844, 65.492715 ], [ -163.323469, 65.512733 ], [ -163.364211, 65.52211 ], [ -163.381085, 65.528304 ], [ -163.374968, 65.540001 ], [ -163.363187, 65.560631 ], [ -163.359637, 65.578651 ], [ -163.367402, 65.602623 ], [ -163.38342, 65.623978 ], [ -163.3833, 65.637733 ], [ -163.354979, 65.653991 ], [ -163.326872, 65.666565 ], [ -163.313645, 65.681298 ], [ -163.330033, 65.689811 ], [ -163.367705, 65.689697 ], [ -163.413223, 65.685127 ], [ -163.458572, 65.684677 ], [ -163.498612, 65.694513 ], [ -163.530457, 65.702384 ], [ -163.562973, 65.708398 ], [ -163.600659, 65.7174 ], [ -163.64157, 65.725799 ], [ -163.695283, 65.736406 ], [ -163.737791, 65.746544 ], [ -163.769658, 65.754322 ], [ -163.814112, 65.761807 ], [ -163.857465, 65.764397 ], [ -163.881613, 65.760572 ], [ -163.907017, 65.751706 ], [ -163.95014, 65.725908 ], [ -163.973075, 65.709535 ], [ -164.006285, 65.696534 ], [ -164.028261, 65.69598 ], [ -164.062383, 65.700021 ], [ -164.097131, 65.710321 ], [ -164.133637, 65.7241 ], [ -164.170149, 65.745238 ], [ -164.205368, 65.760635 ], [ -164.2558, 65.774437 ], [ -164.300172, 65.786195 ], [ -164.341279, 65.793962 ], [ -164.385708, 65.797432 ], [ -164.434417, 65.796112 ], [ -164.478922, 65.801114 ], [ -164.534137, 65.811715 ], [ -164.564636, 65.827232 ], [ -164.578153, 65.78611 ], [ -164.603811, 65.763579 ], [ -164.647489, 65.744737 ], [ -164.694133, 65.736493 ], [ -164.744244, 65.739711 ], [ -164.784604, 65.750371 ], [ -164.811987, 65.764655 ], [ -164.843909, 65.770943 ], [ -164.903301, 65.770291 ], [ -165.011419, 65.760266 ], [ -165.013626, 65.76006 ], [ -165.11483, 65.746807 ], [ -165.124066, 65.744843 ], [ -165.179598, 65.733018 ], [ -165.207927, 65.723254 ], [ -165.220456, 65.714205 ], [ -165.223021, 65.698223 ], [ -165.226005, 65.687624 ], [ -165.235612, 65.682399 ], [ -165.266623, 65.684605 ], [ -165.315237, 65.696322 ], [ -165.316671, 65.69775 ], [ -165.334221, 65.715209 ], [ -165.373791, 65.739774 ], [ -165.399601, 65.750472 ], [ -165.423513, 65.76447 ], [ -165.445057, 65.787673 ], [ -165.470002, 65.801138 ], [ -165.509846, 65.809859 ], [ -165.553596, 65.825498 ], [ -165.567103, 65.836209 ], [ -165.581053, 65.838758 ], [ -165.598964, 65.83818 ], [ -165.616547, 65.834504 ], [ -165.666274, 65.835968 ], [ -165.71266, 65.832273 ], [ -165.791829, 65.823883 ], [ -165.823824, 65.819314 ], [ -165.84743, 65.815938 ], [ -165.880318, 65.801169 ], [ -165.915237, 65.794363 ], [ -165.953121, 65.792737 ], [ -165.980829, 65.786484 ], [ -165.993659, 65.780499 ], [ -166.001601, 65.770382 ], [ -166.010631, 65.766503 ], [ -166.038402, 65.764752 ], [ -166.071509, 65.765733 ], [ -166.105843, 65.758023 ], [ -166.128863, 65.739461 ], [ -166.136729, 65.72086 ], [ -166.138358, 65.717008 ], [ -166.142965, 65.690428 ], [ -166.142476, 65.670132 ], [ -166.145036, 65.657274 ], [ -166.173191, 65.636935 ], [ -166.204787, 65.619214 ], [ -166.20989, 65.61635 ], [ -166.227196, 65.603201 ], [ -166.268316, 65.590376 ], [ -166.314845, 65.58478 ], [ -166.404543, 65.574271 ], [ -166.440519, 65.567693 ], [ -166.474259, 65.565811 ], [ -166.506737, 65.566057 ], [ -166.576396, 65.572252 ], [ -166.65118, 65.57233 ], [ -166.694285, 65.577755 ], [ -166.725125, 65.585559 ], [ -166.75041, 65.596542 ], [ -166.767453, 65.604149 ], [ -166.806823, 65.609409 ], [ -166.833069, 65.609442 ], [ -166.873341, 65.60375 ], [ -166.898019, 65.601191 ], [ -166.904467, 65.601747 ], [ -166.934923, 65.604368 ], [ -166.956016, 65.606178 ], [ -166.969218, 65.603234 ], [ -166.990896, 65.589604 ], [ -167.021921, 65.5729 ], [ -167.046453, 65.559918 ], [ -167.079124, 65.548035 ], [ -167.103608, 65.543193 ], [ -167.135322, 65.539979 ], [ -167.140924, 65.537323 ], [ -167.157547, 65.529439 ], [ -167.195286, 65.523875 ], [ -167.228948, 65.521828 ], [ -167.252928, 65.502063 ], [ -167.265997, 65.492225 ], [ -167.266548, 65.491809 ], [ -167.291487, 65.487798 ], [ -167.320281, 65.492043 ], [ -167.351132, 65.50561 ], [ -167.368742, 65.519895 ], [ -167.37752, 65.529984 ], [ -167.403549, 65.52767 ], [ -167.423706, 65.52995 ], [ -167.444623, 65.529443 ], [ -167.484517, 65.521346 ], [ -167.504726, 65.517723 ], [ -167.519785, 65.518033 ], [ -167.601107, 65.528671 ], [ -167.659654, 65.536293 ], [ -167.707079, 65.540947 ], [ -167.73955, 65.544304 ], [ -167.785916, 65.549012 ], [ -167.824006, 65.552429 ], [ -167.853773, 65.557328 ], [ -167.874163, 65.563789 ], [ -167.900164, 65.573097 ], [ -167.918762, 65.580597 ], [ -167.951128, 65.589004 ], [ -167.986388, 65.590736 ], [ -168.029785, 65.593261 ], [ -168.087238, 65.604579 ], [ -168.087238, 65.604579 ], [ -168.994063, 65.620162 ], [ -169.016202, 65.482719 ], [ -179.393889, 60.412222 ], [ -179.675, 60.253889 ], [ -179.780278, 60.194167 ], [ -179.681944, 59.972778 ], [ -179.496073, 59.638379 ], [ -179.187842, 59.236251 ], [ -178.788574, 58.856705 ], [ -178.398229, 58.503508 ], [ -177.868783, 58.131291 ], [ -177.210844, 57.776645 ], [ -176.54522, 57.49812 ], [ -176.531892, 57.03778 ], [ -176.399217, 56.527362 ], [ -176.147564, 56.03195 ], [ -175.818299, 55.613794 ], [ -176.543271, 55.461967 ], [ -177.441509, 55.35604 ], [ -178.050981, 55.248325 ], [ -178.798373, 55.223721 ], [ -179.397215, 55.305766 ], [ -180.0, 55.349023 ], [ -180.0, 47.923802 ], [ -179.551482, 47.887252 ], [ -178.933311, 47.879128 ], [ -178.342226, 47.916976 ], [ -177.904669, 47.974457 ], [ -177.498873, 48.051275 ], [ -177.102802, 48.149512 ], [ -176.73389, 48.263461 ], [ -176.285728, 48.287895 ], [ -175.68249, 48.357848 ], [ -175.069632, 48.469128 ], [ -174.532099, 48.606905 ], [ -174.172936, 48.683891 ], [ -173.865163, 48.700242 ], [ -173.273057, 48.677953 ], [ -172.745619, 48.68743 ], [ -172.172309, 48.736928 ], [ -171.609537, 48.826791 ], [ -170.992502, 48.976037 ], [ -170.406608, 49.158761 ], [ -169.650784, 49.271512 ], [ -168.875351, 49.439367 ], [ -168.341549, 49.481324 ], [ -167.793011, 49.561299 ], [ -166.787112, 49.80993 ], [ -166.170869, 49.962588 ], [ -165.660952, 50.128178 ], [ -165.143518, 50.26205 ], [ -164.49917, 50.416926 ], [ -163.829511, 50.641072 ], [ -163.206236, 50.919365 ], [ -162.992676, 50.966246 ], [ -162.700502, 50.963733 ], [ -162.33177, 50.968394 ], [ -162.016582, 50.984401 ], [ -161.599098, 51.021007 ], [ -161.211791, 51.072486 ], [ -160.730227, 51.16187 ], [ -160.213679, 51.291347 ], [ -159.787386, 51.42714 ], [ -159.243094, 51.428844 ], [ -158.713435, 51.461615 ], [ -158.096767, 51.539371 ], [ -155.444241, 52.424108 ], [ -154.918867, 52.447317 ], [ -154.381513, 52.501303 ], [ -153.723862, 52.61099 ], [ -153.089504, 52.766264 ], [ -152.486605, 52.965173 ], [ -151.815978, 53.257865 ], [ -151.303758, 53.544519 ], [ -150.847085, 53.691935 ], [ -150.283665, 53.913731 ], [ -149.681631, 54.215464 ], [ -149.204091, 54.520331 ], [ -148.639472, 54.733539 ], [ -148.071642, 55.00238 ], [ -147.493793, 55.352694 ], [ -147.03148, 55.716633 ], [ -146.692849, 56.062174 ], [ -146.168125, 56.060137 ], [ -145.634807, 56.082386 ], [ -144.989537, 56.142695 ], [ -144.3467, 56.239557 ], [ -143.730864, 56.367601 ], [ -143.163544, 56.52203 ], [ -142.822869, 56.568811 ], [ -142.716259, 56.548778 ], [ -142.344355, 56.434996 ] ] ], [ [ [ 173.992027, 56.280699 ], [ 167.64208, 51.369269 ], [ 168.067325, 50.968122 ], [ 168.6859, 50.538815 ], [ 169.370815, 50.190868 ], [ 169.900706, 49.873341 ], [ 170.661264, 49.534617 ], [ 171.469868, 49.289485 ], [ 172.623686, 49.081323 ], [ 173.528953, 49.018197 ], [ 174.411466, 49.049754 ], [ 175.014373, 48.826737 ], [ 175.667786, 48.65331 ], [ 176.495146, 48.520888 ], [ 177.117897, 48.310647 ], [ 177.868611, 48.136234 ], [ 178.624543, 48.040019 ], [ 179.367605, 48.017466 ], [ 180.0, 47.923802 ], [ 180.0, 55.349023 ], [ 179.132731, 55.344322 ], [ 178.620225, 55.408347 ], [ 178.099332, 55.45029 ], [ 177.529783, 55.566991 ], [ 176.889001, 55.660484 ], [ 176.398722, 55.795313 ], [ 175.875431, 55.909692 ], [ 175.282621, 56.07422 ], [ 174.608357, 56.205611 ], [ 173.992027, 56.280699 ] ] ] ] } }
]
}
